source,target
B0P,P
F0S,S
A0S,S
F1S,S
F0P,P
F2S,S
G0S,S
F3S,S
B1P,P
F1P,P
G1S,S
F2P,P
F999P,P
F3P,P
F4P,P
F5P,P
G0P,P
F6P,P
E0S,S
D0P,P
C2S,S
F6S,S
C0P,P
F8P,P
G4S,S
F9P,P
D1S,S
D1P,P
F8S,S
F10S,S
G1P,P
G2P,P
B3P,P
G3P,P
F10P,P
E1S,S
E2S,S
G6S,S
F11S,S
A1S,S
G7S,S
F12S,S
F13S,S
F14S,S
E3S,S
G6P,P
G10S,S
F15S,S
E4S,S
F16S,S
F13P,P
F14P,P
F17S,S
D3P,P
C3S,S
F18S,S
F15P,P
C4S,S
G13S,S
F16P,P
G14S,S
C5S,S
F17P,P
E5S,S
G15S,S
G16S,S
F20S,S
G9P,P
A2S,S
G11P,P
F19P,P
G12P,P
F23S,S
F24S,S
G18S,S
F21P,P
D2S,S
G19S,S
B5P,P
E6S,S
B1S,S
F23P,P
G20S,S
F24P,P
D4P,P
A0P,P
F25P,P
G21S,S
F27P,P
F27S,S
E7S,S
D3S,S
E8S,S
G22S,S
F29S,S
D5S,S
G17P,P
G23S,S
G18P,P
E5P,P
C6S,S
G19P,P
F29P,P
F30P,P
F31S,S
G25S,S
G26S,S
F31P,P
G27S,S
G20P,P
F32P,P
G22P,P
B8P,P
G28S,S
F37P,P
F35S,S
G23P,P
E10S,S
G30S,S
G24P,P
E11S,S
F38P,P
B2S,S
D6S,S
G26P,P
G27P,P
C3P,P
F36S,S
G28P,P
G31S,S
E8P,P
G32S,S
G29P,P
F41P,P
F42P,P
D5P,P
C5P,P
G30P,P
G33S,S
G31P,P
B3S,S
B9P,P
A2P,P
C8S,S
G34S,S
C9S,S
G32P,P
D6P,P
F44P,P
E9P,P
F45P,P
F46P,P
F40S,S
F47P,P
G36P,P
G37P,P
E10P,P
F48P,P
E13S,S
F41S,S
E14S,S
G35S,S
F42S,S
G38P,P
F43S,S
F44S,S
G36S,S
F45S,S
F50P,P
B11P,P
F52P,P
E11P,P
F46S,S
G37S,S
F47S,S
C6P,P
D8P,P
C10S,S
G38S,S
C11S,S
F53P,P
G42P,P
F54P,P
A3S,S
F49S,S
F50S,S
E16S,S
F56P,P
G43P,P
D8S,S
F51S,S
F52S,S
F59P,P
D9S,S
F61P,P
G45P,P
F63P,P
F54S,S
G46P,P
F64P,P
E16P,P
F65P,P
B12P,P
F55S,S
C12S,S
B7S,S
D10S,S
B8S,S
G47P,P
A3P,P
F67P,P
G41S,S
E18S,S
C7P,P
E19S,S
F59S,S
F60S,S
F68P,P
G50P,P
G51P,P
G42S,S
B9S,S
G44S,S
F61S,S
G45S,S
G53P,P
G47S,S
C14S,S
F72P,P
F73P,P
F62S,S
F74P,P
F63S,S
G48S,S
B10S,S
G57P,P
F76P,P
E21S,S
G59P,P
F64S,S
D12P,P
G60P,P
F78P,P
B15P,P
F65S,S
G50S,S
F66S,S
F67S,S
F68S,S
G51S,S
F82P,P
G53S,S
F83P,P
F84P,P
F85P,P
G62P,P
E22P,P
G54S,S
C15S,S
B11S,S
G63P,P
B16P,P
G64P,P
G55S,S
G56S,S
G65P,P
G66P,P
G57S,S
E23P,P
C9P,P
E24P,P
B17P,P
G59S,S
F69S,S
D13S,S
D14S,S
D15S,S
D13P,P
F89P,P
G69P,P
F90P,P
E25P,P
F71S,S
F72S,S
F91P,P
C11P,P
F92P,P
G60S,S
B18P,P
B19P,P
F96P,P
E26P,P
C16S,S
A5S,S
F75S,S
F97P,P
F76S,S
B20P,P
F77S,S
G62S,S
G63S,S
F78S,S
B13S,S
C13P,P
F79S,S
F98P,P
D15P,P
F99P,P
F80S,S
E25S,S
B21P,P
F81S,S
E27P,P
G71P,P
G64S,S
E26S,S
B14S,S
B15S,S
F83S,S
G72P,P
D16S,S
F84S,S
G65S,S
E27S,S
F85S,S
G66S,S
G67S,S
F100P,P
E28P,P
F101P,P
F86S,S
B22P,P
F87S,S
G69S,S
E29P,P
F103P,P
E30P,P
G74P,P
G70S,S
E28S,S
F88S,S
B17S,S
C19S,S
G76P,P
G71S,S
B18S,S
F89S,S
E29S,S
D19P,P
E32P,P
F90S,S
E31S,S
B19S,S
F91S,S
G74S,S
C16P,P
D18S,S
G78P,P
B20S,S
A6S,S
F109P,P
F92S,S
G77S,S
G78S,S
E32S,S
E33P,P
E33S,S
F93S,S
C17P,P
G81P,P
G82P,P
D21P,P
B23P,P
G83P,P
F110P,P
C18P,P
F95S,S
G84P,P
F111P,P
F96S,S
F97S,S
E36S,S
D19S,S
F98S,S
F99S,S
G80S,S
C21S,S
C19P,P
C20P,P
F100S,S
F102S,S
G81S,S
F103S,S
G82S,S
F114P,P
B24P,P
F115P,P
E37S,S
G83S,S
D20S,S
F116P,P
C22S,S
C21P,P
F105S,S
F117P,P
E34P,P
F107S,S
G86P,P
F108S,S
G85S,S
G87P,P
E38S,S
F118P,P
F109S,S
F120P,P
D22P,P
D23P,P
F121P,P
G89P,P
E35P,P
G90P,P
G86S,S
D24P,P
G87S,S
E39S,S
F123P,P
G91P,P
G89S,S
F124P,P
C23S,S
F125P,P
E36P,P
F126P,P
C22P,P
G94P,P
F128P,P
F129P,P
G90S,S
B25P,P
G91S,S
G92S,S
G95P,P
F131P,P
C24S,S
G93S,S
F133P,P
G96P,P
F112S,S
F113S,S
D25P,P
F135P,P
G94S,S
E43S,S
F136P,P
E44S,S
B28P,P
F137P,P
F114S,S
C25S,S
F138P,P
E38P,P
G98P,P
C26S,S
F115S,S
G95S,S
E45S,S
E39P,P
G101P,P
F117S,S
G97S,S
F118S,S
G98S,S
G99S,S
C23P,P
F140P,P
E46S,S
F141P,P
F142P,P
F143P,P
G102P,P
G103P,P
G101S,S
G102S,S
G103S,S
G104S,S
G105P,P
F121S,S
F144P,P
F145P,P
E41P,P
F146P,P
D30P,P
D23S,S
E48S,S
B25S,S
F122S,S
E49S,S
F123S,S
C27S,S
G107S,S
F147P,P
F126S,S
D24S,S
D25S,S
F127S,S
G108S,S
G107P,P
F149P,P
G109S,S
A7S,S
E42P,P
F150P,P
E50S,S
G109P,P
E43P,P
E44P,P
F132S,S
G111P,P
F133S,S
F134S,S
E53S,S
F153P,P
F154P,P
F156P,P
C28S,S
F157P,P
C24P,P
G111S,S
G112S,S
F140S,S
A4P,P
D31P,P
B27S,S
D33P,P
C26P,P
G114S,S
G115S,S
F142S,S
G116S,S
B32P,P
B28S,S
G117S,S
G112P,P
E56S,S
F143S,S
F161P,P
A5P,P
F162P,P
G118S,S
F163P,P
C33S,S
F165P,P
G113P,P
G114P,P
F166P,P
A8S,S
G119S,S
G115P,P
G117P,P
F144S,S
F145S,S
D28S,S
F146S,S
F147S,S
A6P,P
F148S,S
C29P,P
F149S,S
G120S,S
E57S,S
F151S,S
F152S,S
F169P,P
E59S,S
E60S,S
G119P,P
B29S,S
G121S,S
F154S,S
G122S,S
F156S,S
G123S,S
F158S,S
G120P,P
F159S,S
F170P,P
F171P,P
F173P,P
G124S,S
F160S,S
B30S,S
G123P,P
B31S,S
G125S,S
F175P,P
B32S,S
E62S,S
F176P,P
A9S,S
G127S,S
E48P,P
G129S,S
B35S,S
F163S,S
G130S,S
F164S,S
G126P,P
A10S,S
F180P,P
F165S,S
G131S,S
F166S,S
C30P,P
D31S,S
D32S,S
G127P,P
G133S,S
C32P,P
F184P,P
G129P,P
G134S,S
F187P,P
G130P,P
F167S,S
F188P,P
G135S,S
C33P,P
D38P,P
F168S,S
B34P,P
G137S,S
F189P,P
B37S,S
E51P,P
G138S,S
E66S,S
F190P,P
G139S,S
B35P,P
C38S,S
B38S,S
E67S,S
F191P,P
B39S,S
G140S,S
G133P,P
F192P,P
G134P,P
F193P,P
C35P,P
F194P,P
F172S,S
E68S,S
G143S,S
G135P,P
G136P,P
F195P,P
F196P,P
G137P,P
F198P,P
G138P,P
G140P,P
G144S,S
F175S,S
F199P,P
G145S,S
E70S,S
F201P,P
E72S,S
G141P,P
B36P,P
F178S,S
F179S,S
E53P,P
F202P,P
G142P,P
G143P,P
E54P,P
E56P,P
G146S,S
F203P,P
B40S,S
G145P,P
G149S,S
G150S,S
F182S,S
E57P,P
F204P,P
G151S,S
E73S,S
G146P,P
F183S,S
G152S,S
D35S,S
F184S,S
G153S,S
F185S,S
C36P,P
F186S,S
C37P,P
D39P,P
G154S,S
F187S,S
A11S,S
G156S,S
E74S,S
C39S,S
G148P,P
G149P,P
G158S,S
F207P,P
F189S,S
F190S,S
G150P,P
F191S,S
F208P,P
F209P,P
G152P,P
F210P,P
G159S,S
F211P,P
F212P,P
F213P,P
F194S,S
G153P,P
G154P,P
G155P,P
F214P,P
G161S,S
G163S,S
G164S,S
F215P,P
C38P,P
F196S,S
G156P,P
F216P,P
F217P,P
F197S,S
F198S,S
F199S,S
F200S,S
F218P,P
C39P,P
F201S,S
G166S,S
F219P,P
B38P,P
F202S,S
F220P,P
G167S,S
T0P,P
B41S,S
G161P,P
G162P,P
E60P,P
G163P,P
F204S,S
F205S,S
F206S,S
F207S,S
G165P,P
G166P,P
E61P,P
G169S,S
D41P,P
F223P,P
D42P,P
F224P,P
G170S,S
E76S,S
F225P,P
F226P,P
E62P,P
F227P,P
F208S,S
F211S,S
C42S,S
B39P,P
E78S,S
E79S,S
G173S,S
G174S,S
E63P,P
F229P,P
B40P,P
B43S,S
E80S,S
E81S,S
D38S,S
E64P,P
G175S,S
B46S,S
G176S,S
G173P,P
G177S,S
F217S,S
F232P,P
B42P,P
C42P,P
G178S,S
G179S,S
F218S,S
G174P,P
B43P,P
F233P,P
G175P,P
B47S,S
B48S,S
C45S,S
F235P,P
B44P,P
C43P,P
F236P,P
E69P,P
F221S,S
E83S,S
G182S,S
G176P,P
F223S,S
C44P,P
F224S,S
B49S,S
F225S,S
F237P,P
E70P,P
E71P,P
G183S,S
F227S,S
F228S,S
G184S,S
C46P,P
E72P,P
F229S,S
F238P,P
B50S,S
F239P,P
B45P,P
E73P,P
B51S,S
F241P,P
G178P,P
G179P,P
G186S,S
F232S,S
G180P,P
F242P,P
G181P,P
G187S,S
G182P,P
F243P,P
E76P,P
G188S,S
E87S,S
G183P,P
C48S,S
F244P,P
E89S,S
F245P,P
G189S,S
E77P,P
C49S,S
G184P,P
F236S,S
F237S,S
F246P,P
C50S,S
B53S,S
E78P,P
F238S,S
C48P,P
A9P,P
G185P,P
F239S,S
F240S,S
D44S,S
F241S,S
F242S,S
E92S,S
A10P,P
F243S,S
G186P,P
C49P,P
F244S,S
E79P,P
G191S,S
E80P,P
G189P,P
F246S,S
F254P,P
G190P,P
C50P,P
F257P,P
G193S,S
G191P,P
G194S,S
F247S,S
F258P,P
F248S,S
F259P,P
G192P,P
G195S,S
F260P,P
B55S,S
F261P,P
A14S,S
F250S,S
F251S,S
D45S,S
E82P,P
B56S,S
G193P,P
E94S,S
F264P,P
C52S,S
F265P,P
D43P,P
G194P,P
E95S,S
F266P,P
G196P,P
F267P,P
G199S,S
E97S,S
F257S,S
G198P,P
D46S,S
G200S,S
E98S,S
F269P,P
G199P,P
G201S,S
F258S,S
G203S,S
G200P,P
F260S,S
F271P,P
B57S,S
G206S,S
F261S,S
G202P,P
F272P,P
F262S,S
G203P,P
G207S,S
D48S,S
E100S,S
F265S,S
B58S,S
G206P,P
G208P,P
E102S,S
D44P,P
G208S,S
F267S,S
G211P,P
C52P,P
G212P,P
F275P,P
F268S,S
C53S,S
G209S,S
E104S,S
D49S,S
E105S,S
G210S,S
F269S,S
G213P,P
G214P,P
E85P,P
G212S,S
G215P,P
F276P,P
F270S,S
G214S,S
F271S,S
G216P,P
F272S,S
G217P,P
G218P,P
G215S,S
E86P,P
B60S,S
E106S,S
F278P,P
G216S,S
F279P,P
G217S,S
G218S,S
F280P,P
D45P,P
G219P,P
C54S,S
F273S,S
E108S,S
F274S,S
B61S,S
B47P,P
F282P,P
G220P,P
D46P,P
F275S,S
E109S,S
F283P,P
G221P,P
G219S,S
G222P,P
G223P,P
E89P,P
F279S,S
D52S,S
F280S,S
G220S,S
G225P,P
C55S,S
G221S,S
G227P,P
D53S,S
C56S,S
C53P,P
G229P,P
D54S,S
B62S,S
E110S,S
G223S,S
F285P,P
G230P,P
G224S,S
G231P,P
F282S,S
G233P,P
E111S,S
F287P,P
F289P,P
F290P,P
E91P,P
E93P,P
F291P,P
E94P,P
G229S,S
D47P,P
G240P,P
F292P,P
F285S,S
F295P,P
F287S,S
G230S,S
F288S,S
G243P,P
D48P,P
F298P,P
F289S,S
G231S,S
E95P,P
F291S,S
B63S,S
F293S,S
G235S,S
F295S,S
B64S,S
G236S,S
F299P,P
F300P,P
D49P,P
D50P,P
A16S,S
G237S,S
B65S,S
G244P,P
F297S,S
A17S,S
C55P,P
F298S,S
F299S,S
C56P,P
G245P,P
F301S,S
B50P,P
C58S,S
E96P,P
G240S,S
A18S,S
G247P,P
G242S,S
F305P,P
F306P,P
F303S,S
F304S,S
B53P,P
G248P,P
F308P,P
G249P,P
F309P,P
D56S,S
E97P,P
F310P,P
E98P,P
F311P,P
G246S,S
F312P,P
F314P,P
G251P,P
G252P,P
E99P,P
D57S,S
C60S,S
E114S,S
G253P,P
C57P,P
B54P,P
G254P,P
C58P,P
G255P,P
F307S,S
F317P,P
G256P,P
G257P,P
E116S,S
F319P,P
G248S,S
E101P,P
F321P,P
F322P,P
G259P,P
D53P,P
G249S,S
F308S,S
F323P,P
G250S,S
C59P,P
F324P,P
B71S,S
G252S,S
F309S,S
E118S,S
C62S,S
G261P,P
G253S,S
F325P,P
G254S,S
G255S,S
E119S,S
G262P,P
F327P,P
G264P,P
F328P,P
G265P,P
G258S,S
G266P,P
A19S,S
F310S,S
F311S,S
G267P,P
F312S,S
F313S,S
E122S,S
A20S,S
F314S,S
G268P,P
D59S,S
F316S,S
F317S,S
G269P,P
B73S,S
F318S,S
F330P,P
G260S,S
G270P,P
E103P,P
G261S,S
F331P,P
G272P,P
F334P,P
E124S,S
G262S,S
F335P,P
F321S,S
G263S,S
G264S,S
B55P,P
G274P,P
E125S,S
F336P,P
B74S,S
D60S,S
E126S,S
F338P,P
F326S,S
D61S,S
E127S,S
G276P,P
F327S,S
F339P,P
G277P,P
G265S,S
G266S,S
E105P,P
G278P,P
F341P,P
E128S,S
A21S,S
F328S,S
F342P,P
D54P,P
G280P,P
F343P,P
E106P,P
G281P,P
F344P,P
G283P,P
G284P,P
E129S,S
G268S,S
G269S,S
G270S,S
D55P,P
E130S,S
F331S,S
G271S,S
G287P,P
G288P,P
F333S,S
G272S,S
G273S,S
F334S,S
G274S,S
F336S,S
F347P,P
E132S,S
G275S,S
E133S,S
F337S,S
E134S,S
F338S,S
C65S,S
G276S,S
F339S,S
B75S,S
G291P,P
F348P,P
E135S,S
G277S,S
G278S,S
G279S,S
F349P,P
C66S,S
F341S,S
G281S,S
E107P,P
F342S,S
F352P,P
C67S,S
B57P,P
E137S,S
G295P,P
G283S,S
E109P,P
F354P,P
F355P,P
G284S,S
E138S,S
B58P,P
F346S,S
F356P,P
G285S,S
F347S,S
F357P,P
F358P,P
C68S,S
F349S,S
G297P,P
G298P,P
G299P,P
F351S,S
F352S,S
F361P,P
D56P,P
G288S,S
C61P,P
F354S,S
F362P,P
F365P,P
E112P,P
F355S,S
G289S,S
F366P,P
G290S,S
G291S,S
F367P,P
F356S,S
G302P,P
A22S,S
G303P,P
E113P,P
F368P,P
D63S,S
F357S,S
A13P,P
F358S,S
F370P,P
D64S,S
G292S,S
F371P,P
F372P,P
C70S,S
E139S,S
G293S,S
G305P,P
F374P,P
G306P,P
F375P,P
D58P,P
F376P,P
F377P,P
C71S,S
E140S,S
E141S,S
G295S,S
F361S,S
F378P,P
G307P,P
G308P,P
E142S,S
D59P,P
C72S,S
G296S,S
G297S,S
A14P,P
G298S,S
G309P,P
F364S,S
G299S,S
D60P,P
E115P,P
G300S,S
E116P,P
D61P,P
A23S,S
E117P,P
G303S,S
C65P,P
G304S,S
G305S,S
D66S,S
E144S,S
C73S,S
E118P,P
G307S,S
F368S,S
F369S,S
F385P,P
D62P,P
F386P,P
F370S,S
G312P,P
E120P,P
G313P,P
F372S,S
F374S,S
E121P,P
F387P,P
D68S,S
G309S,S
C66P,P
E122P,P
G315P,P
F390P,P
G316P,P
F391P,P
C74S,S
G318P,P
G319P,P
C75S,S
F375S,S
A24S,S
D63P,P
G310S,S
B82S,S
F393P,P
G311S,S
F376S,S
G312S,S
E124P,P
G320P,P
F394P,P
G321P,P
F378S,S
E146S,S
F379S,S
F380S,S
E125P,P
G314S,S
F381S,S
G315S,S
F383S,S
C76S,S
F396P,P
G323P,P
F386S,S
G317S,S
A25S,S
B59P,P
G324P,P
G318S,S
B60P,P
F398P,P
F387S,S
B83S,S
F390S,S
G322S,S
E150S,S
G323S,S
F399P,P
F391S,S
F400P,P
F402P,P
F393S,S
F404P,P
B85S,S
G327P,P
F394S,S
F395S,S
F396S,S
G324S,S
G328P,P
E126P,P
E151S,S
C68P,P
C69P,P
G330P,P
G331P,P
F407P,P
G333P,P
G327S,S
D65P,P
F398S,S
G328S,S
F410P,P
G329S,S
C70P,P
E127P,P
C78S,S
F401S,S
D69S,S
F402S,S
G334P,P
F411P,P
G335P,P
F407S,S
A16P,P
C72P,P
A26S,S
F408S,S
F409S,S
G331S,S
F412P,P
F413P,P
F414P,P
D70S,S
E153S,S
F410S,S
F415P,P
F411S,S
F412S,S
B86S,S
D71S,S
F413S,S
C79S,S
F414S,S
G335S,S
G336S,S
G338P,P
G339P,P
F417P,P
F418P,P
B87S,S
D72S,S
G339S,S
G340P,P
D73S,S
G341P,P
G342P,P
G341S,S
G343P,P
F415S,S
F419P,P
G344P,P
F420P,P
F421P,P
E128P,P
D74S,S
F416S,S
F422P,P
E129P,P
G343S,S
F423P,P
G344S,S
F417S,S
F424P,P
E130P,P
F418S,S
F419S,S
G345S,S
F425P,P
E155S,S
F420S,S
B89S,S
G346P,P
F426P,P
G347P,P
G348P,P
F421S,S
F423S,S
F424S,S
F429P,P
F425S,S
G349P,P
B63P,P
F431P,P
F427S,S
F433P,P
G351P,P
G347S,S
G352P,P
G348S,S
F435P,P
C80S,S
F428S,S
B64P,P
F429S,S
G350S,S
F437P,P
F438P,P
G354P,P
F430S,S
F431S,S
F439P,P
G352S,S
F440P,P
B65P,P
E156S,S
F442P,P
D75S,S
F443P,P
D76S,S
B90S,S
E157S,S
F432S,S
G354S,S
F433S,S
G355S,S
F434S,S
F445P,P
A27S,S
G357S,S
G355P,P
G358S,S
F435S,S
G356P,P
E158S,S
F437S,S
E159S,S
F438S,S
G359P,P
F448P,P
E134P,P
D66P,P
F449P,P
C83S,S
A28S,S
F439S,S
F451P,P
G362P,P
A29S,S
G363P,P
G359S,S
F455P,P
C75P,P
G360S,S
C76P,P
B66P,P
G364P,P
F441S,S
G365P,P
F456P,P
F442S,S
F457P,P
E161S,S
G366P,P
F458P,P
F459P,P
G367P,P
E162S,S
C79P,P
F460P,P
G362S,S
C80P,P
B91S,S
B92S,S
E136P,P
F461P,P
F463P,P
F464P,P
E163S,S
F465P,P
G365S,S
F445S,S
F466P,P
G369P,P
F467P,P
F448S,S
C81P,P
F449S,S
G367S,S
A18P,P
F468P,P
G368S,S
C82P,P
D77S,S
G371P,P
D68P,P
G372P,P
G369S,S
F469P,P
G370S,S
B67P,P
G371S,S
G372S,S
F470P,P
G373P,P
F450S,S
G373S,S
G374S,S
B68P,P
F472P,P
F453S,S
E137P,P
A30S,S
G376P,P
F474P,P
F475P,P
F454S,S
F455S,S
G378S,S
F477P,P
G377P,P
D78S,S
G379S,S
G380S,S
F457S,S
D80S,S
E139P,P
G379P,P
G380P,P
F481P,P
C85S,S
G381P,P
D71P,P
F482P,P
F483P,P
E141P,P
F484P,P
D81S,S
E166S,S
G383P,P
F459S,S
C83P,P
F487P,P
F488P,P
G383S,S
F461S,S
E142P,P
G384S,S
G385P,P
E143P,P
G386P,P
G387P,P
E168S,S
G386S,S
G387S,S
F490P,P
E169S,S
G388P,P
G389P,P
G388S,S
C86S,S
F465S,S
F492P,P
G390P,P
G391P,P
F493P,P
G392P,P
G390S,S
T1P,P
G391S,S
G393P,P
G394P,P
E145P,P
G395P,P
G393S,S
F466S,S
B94S,S
F497P,P
F498P,P
F499P,P
C84P,P
F467S,S
F501P,P
F503P,P
F504P,P
F468S,S
F505P,P
D72P,P
F506P,P
E170S,S
F507P,P
F508P,P
E146P,P
G395S,S
F470S,S
E147P,P
F510P,P
F471S,S
G399P,P
G400P,P
F511P,P
G402P,P
G396S,S
G397S,S
E171S,S
F472S,S
D83S,S
G398S,S
G403P,P
E173S,S
F475S,S
C85P,P
F512P,P
C86P,P
G404P,P
F476S,S
F477S,S
F513P,P
D85S,S
B72P,P
G401S,S
F480S,S
F481S,S
E176S,S
C89S,S
G403S,S
G404S,S
F516P,P
E149P,P
A19P,P
D86S,S
F483S,S
F517P,P
C91S,S
B96S,S
G406P,P
C87P,P
F485S,S
C88P,P
E151P,P
F520P,P
B73P,P
D74P,P
B74P,P
G405S,S
F487S,S
F488S,S
G407P,P
F489S,S
B75P,P
G409P,P
E152P,P
E177S,S
B77P,P
E153P,P
B97S,S
G410P,P
F491S,S
A20P,P
G407S,S
F522P,P
G411P,P
F523P,P
F492S,S
G408S,S
D87S,S
B78P,P
C92S,S
F525P,P
G412P,P
E178S,S
F526P,P
E179S,S
F527P,P
E155P,P
G414P,P
C93S,S
C90P,P
F496S,S
F498S,S
G412S,S
E156P,P
F531P,P
G415P,P
G417P,P
G419P,P
C91P,P
G420P,P
F499S,S
G413S,S
D75P,P
G421P,P
B98S,S
F533P,P
D76P,P
D77P,P
F534P,P
F500S,S
F535P,P
F536P,P
E158P,P
D88S,S
F537P,P
B99S,S
G416S,S
F541P,P
G424P,P
E159P,P
F504S,S
F505S,S
F542P,P
G426P,P
E160P,P
F543P,P
F544P,P
A21P,P
G427P,P
F545P,P
G428P,P
F508S,S
D78P,P
G419S,S
E181S,S
F510S,S
G420S,S
G430P,P
F511S,S
C95S,S
B80P,P
F547P,P
G421S,S
D79P,P
G431P,P
B100S,S
F513S,S
G422S,S
F514S,S
F549P,P
E182S,S
F550P,P
F515S,S
G423S,S
F551P,P
F552P,P
E183S,S
E184S,S
F516S,S
G424S,S
G432P,P
F554P,P
F555P,P
C97S,S
B81P,P
D90S,S
F517S,S
G426S,S
G434P,P
A32S,S
B83P,P
G435P,P
F556P,P
F557P,P
E185S,S
F558P,P
A22P,P
E186S,S
D91S,S
C94P,P
F520S,S
G428S,S
G437P,P
G429S,S
F521S,S
B102S,S
B103S,S
F522S,S
F523S,S
B105S,S
G438P,P
F561P,P
G431S,S
B106S,S
G439P,P
F563P,P
D93S,S
C99S,S
F564P,P
F565P,P
G440P,P
F525S,S
G432S,S
G433S,S
F527S,S
G435S,S
F567P,P
D81P,P
C100S,S
E187S,S
G442P,P
E163P,P
E164P,P
F528S,S
F568P,P
F569P,P
F570P,P
F529S,S
F571P,P
F530S,S
G444P,P
E165P,P
E188S,S
E166P,P
B85P,P
F572P,P
G446P,P
E167P,P
G438S,S
G439S,S
E168P,P
E189S,S
F532S,S
F533S,S
G442S,S
F573P,P
G443S,S
G444S,S
D94S,S
F575P,P
D82P,P
F576P,P
F578P,P
G447P,P
D83P,P
G448P,P
C102S,S
E190S,S
F535S,S
G449P,P
G450P,P
B86P,P
G446S,S
E169P,P
C103S,S
F536S,S
F580P,P
A23P,P
G447S,S
B87P,P
F581P,P
F582P,P
D95S,S
E171P,P
G452P,P
G453P,P
G454P,P
F537S,S
F538S,S
G449S,S
G455P,P
F584P,P
F585P,P
F586P,P
G457P,P
G458P,P
G450S,S
F587P,P
C104S,S
F539S,S
C96P,P
D86P,P
E173P,P
C105S,S
A24P,P
F588P,P
E174P,P
C107S,S
F540S,S
E175P,P
G452S,S
G464P,P
G465P,P
F544S,S
F591P,P
C108S,S
F545S,S
C109S,S
C98P,P
F546S,S
F547S,S
E193S,S
G466P,P
D88P,P
C110S,S
D89P,P
E176P,P
G467P,P
G454S,S
B88P,P
G455S,S
E194S,S
B107S,S
G456S,S
F592P,P
F593P,P
G468P,P
G457S,S
G458S,S
F595P,P
D90P,P
G459S,S
F597P,P
B89P,P
G460S,S
G469P,P
F598P,P
G470P,P
F599P,P
G461S,S
F600P,P
F601P,P
G471P,P
G462S,S
G463S,S
F552S,S
G464S,S
F553S,S
G473P,P
F602P,P
E178P,P
F603P,P
D96S,S
F555S,S
F606P,P
F609P,P
F611P,P
B92P,P
G467S,S
G474P,P
F557S,S
T2P,P
G468S,S
C100P,P
F615P,P
G477P,P
F558S,S
G478P,P
F559S,S
G469S,S
G479P,P
C112S,S
G482P,P
F617P,P
E179P,P
F619P,P
G470S,S
F561S,S
F620P,P
F562S,S
F621P,P
E180P,P
A35S,S
F622P,P
E181P,P
G485P,P
G486P,P
T3P,P
E182P,P
F564S,S
B93P,P
B111S,S
E183P,P
D97S,S
E197S,S
A36S,S
G472S,S
F570S,S
F571S,S
E198S,S
B94P,P
F626P,P
C113S,S
F627P,P
C101P,P
C114S,S
G473S,S
F572S,S
F573S,S
G474S,S
E185P,P
B96P,P
G475S,S
F629P,P
C115S,S
E199S,S
F630P,P
E187P,P
B112S,S
G476S,S
F574S,S
C102P,P
F631P,P
F632P,P
G477S,S
G492P,P
G493P,P
C103P,P
B97P,P
G478S,S
F575S,S
G479S,S
F634P,P
F576S,S
A37S,S
F577S,S
F578S,S
F636P,P
G480S,S
E190P,P
E200S,S
E191P,P
F579S,S
F637P,P
F581S,S
D98S,S
E201S,S
F638P,P
G498P,P
D99S,S
G499P,P
E192P,P
G482S,S
D94P,P
E193P,P
G483S,S
G500P,P
G501P,P
B113S,S
F640P,P
G502P,P
F642P,P
F584S,S
C118S,S
G503P,P
D100S,S
D101S,S
G504P,P
G505P,P
A25P,P
B115S,S
D102S,S
G506P,P
E194P,P
F585S,S
D103S,S
E203S,S
G485S,S
F586S,S
B101P,P
B102P,P
G507P,P
G509P,P
D95P,P
G488S,S
D96P,P
D97P,P
F645P,P
F646P,P
G510P,P
G490S,S
E204S,S
G491S,S
G511P,P
F648P,P
B116S,S
G512P,P
F588S,S
G492S,S
F649P,P
G513P,P
C119S,S
G514P,P
E206S,S
F591S,S
F592S,S
F652P,P
F594S,S
G494S,S
G496S,S
D100P,P
F654P,P
E208S,S
G500S,S
F596S,S
F656P,P
G516P,P
F657P,P
F658P,P
F598S,S
G502S,S
F659P,P
D101P,P
F660P,P
B104P,P
E196P,P
F599S,S
F663P,P
E197P,P
F600S,S
B117S,S
F601S,S
E209S,S
D102P,P
F603S,S
F665P,P
F666P,P
G505S,S
F667P,P
F668P,P
F669P,P
F670P,P
G506S,S
A27P,P
G507S,S
G520P,P
F672P,P
E211S,S
F673P,P
G521P,P
E212S,S
D103P,P
G508S,S
G509S,S
E213S,S
E198P,P
F606S,S
G510S,S
E214S,S
G522P,P
G511S,S
G523P,P
F607S,S
C120S,S
G513S,S
B118S,S
F674P,P
F609S,S
F610S,S
G524P,P
F676P,P
E200P,P
D104P,P
F677P,P
E215S,S
G515S,S
E216S,S
G525P,P
G516S,S
E202P,P
G526P,P
F613S,S
G528P,P
C121S,S
G517S,S
E217S,S
G529P,P
G530P,P
F615S,S
F681P,P
E219S,S
C122S,S
G531P,P
G532P,P
G518S,S
G519S,S
G533P,P
F617S,S
A29P,P
C123S,S
G534P,P
F684P,P
B120S,S
F619S,S
G521S,S
G535P,P
G522S,S
F621S,S
G536P,P
B121S,S
F623S,S
G537P,P
G538P,P
F624S,S
F686P,P
F687P,P
G524S,S
F688P,P
G525S,S
D105P,P
D106P,P
F690P,P
G539P,P
D107P,P
E221S,S
E203P,P
B122S,S
F626S,S
F627S,S
G540P,P
B123S,S
G541P,P
G542P,P
C110P,P
F630S,S
G543P,P
E222S,S
G528S,S
F691P,P
G544P,P
F692P,P
F631S,S
D107S,S
F693P,P
B125S,S
G546P,P
G530S,S
G531S,S
G532S,S
E225S,S
C111P,P
F633S,S
G547P,P
C125S,S
G535S,S
G536S,S
A30P,P
F635S,S
D108S,S
E205P,P
G550P,P
A31P,P
G537S,S
D109S,S
F694P,P
G551P,P
F638S,S
F696P,P
G539S,S
F697P,P
G553P,P
F698P,P
F699P,P
E207P,P
G554P,P
F641S,S
G540S,S
F642S,S
F643S,S
B105P,P
G541S,S
F700P,P
G542S,S
B106P,P
G543S,S
G545S,S
E231S,S
G556P,P
G557P,P
G546S,S
C112P,P
G547S,S
F701P,P
G558P,P
B107P,P
G559P,P
F702P,P
F703P,P
F646S,S
D108P,P
G548S,S
F704P,P
E209P,P
G561P,P
E233S,S
E234S,S
G549S,S
C113P,P
G551S,S
F705P,P
F706P,P
C114P,P
G562P,P
G553S,S
G564P,P
F707P,P
B130S,S
G565P,P
F647S,S
F708P,P
F648S,S
B131S,S
G554S,S
G555S,S
F649S,S
G556S,S
B132S,S
G567P,P
G568P,P
F709P,P
G558S,S
F710P,P
G560S,S
G569P,P
C115P,P
G561S,S
F711P,P
F712P,P
G562S,S
B109P,P
G563S,S
F654S,S
B110P,P
C126S,S
G571P,P
B111P,P
F655S,S
F717P,P
G573P,P
F718P,P
E237S,S
F656S,S
A39S,S
D110P,P
F719P,P
D111P,P
F720P,P
E238S,S
C127S,S
F722P,P
D113P,P
G574P,P
F723P,P
G575P,P
B113P,P
F661S,S
F662S,S
G576P,P
F725P,P
G566S,S
G577P,P
G578P,P
B135S,S
F664S,S
F727P,P
F729P,P
F666S,S
G568S,S
F731P,P
E211P,P
F732P,P
F668S,S
A40S,S
F733P,P
E239S,S
G579P,P
F669S,S
C116P,P
F672S,S
D112S,S
G580P,P
G570S,S
B136S,S
F735P,P
G572S,S
D115P,P
F737P,P
D116P,P
D117P,P
F738P,P
D118P,P
E212P,P
D119P,P
G581P,P
G582P,P
G583P,P
G573S,S
F739P,P
F740P,P
F741P,P
G574S,S
G584P,P
F673S,S
F742P,P
F743P,P
F675S,S
G585P,P
F676S,S
G586P,P
D120P,P
E214P,P
D121P,P
E215P,P
G588P,P
B139S,S
F745P,P
G589P,P
G580S,S
F678S,S
G592P,P
G593P,P
F747P,P
D122P,P
C118P,P
G582S,S
F680S,S
E241S,S
F748P,P
F749P,P
G583S,S
F682S,S
G584S,S
B114P,P
B115P,P
C119P,P
G594P,P
E216P,P
G586S,S
F752P,P
F753P,P
F754P,P
F755P,P
E242S,S
D123P,P
B140S,S
E244S,S
G589S,S
G595P,P
F757P,P
F686S,S
D124P,P
C132S,S
F687S,S
G596P,P
G591S,S
G592S,S
F689S,S
F690S,S
G593S,S
E245S,S
G594S,S
B142S,S
F691S,S
G595S,S
A42S,S
C120P,P
E246S,S
G600S,S
F694S,S
E247S,S
B116P,P
C121P,P
B144S,S
F761P,P
F696S,S
F697S,S
F762P,P
F763P,P
G598P,P
G603S,S
C123P,P
F767P,P
E220P,P
F768P,P
F699S,S
F769P,P
F770P,P
G604S,S
G600P,P
G601P,P
F700S,S
C133S,S
F702S,S
D116S,S
G602P,P
G603P,P
F704S,S
G609S,S
G604P,P
G612S,S
G605P,P
A43S,S
D118S,S
G606P,P
D119S,S
B145S,S
G614S,S
G615S,S
B117P,P
G607P,P
G616S,S
E249S,S
G608P,P
B118P,P
F774P,P
B119P,P
F775P,P
G610P,P
D120S,S
F776P,P
G611P,P
G612P,P
F707S,S
G617S,S
G618S,S
G619S,S
G613P,P
E222P,P
F709S,S
B146S,S
F710S,S
E251S,S
G615P,P
B120P,P
G616P,P
F777P,P
F711S,S
F778P,P
G617P,P
F712S,S
C134S,S
B147S,S
F713S,S
F714S,S
A44S,S
F780P,P
G618P,P
G619P,P
E252S,S
D121S,S
F716S,S
D122S,S
D127P,P
G620S,S
G620P,P
G622S,S
C136S,S
B121P,P
B122P,P
E253S,S
G622P,P
F782P,P
F783P,P
F784P,P
G623S,S
G624S,S
F786P,P
D128P,P
F717S,S
D129P,P
F787P,P
E225P,P
E226P,P
F790P,P
F718S,S
F719S,S
G625S,S
G626S,S
G627S,S
D123S,S
G627P,P
E255S,S
F723S,S
E227P,P
E228P,P
F793P,P
F794P,P
G630P,P
C126P,P
F795P,P
G631P,P
C137S,S
C127P,P
F796P,P
F725S,S
G632P,P
F726S,S
E230P,P
F729S,S
E256S,S
D124S,S
D125S,S
F797P,P
F798P,P
F731S,S
G630S,S
B148S,S
B149S,S
F799P,P
F800P,P
G631S,S
E258S,S
E232P,P
F801P,P
B150S,S
G633P,P
G633S,S
G634S,S
F735S,S
E233P,P
C140S,S
G635P,P
G636S,S
E234P,P
G636P,P
F804P,P
G637S,S
G639S,S
C141S,S
F736S,S
E260S,S
G640S,S
F737S,S
F738S,S
G641S,S
D128S,S
B124P,P
F806P,P
E262S,S
G641P,P
F808P,P
G642P,P
E263S,S
F810P,P
C142S,S
E264S,S
F740S,S
F811P,P
E265S,S
D129S,S
G642S,S
G643S,S
G644S,S
F742S,S
F743S,S
E237P,P
D132P,P
G643P,P
G645S,S
F745S,S
G644P,P
F812P,P
F814P,P
E238P,P
C143S,S
F746S,S
G647S,S
G648S,S
F747S,S
G646P,P
F817P,P
F748S,S
F749S,S
G647P,P
E239P,P
G648P,P
G650S,S
F818P,P
G649P,P
F819P,P
G650P,P
F751S,S
G651P,P
E240P,P
F752S,S
G652S,S
E241P,P
G653P,P
G654S,S
G654P,P
F755S,S
F822P,P
D134P,P
F823P,P
F756S,S
B152S,S
G655P,P
F825P,P
F826P,P
G657S,S
C129P,P
G656P,P
G658S,S
F757S,S
F758S,S
G659S,S
E242P,P
F827P,P
G657P,P
F829P,P
G660S,S
F759S,S
F760S,S
G658P,P
E243P,P
B125P,P
E268S,S
E269S,S
F761S,S
F762S,S
E245P,P
B126P,P
F832P,P
F833P,P
E246P,P
B154S,S
G659P,P
G661S,S
C131P,P
G661P,P
C144S,S
E247P,P
G662P,P
G662S,S
G663S,S
G664S,S
F764S,S
G663P,P
A46S,S
E248P,P
F765S,S
D135P,P
G664P,P
G666S,S
A47S,S
A35P,P
G668S,S
F836P,P
G669S,S
F838P,P
D130S,S
F766S,S
G670S,S
F767S,S
G665P,P
B155S,S
D131S,S
F768S,S
B127P,P
G671S,S
C145S,S
E250P,P
G667P,P
F771S,S
F839P,P
G668P,P
E252P,P
C146S,S
D132S,S
A48S,S
D133S,S
F772S,S
F841P,P
G671P,P
F842P,P
E253P,P
G672P,P
G673P,P
F773S,S
B128P,P
G674P,P
G675P,P
G675S,S
G676S,S
B158S,S
F843P,P
E255P,P
G678S,S
B129P,P
E270S,S
G679S,S
F774S,S
G680S,S
G677P,P
B130P,P
F846P,P
F847P,P
C147S,S
G678P,P
F777S,S
F778S,S
F851P,P
G679P,P
C148S,S
E258P,P
E259P,P
F852P,P
C149S,S
G682P,P
F780S,S
G683P,P
F853P,P
F781S,S
G684P,P
E273S,S
F782S,S
F783S,S
G683S,S
G685P,P
B132P,P
F855P,P
E260P,P
D140P,P
B133P,P
G686P,P
F856P,P
D141P,P
E261P,P
F857P,P
F858P,P
F859P,P
D142P,P
B161S,S
G687P,P
A50S,S
C133P,P
A51S,S
F784S,S
F860P,P
G688P,P
G685S,S
F861P,P
G686S,S
D135S,S
F862P,P
G688S,S
F786S,S
G689S,S
F787S,S
D143P,P
G691P,P
F789S,S
F865P,P
B163S,S
D144P,P
C151S,S
C134P,P
G690S,S
G691S,S
E262P,P
D145P,P
B134P,P
F867P,P
F868P,P
E263P,P
F869P,P
G692P,P
E264P,P
F790S,S
E275S,S
E266P,P
F872P,P
F873P,P
F791S,S
B164S,S
B135P,P
E277S,S
B165S,S
F875P,P
C152S,S
F877P,P
D136S,S
F794S,S
G695S,S
G693P,P
B166S,S
F879P,P
F795S,S
G696P,P
B136P,P
G697P,P
F880P,P
G698P,P
F881P,P
A37P,P
F796S,S
G696S,S
D137S,S
C135P,P
F797S,S
G697S,S
G700P,P
F883P,P
A38P,P
F799S,S
F884P,P
G698S,S
C154S,S
E267P,P
F890P,P
G701S,S
A52S,S
F801S,S
G702S,S
D147P,P
G703S,S
B138P,P
G704S,S
E269P,P
G706P,P
F803S,S
G705S,S
F893P,P
G707P,P
F805S,S
E270P,P
G709P,P
F807S,S
B139P,P
E272P,P
G710P,P
F894P,P
D139S,S
F808S,S
G711P,P
E273P,P
F810S,S
F811S,S
F812S,S
D140S,S
G707S,S
B141P,P
A53S,S
E281S,S
C155S,S
F813S,S
C156S,S
F814S,S
F815S,S
G708S,S
F816S,S
G717P,P
E274P,P
G718P,P
B142P,P
E275P,P
G709S,S
F895P,P
C157S,S
E276P,P
B167S,S
D148P,P
F818S,S
C137P,P
F896P,P
F819S,S
B168S,S
G720P,P
F898P,P
F899P,P
G710S,S
F900P,P
F820S,S
C158S,S
F821S,S
E283S,S
F822S,S
E284S,S
F901P,P
B169S,S
B170S,S
F902P,P
B171S,S
F903P,P
F904P,P
G714S,S
G722P,P
E278P,P
F905P,P
G715S,S
G724P,P
E285S,S
F830S,S
G716S,S
G725P,P
F831S,S
G717S,S
G726P,P
C159S,S
G719S,S
F906P,P
C160S,S
G720S,S
G721S,S
G722S,S
F833S,S
B143P,P
B172S,S
E287S,S
F835S,S
D141S,S
C162S,S
E288S,S
F836S,S
G727P,P
G728P,P
G729P,P
G730P,P
G725S,S
F910P,P
F911P,P
B144P,P
E291S,S
F912P,P
B175S,S
F913P,P
D142S,S
C140P,P
F914P,P
G727S,S
D149P,P
F916P,P
F917P,P
G733P,P
F838S,S
F918P,P
B145P,P
G728S,S
A54S,S
A40P,P
F919P,P
B146P,P
F839S,S
G734P,P
F920P,P
F841S,S
E292S,S
G730S,S
A55S,S
F921P,P
G731S,S
D150P,P
G732S,S
D151P,P
F922P,P
G733S,S
G735P,P
D143S,S
B148P,P
G736P,P
F845S,S
F846S,S
F924P,P
G737P,P
G734S,S
F847S,S
G735S,S
E281P,P
C165S,S
E294S,S
F926P,P
E283P,P
E295S,S
D144S,S
B177S,S
B178S,S
E296S,S
G736S,S
G739P,P
F848S,S
F849S,S
G740P,P
F929P,P
F850S,S
F930P,P
G738S,S
F933P,P
C142P,P
G739S,S
B149P,P
F851S,S
F934P,P
G742P,P
F852S,S
F935P,P
G740S,S
B150P,P
F936P,P
G743P,P
G744P,P
E297S,S
E298S,S
F853S,S
F937P,P
C143P,P
G743S,S
E286P,P
C167S,S
F854S,S
G744S,S
C168S,S
B180S,S
C169S,S
G745P,P
G746P,P
F939P,P
F940P,P
B151P,P
C170S,S
G745S,S
G746S,S
F856S,S
F857S,S
F941P,P
F942P,P
F858S,S
F860S,S
B181S,S
B182S,S
F943P,P
A42P,P
E287P,P
F862S,S
G750S,S
C144P,P
C145P,P
G751S,S
G748P,P
F945P,P
C171S,S
G753S,S
G750P,P
C172S,S
G751P,P
F864S,S
C173S,S
G752P,P
G754S,S
G755S,S
B152P,P
F865S,S
F866S,S
G757S,S
E289P,P
G753P,P
C146P,P
F868S,S
B183S,S
C175S,S
F870S,S
C147P,P
C176S,S
G754P,P
E299S,S
G755P,P
B153P,P
G760S,S
F871S,S
C178S,S
F947P,P
F872S,S
B184S,S
F873S,S
F874S,S
E290P,P
G762S,S
C179S,S
E302S,S
E291P,P
B154P,P
F875S,S
G763S,S
G756P,P
D147S,S
F876S,S
F948P,P
G757P,P
C148P,P
G765S,S
E303S,S
G758P,P
C180S,S
G759P,P
F950P,P
G760P,P
C150P,P
F951P,P
C181S,S
D155P,P
F952P,P
F878S,S
G768S,S
C182S,S
B156P,P
G769S,S
B186S,S
F881S,S
F882S,S
F883S,S
F955P,P
D156P,P
G762P,P
E304S,S
F957P,P
F958P,P
E293P,P
F959P,P
G764P,P
F885S,S
G765P,P
G766P,P
E305S,S
F887S,S
G771S,S
F888S,S
G767P,P
C187S,S
F889S,S
B158P,P
C151P,P
E294P,P
F893S,S
G773S,S
F961P,P
E306S,S
C152P,P
G775S,S
D149S,S
A57S,S
F964P,P
F895S,S
E307S,S
F965P,P
C188S,S
F896S,S
F966P,P
F897S,S
F968P,P
F969P,P
E308S,S
G776S,S
F900S,S
F971P,P
G777S,S
F972P,P
G778S,S
G779S,S
A58S,S
E309S,S
C189S,S
A43P,P
F903S,S
B159P,P
B160P,P
G780S,S
F904S,S
B189S,S
G781S,S
G782S,S
E310S,S
F974P,P
F905S,S
E311S,S
G783S,S
F975P,P
G773P,P
F977P,P
F906S,S
G785S,S
G776P,P
E299P,P
C190S,S
G788S,S
F907S,S
F979P,P
D150S,S
F980P,P
F981P,P
G777P,P
G789S,S
G778P,P
F982P,P
F983P,P
F984P,P
E301P,P
F911S,S
F912S,S
F913S,S
F915S,S
B192S,S
D152S,S
E302P,P
E314S,S
G791S,S
F917S,S
F986P,P
G792S,S
F918S,S
C153P,P
F920S,S
G782P,P
G783P,P
T2S,S
G784P,P
F922S,S
E304P,P
G785P,P
F990P,P
C191S,S
F925S,S
F926S,S
F927S,S
F929S,S
G786P,P
G787P,P
E315S,S
B193S,S
G788P,P
E316S,S
F930S,S
F931S,S
F991P,P
C192S,S
G794S,S
G795S,S
F932S,S
B194S,S
G796S,S
G797S,S
G789P,P
F992P,P
F993P,P
F933S,S
G799S,S
F994P,P
G790P,P
E305P,P
G791P,P
F995P,P
E317S,S
F997P,P
E306P,P
F998P,P
D160P,P
F1000P,P
G793P,P
F1001P,P
B195S,S
G794P,P
G802S,S
F935S,S
F1002P,P
F936S,S
F937S,S
F1004P,P
B161P,P
D161P,P
F1005P,P
F938S,S
F1006P,P
G803S,S
G804S,S
F1007P,P
G805S,S
F1008P,P
G806S,S
F1009P,P
A60S,S
G798P,P
G799P,P
G800P,P
F1010P,P
F939S,S
G808S,S
G809S,S
G810S,S
F942S,S
G811S,S
D154S,S
E308P,P
F943S,S
B162P,P
E309P,P
G803P,P
A44P,P
G813S,S
F945S,S
F1015P,P
G804P,P
G805P,P
F946S,S
G814S,S
F1016P,P
G816S,S
E310P,P
B164P,P
G806P,P
F1018P,P
G807P,P
F949S,S
C156P,P
G818S,S
F950S,S
G808P,P
G809P,P
B165P,P
F1019P,P
B166P,P
F951S,S
F952S,S
F1020P,P
F1021P,P
G811P,P
F953S,S
D162P,P
F1022P,P
C194S,S
F1023P,P
F954S,S
G812P,P
F955S,S
F956S,S
B167P,P
G813P,P
F1024P,P
E321S,S
A61S,S
E322S,S
G824S,S
G825S,S
G814P,P
F958S,S
C195S,S
F1026P,P
G826S,S
F1028P,P
E324S,S
F961S,S
G816P,P
F963S,S
F1030P,P
C157P,P
C196S,S
E325S,S
G830S,S
A62S,S
E326S,S
F964S,S
E314P,P
F965S,S
F966S,S
G817P,P
F1033P,P
F967S,S
G818P,P
F969S,S
G820P,P
E315P,P
F970S,S
F1036P,P
F972S,S
B170P,P
G821P,P
E316P,P
F973S,S
C158P,P
F1038P,P
G823P,P
F1039P,P
E317P,P
G833S,S
G834S,S
G825P,P
G835S,S
B171P,P
C198S,S
C199S,S
F980S,S
E320P,P
F981S,S
F1044P,P
F982S,S
C200S,S
G837S,S
F983S,S
F1045P,P
G827P,P
G838S,S
G828P,P
G829P,P
F1046P,P
F984S,S
G839S,S
A47P,P
G840S,S
F1050P,P
G830P,P
G841S,S
F986S,S
F1051P,P
G831P,P
F1052P,P
B199S,S
E321P,P
B200S,S
G844S,S
F1054P,P
G832P,P
D156S,S
F988S,S
E322P,P
F989S,S
D163P,P
F990S,S
F1056P,P
F991S,S
F1057P,P
C159P,P
G834P,P
E323P,P
B201S,S
C160P,P
G835P,P
B175P,P
G836P,P
G837P,P
E330S,S
F1058P,P
E324P,P
G838P,P
F994S,S
F995S,S
C202S,S
B176P,P
G839P,P
E325P,P
F1059P,P
D158S,S
F1060P,P
G840P,P
F1061P,P
F997S,S
G845S,S
G841P,P
F1062P,P
E331S,S
F998S,S
C163P,P
F999S,S
F1063P,P
E332S,S
F1064P,P
G842P,P
G843P,P
B177P,P
F1000S,S
D165P,P
F1065P,P
F1002S,S
F1003S,S
E334S,S
G848S,S
G849S,S
E335S,S
F1004S,S
F1067P,P
G844P,P
E326P,P
G845P,P
G852S,S
G853S,S
G854S,S
F1005S,S
G855S,S
F1006S,S
G847P,P
F1070P,P
G848P,P
G856S,S
E327P,P
F1007S,S
F1071P,P
F1008S,S
F1009S,S
B202S,S
F1010S,S
D159S,S
B178P,P
C204S,S
G849P,P
G850P,P
G858S,S
F1012S,S
F1073P,P
A64S,S
C205S,S
F1013S,S
E336S,S
F1075P,P
F1076P,P
F1077P,P
F1078P,P
F1014S,S
B179P,P
F1079P,P
B203S,S
G852P,P
F1015S,S
F1080P,P
E337S,S
F1016S,S
G860S,S
G861S,S
F1081P,P
F1083P,P
G854P,P
C206S,S
G856P,P
G862S,S
G863S,S
G864S,S
B181P,P
G857P,P
F1019S,S
F1084P,P
B204S,S
F1021S,S
B182P,P
F1085P,P
C208S,S
F1086P,P
F1087P,P
E330P,P
F1090P,P
F1091P,P
F1023S,S
F1092P,P
B183P,P
F1094P,P
F1095P,P
G862P,P
G867S,S
F1024S,S
G868S,S
G869S,S
E332P,P
C168P,P
D167P,P
E333P,P
E334P,P
C169P,P
D168P,P
C170P,P
F1026S,S
B205S,S
D161S,S
E339S,S
F1098P,P
G865P,P
E340S,S
F1099P,P
F1100P,P
F1101P,P
E336P,P
F1102P,P
E337P,P
E338P,P
C209S,S
G870S,S
E342S,S
F1029S,S
C210S,S
C173P,P
F1030S,S
F1104P,P
F1105P,P
A65S,S
D170P,P
D171P,P
G871S,S
F1106P,P
G872S,S
F1032S,S
E343S,S
D172P,P
D173P,P
F1109P,P
D162S,S
G869P,P
F1034S,S
F1111P,P
F1035S,S
D174P,P
D163S,S
B206S,S
G870P,P
G871P,P
G872P,P
F1112P,P
F1113P,P
F1114P,P
E340P,P
E349S,S
F1036S,S
G873S,S
D164S,S
F1116P,P
E341P,P
F1117P,P
E342P,P
F1037S,S
F1118P,P
G873P,P
E350S,S
G874P,P
F1121P,P
F1123P,P
G875P,P
G875S,S
F1041S,S
B207S,S
F1124P,P
F1125P,P
G876P,P
F1126P,P
G877P,P
F1127P,P
C212S,S
F1044S,S
E343P,P
E344P,P
F1129P,P
E351S,S
C213S,S
F1131P,P
F1045S,S
F1132P,P
B185P,P
F1046S,S
B208S,S
A50P,P
G878P,P
G877S,S
F1047S,S
F1134P,P
G879S,S
G880S,S
F1048S,S
G881S,S
F1135P,P
F1050S,S
G880P,P
F1136P,P
B186P,P
G881P,P
F1137P,P
G882S,S
F1052S,S
F1053S,S
G882P,P
B210S,S
G884S,S
D175P,P
G885S,S
F1140P,P
D166S,S
E356S,S
F1055S,S
G887S,S
G884P,P
E346P,P
A67S,S
B211S,S
G889S,S
F1141P,P
E357S,S
G890S,S
F1058S,S
E358S,S
F1059S,S
G885P,P
F1060S,S
F1061S,S
G891S,S
G886P,P
F1143P,P
C174P,P
E347P,P
F1144P,P
F1145P,P
G893S,S
F1062S,S
F1063S,S
F1146P,P
B187P,P
E360S,S
F1147P,P
C175P,P
F1149P,P
G894S,S
D176P,P
G895S,S
G888P,P
F1150P,P
G896S,S
E361S,S
G890P,P
G897S,S
D168S,S
A51P,P
C176P,P
E349P,P
B188P,P
G891P,P
G900S,S
F1153P,P
F1154P,P
F1155P,P
F1156P,P
G892P,P
G902S,S
B212S,S
G893P,P
D170S,S
G894P,P
F1158P,P
G895P,P
F1159P,P
F1160P,P
E363S,S
F1161P,P
F1163P,P
F1067S,S
D179P,P
G903S,S
E364S,S
G904S,S
F1069S,S
B190P,P
E365S,S
B213S,S
F1164P,P
G897P,P
B214S,S
D171S,S
F1072S,S
G906S,S
G907S,S
F1073S,S
F1075S,S
G908S,S
F1076S,S
G898P,P
E352P,P
G911S,S
G899P,P
G900P,P
G901P,P
F1166P,P
F1168P,P
G913S,S
E368S,S
B216S,S
F1077S,S
F1169P,P
F1078S,S
F1079S,S
C178P,P
C179P,P
G902P,P
G915S,S
F1171P,P
G903P,P
F1172P,P
F1175P,P
E355P,P
G905P,P
G916S,S
F1080S,S
A71S,S
G906P,P
G907P,P
F1083S,S
B217S,S
E357P,P
G920S,S
E359P,P
G921S,S
B218S,S
G910P,P
D180P,P
F1179P,P
F1084S,S
F1180P,P
E360P,P
F1087S,S
G922S,S
G911P,P
F1088S,S
G923S,S
G924S,S
D173S,S
G912P,P
G913P,P
G925S,S
F1090S,S
G926S,S
F1091S,S
C215S,S
F1092S,S
F1183P,P
E371S,S
G915P,P
G916P,P
F1093S,S
G917P,P
G927S,S
G918P,P
B219S,S
G928S,S
E372S,S
G919P,P
F1094S,S
B192P,P
G920P,P
F1185P,P
F1186P,P
F1187P,P
G921P,P
G922P,P
F1188P,P
E362P,P
F1189P,P
C216S,S
G929S,S
G930S,S
A52P,P
F1096S,S
G931S,S
G932S,S
F1192P,P
A53P,P
E363P,P
G924P,P
G933S,S
F1194P,P
F1195P,P
G934S,S
B220S,S
F1099S,S
F1100S,S
C181P,P
G936S,S
B193P,P
B194P,P
G937S,S
F1197P,P
C217S,S
F1102S,S
F1199P,P
G926P,P
G938S,S
B195P,P
F1200P,P
F1201P,P
F1104S,S
G928P,P
F1105S,S
C218S,S
G941S,S
B196P,P
E375S,S
D182P,P
F1106S,S
F1107S,S
F1108S,S
F1203P,P
D175S,S
G933P,P
F1109S,S
G934P,P
F1204P,P
F1205P,P
G935P,P
E366P,P
A54P,P
G943S,S
G936P,P
D176S,S
G937P,P
F1111S,S
G938P,P
B221S,S
F1112S,S
C183P,P
G939P,P
G944S,S
G940P,P
B198P,P
E367P,P
G945S,S
G941P,P
F1113S,S
F1206P,P
G946S,S
B222S,S
F1114S,S
C219S,S
G946P,P
C220S,S
G947S,S
E369P,P
E376S,S
F1115S,S
E377S,S
F1208P,P
E370P,P
F1117S,S
F1209P,P
G949P,P
B199P,P
E378S,S
G948S,S
E371P,P
F1118S,S
G949S,S
G950P,P
F1210P,P
F1212P,P
E379S,S
G952S,S
F1120S,S
G953S,S
E381S,S
D184P,P
F1213P,P
F1121S,S
B224S,S
F1122S,S
G953P,P
F1214P,P
F1123S,S
G954S,S
F1216P,P
E373P,P
E374P,P
F1217P,P
F1218P,P
G954P,P
G955S,S
G955P,P
G957S,S
C221S,S
G958S,S
F1220P,P
F1221P,P
D177S,S
E376P,P
G959S,S
G957P,P
G960S,S
F1126S,S
F1127S,S
G961S,S
G963S,S
D185P,P
E382S,S
E383S,S
A55P,P
F1223P,P
G959P,P
F1224P,P
G960P,P
F1129S,S
F1225P,P
B226S,S
B201P,P
E377P,P
B227S,S
A56P,P
F1131S,S
G962P,P
E384S,S
G967S,S
E385S,S
E386S,S
G969S,S
G970S,S
E387S,S
E388S,S
D180S,S
F1132S,S
E378P,P
F1133S,S
F1134S,S
E390S,S
E391S,S
E392S,S
F1135S,S
E379P,P
B203P,P
D181S,S
C222S,S
F1228P,P
G964P,P
G965P,P
F1229P,P
G972S,S
F1137S,S
B229S,S
F1230P,P
F1138S,S
F1139S,S
D186P,P
E380P,P
D182S,S
B230S,S
C223S,S
F1140S,S
F1233P,P
D187P,P
E381P,P
F1234P,P
D188P,P
G973S,S
F1235P,P
F1141S,S
G974S,S
C224S,S
G975S,S
E394S,S
F1236P,P
G967P,P
G977S,S
G968P,P
D189P,P
G969P,P
G970P,P
F1143S,S
D190P,P
G971P,P
F1238P,P
G979S,S
F1239P,P
E395S,S
B231S,S
E383P,P
G973P,P
F1144S,S
F1145S,S
G974P,P
F1242P,P
F1243P,P
G975P,P
F1245P,P
F1246P,P
B232S,S
A57P,P
E396S,S
G981S,S
F1146S,S
G982S,S
E397S,S
E384P,P
F1247P,P
E385P,P
E386P,P
G976P,P
C225S,S
F1147S,S
G983S,S
F1148S,S
G984S,S
F1248P,P
F1249P,P
G978P,P
B233S,S
G985S,S
G986S,S
G980P,P
F1151S,S
C185P,P
F1253P,P
G982P,P
F1153S,S
F1254P,P
E388P,P
C186P,P
E398S,S
C226S,S
G984P,P
F1154S,S
D185S,S
D186S,S
G987S,S
F1156S,S
B206P,P
G988S,S
G985P,P
G989S,S
G987P,P
F1257P,P
A72S,S
F1160S,S
F1259P,P
G988P,P
F1260P,P
F1161S,S
G991S,S
C227S,S
D192P,P
F1162S,S
F1163S,S
G992S,S
F1261P,P
F1165S,S
G990P,P
E401S,S
C228S,S
F1263P,P
F1166S,S
C187P,P
E389P,P
A58P,P
F1264P,P
E390P,P
F1167S,S
B234S,S
F1266P,P
E391P,P
F1169S,S
C229S,S
F1267P,P
F1268P,P
G991P,P
C188P,P
E404S,S
G992P,P
F1270P,P
C189P,P
F1170S,S
G993S,S
F1272P,P
F1172S,S
G994S,S
F1173S,S
E406S,S
C230S,S
F1174S,S
F1175S,S
C231S,S
B207P,P
F1176S,S
G995S,S
F1177S,S
B235S,S
B236S,S
F1178S,S
F1179S,S
E407S,S
G996S,S
F1181S,S
E409S,S
E394P,P
G998S,S
G999S,S
G1000S,S
G998P,P
E410S,S
G1001S,S
B208P,P
F1274P,P
G999P,P
G1000P,P
F1275P,P
G1001P,P
B209P,P
G1002S,S
C191P,P
G1002P,P
G1003S,S
E396P,P
G1004P,P
A59P,P
F1183S,S
F1185S,S
E412S,S
D188S,S
B238S,S
A60P,P
D189S,S
F1187S,S
F1278P,P
E397P,P
F1279P,P
D193P,P
F1280P,P
B239S,S
F1282P,P
F1188S,S
E413S,S
F1283P,P
F1284P,P
F1190S,S
E398P,P
F1191S,S
G1006S,S
G1007P,P
F1192S,S
G1007S,S
F1286P,P
E414S,S
B241S,S
F1287P,P
F1194S,S
F1195S,S
F1196S,S
F1197S,S
F1198S,S
G1010S,S
G1011S,S
F1199S,S
G1012S,S
G1008P,P
G1013S,S
F1200S,S
F1201S,S
F1289P,P
B243S,S
G1009P,P
F1293P,P
D195P,P
B213P,P
F1294P,P
F1296P,P
F1202S,S
F1297P,P
A62P,P
D196P,P
F1203S,S
G1011P,P
G1014S,S
A74S,S
G1012P,P
G1015S,S
F1205S,S
F1206S,S
B245S,S
G1018S,S
G1013P,P
G1020S,S
F1301P,P
B247S,S
G1014P,P
C192P,P
F1303P,P
F1304P,P
F1305P,P
G1015P,P
C193P,P
B248S,S
G1017P,P
G1023S,S
D190S,S
C234S,S
E401P,P
F1208S,S
G1018P,P
G1019P,P
E418S,S
C194P,P
E419S,S
C235S,S
E420S,S
G1025S,S
G1026S,S
F1209S,S
F1307P,P
F1308P,P
G1020P,P
F1309P,P
G1027S,S
C237S,S
G1028S,S
E421S,S
F1210S,S
F1312P,P
F1313P,P
G1022P,P
C195P,P
D191S,S
E423S,S
G1023P,P
F1212S,S
G1030S,S
C238S,S
F1314P,P
E403P,P
D199P,P
F1315P,P
F1213S,S
F1316P,P
F1214S,S
A75S,S
G1031S,S
G1026P,P
E405P,P
A64P,P
E424S,S
F1215S,S
G1033S,S
F1318P,P
F1216S,S
G1027P,P
B216P,P
F1319P,P
F1320P,P
F1217S,S
G1034S,S
F1322P,P
G1028P,P
F1323P,P
G1029P,P
G1036S,S
G1037S,S
E427S,S
F1223S,S
G1030P,P
G1031P,P
A76S,S
G1032P,P
G1038S,S
F1224S,S
G1039S,S
B249S,S
G1033P,P
G1034P,P
G1035P,P
F1328P,P
E407P,P
A77S,S
G1040S,S
F1225S,S
F1329P,P
E428S,S
C197P,P
F1330P,P
E408P,P
F1331P,P
C198P,P
G1037P,P
F1334P,P
G1038P,P
D202P,P
D193S,S
G1039P,P
G1043S,S
F1228S,S
G1044S,S
G1045S,S
G1046S,S
F1229S,S
G1041P,P
G1047S,S
G1043P,P
F1230S,S
E430S,S
F1231S,S
C200P,P
F1336P,P
G1044P,P
G1045P,P
G1046P,P
D203P,P
E410P,P
F1337P,P
E431S,S
G1047P,P
F1232S,S
F1233S,S
F1234S,S
F1338P,P
F1339P,P
E411P,P
D204P,P
E432S,S
G1050S,S
B250S,S
F1236S,S
F1340P,P
D196S,S
E412P,P
E433S,S
G1052S,S
F1237S,S
F1238S,S
G1053S,S
F1343P,P
A79S,S
G1049P,P
C201P,P
G1055S,S
G1050P,P
F1344P,P
E413P,P
F1240S,S
G1058S,S
F1347P,P
F1242S,S
F1243S,S
D205P,P
F1348P,P
G1055P,P
A80S,S
F1244S,S
B251S,S
F1350P,P
G1060S,S
F1245S,S
F1246S,S
F1248S,S
G1061S,S
G1056P,P
G1063S,S
E436S,S
G1064S,S
E415P,P
C242S,S
G1059P,P
F1356P,P
C243S,S
F1250S,S
G1060P,P
F1358P,P
G1065S,S
F1251S,S
D198S,S
G1061P,P
F1360P,P
F1362P,P
E417P,P
F1363P,P
F1253S,S
B253S,S
F1364P,P
F1254S,S
G1067S,S
E437S,S
F1255S,S
G1063P,P
F1365P,P
F1366P,P
G1064P,P
G1068S,S
F1256S,S
F1257S,S
A65P,P
E438S,S
F1259S,S
G1066P,P
A66P,P
B254S,S
G1071S,S
F1260S,S
G1073S,S
B217P,P
F1261S,S
F1262S,S
F1370P,P
G1067P,P
G1074S,S
F1263S,S
C245S,S
F1372P,P
F1265S,S
D208P,P
C205P,P
F1266S,S
F1374P,P
E420P,P
E421P,P
G1069P,P
F1375P,P
G1078S,S
F1268S,S
F1377P,P
C246S,S
G1079S,S
F1378P,P
G1070P,P
B218P,P
G1071P,P
G1072P,P
F1379P,P
G1073P,P
F1381P,P
F1270S,S
C208P,P
B255S,S
B219P,P
C209P,P
F1271S,S
G1074P,P
G1075P,P
C247S,S
G1081S,S
F1272S,S
G1083S,S
G1084S,S
F1273S,S
F1274S,S
G1077P,P
G1086S,S
E422P,P
B221P,P
F1383P,P
F1384P,P
G1087S,S
G1079P,P
F1385P,P
G1088S,S
B222P,P
C248S,S
G1089S,S
E423P,P
F1278S,S
F1279S,S
E440S,S
F1387P,P
E424P,P
E425P,P
E426P,P
F1388P,P
E427P,P
D200S,S
G1082P,P
F1280S,S
G1083P,P
C210P,P
F1390P,P
B256S,S
E428P,P
G1084P,P
G1085P,P
F1393P,P
E429P,P
G1087P,P
B224P,P
G1091S,S
A67P,P
G1092S,S
D210P,P
F1395P,P
G1088P,P
F1396P,P
A81S,S
G1095S,S
E445S,S
C213P,P
C214P,P
G1089P,P
G1090P,P
A82S,S
G1096S,S
F1397P,P
C249S,S
D203S,S
G1097S,S
G1098S,S
F1286S,S
F1287S,S
F1399P,P
D212P,P
E431P,P
F1400P,P
G1092P,P
C215P,P
F1289S,S
D205S,S
G1093P,P
G1094P,P
F1290S,S
E446S,S
B226P,P
C250S,S
F1402P,P
G1095P,P
F1292S,S
F1403P,P
F1404P,P
F1405P,P
E432P,P
F1293S,S
G1097P,P
F1294S,S
F1295S,S
G1098P,P
F1407P,P
G1100P,P
F1408P,P
G1101S,S
F1409P,P
F1299S,S
B258S,S
C251S,S
F1300S,S
G1102S,S
F1410P,P
F1411P,P
G1103P,P
D213P,P
F1412P,P
D206S,S
G1104P,P
F1414P,P
C252S,S
G1105P,P
B259S,S
A68P,P
E449S,S
G1104S,S
F1416P,P
E450S,S
F1417P,P
E451S,S
G1108P,P
F1304S,S
F1418P,P
F1419P,P
F1420P,P
F1305S,S
G1108S,S
F1306S,S
G1109S,S
A84S,S
G1109P,P
G1111P,P
F1421P,P
E452S,S
G1111S,S
E435P,P
F1307S,S
F1422P,P
E454S,S
B260S,S
E455S,S
D214P,P
F1424P,P
G1113P,P
E436P,P
E456S,S
C218P,P
E437P,P
F1310S,S
B229P,P
G1113S,S
G1114S,S
G1115S,S
F1311S,S
A71P,P
D208S,S
C253S,S
F1427P,P
F1428P,P
G1116S,S
A72P,P
G1119S,S
F1315S,S
E457S,S
F1430P,P
E438P,P
G1120S,S
F1316S,S
G1122S,S
F1317S,S
D215P,P
F1318S,S
B261S,S
F1319S,S
C220P,P
E459S,S
F1320S,S
A73P,P
G1123S,S
F1321S,S
D217P,P
F1431P,P
F1322S,S
E460S,S
F1432P,P
E440P,P
G1117P,P
C254S,S
G1124S,S
F1323S,S
C221P,P
F1324S,S
E461S,S
F1325S,S
F1433P,P
G1126S,S
E462S,S
C255S,S
G1127S,S
G1120P,P
F1435P,P
E463S,S
G1128S,S
G1122P,P
E441P,P
G1129S,S
C222P,P
G1130S,S
F1436P,P
E443P,P
G1131S,S
G1124P,P
F1326S,S
B262S,S
C223P,P
B263S,S
F1439P,P
B264S,S
E464S,S
B265S,S
D219P,P
E445P,P
B266S,S
G1135S,S
G1136S,S
F1328S,S
F1444P,P
F1446P,P
C256S,S
F1447P,P
E465S,S
C225P,P
G1126P,P
E466S,S
G1127P,P
G1137S,S
E446P,P
E447P,P
F1331S,S
F1332S,S
G1128P,P
F1450P,P
G1138S,S
G1139S,S
C226P,P
B233P,P
G1131P,P
B267S,S
F1334S,S
F1452P,P
D220P,P
F1453P,P
F1454P,P
E449P,P
D213S,S
G1141S,S
F1337S,S
F1338S,S
G1142S,S
E450P,P
F1339S,S
G1143S,S
F1340S,S
F1455P,P
G1144S,S
C257S,S
C227P,P
G1132P,P
G1133P,P
E467S,S
F1457P,P
G1145S,S
G1146S,S
D215S,S
G1147S,S
A86S,S
E451P,P
G1148S,S
F1458P,P
G1135P,P
F1459P,P
F1341S,S
G1136P,P
D216S,S
G1137P,P
F1461P,P
G1150S,S
F1343S,S
G1138P,P
D221P,P
D222P,P
G1152S,S
F1462P,P
G1153S,S
F1344S,S
D223P,P
E469S,S
F1463P,P
D217S,S
F1346S,S
F1347S,S
G1154S,S
G1155S,S
G1156S,S
F1464P,P
F1350S,S
E472S,S
G1159S,S
G1160S,S
F1351S,S
G1161S,S
G1162S,S
F1352S,S
F1353S,S
G1163S,S
F1354S,S
G1140P,P
E473S,S
C259S,S
F1355S,S
F1466P,P
F1467P,P
G1141P,P
F1468P,P
D218S,S
F1469P,P
G1142P,P
F1470P,P
G1143P,P
E454P,P
G1144P,P
C260S,S
A75P,P
F1356S,S
F1471P,P
C228P,P
F1473P,P
F1357S,S
B268S,S
F1358S,S
F1359S,S
F1361S,S
F1362S,S
G1146P,P
B236P,P
F1475P,P
F1476P,P
F1363S,S
B269S,S
F1366S,S
B237P,P
B238P,P
G1165S,S
F1368S,S
G1148P,P
F1479P,P
F1371S,S
E474S,S
F1372S,S
G1150P,P
A87S,S
F1482P,P
E459P,P
G1167S,S
F1375S,S
E475S,S
D219S,S
C263S,S
G1152P,P
E476S,S
F1485P,P
F1377S,S
F1378S,S
B270S,S
G1168S,S
G1154P,P
G1155P,P
G1156P,P
F1486P,P
C232P,P
F1380S,S
E460P,P
E478S,S
F1488P,P
G1170S,S
E461P,P
G1158P,P
C233P,P
C234P,P
G1171S,S
F1490P,P
G1172S,S
F1381S,S
F1382S,S
F1383S,S
G1174S,S
C264S,S
E462P,P
E463P,P
F1386S,S
F1387S,S
G1160P,P
G1161P,P
F1492P,P
F1493P,P
F1389S,S
F1494P,P
E464P,P
F1495P,P
B271S,S
C235P,P
B239P,P
G1175S,S
A77P,P
E481S,S
F1497P,P
F1391S,S
G1177S,S
B240P,P
E465P,P
G1163P,P
B241P,P
F1499P,P
F1392S,S
B273S,S
F1395S,S
F1396S,S
E482S,S
F1397S,S
F1501P,P
E466P,P
D225P,P
G1166P,P
E484S,S
G1167P,P
E467P,P
F1502P,P
F1503P,P
F1398S,S
G1168P,P
C265S,S
E468P,P
G1170P,P
G1171P,P
G1183S,S
F1506P,P
F1507P,P
G1184S,S
E485S,S
C236P,P
F1508P,P
F1509P,P
G1174P,P
G1185S,S
A78P,P
D227P,P
D220S,S
D228P,P
G1188S,S
F1510P,P
G1189S,S
F1511P,P
E486S,S
E487S,S
F1512P,P
G1190S,S
E471P,P
F1405S,S
F1513P,P
D229P,P
F1514P,P
D231P,P
C237P,P
F1517P,P
F1518P,P
F1408S,S
F1409S,S
C238P,P
F1519P,P
F1520P,P
F1410S,S
C268S,S
D232P,P
E488S,S
E490S,S
F1411S,S
A89S,S
D233P,P
E474P,P
E475P,P
G1191S,S
G1178P,P
F1412S,S
F1413S,S
E476P,P
G1179P,P
G1192S,S
D221S,S
C269S,S
G1181P,P
F1522P,P
E492S,S
G1194S,S
C239P,P
G1183P,P
G1184P,P
D234P,P
F1523P,P
F1525P,P
G1185P,P
F1526P,P
F1527P,P
E477P,P
G1186P,P
F1416S,S
F1417S,S
C240P,P
G1198S,S
G1190P,P
G1191P,P
G1192P,P
E478P,P
G1193P,P
B277S,S
C271S,S
F1531P,P
F1418S,S
E479P,P
C272S,S
G1194P,P
F1419S,S
G1195P,P
F1420S,S
G1201S,S
F1533P,P
B278S,S
F1534P,P
G1197P,P
F1535P,P
G1204S,S
G1200P,P
F1423S,S
A79P,P
G1205S,S
A90S,S
E481P,P
B244P,P
G1202P,P
B279S,S
E483P,P
E495S,S
G1203P,P
G1208S,S
G1204P,P
F1539P,P
F1540P,P
F1541P,P
G1205P,P
B281S,S
C275S,S
A80P,P
G1210S,S
E496S,S
G1211S,S
B282S,S
F1543P,P
D223S,S
G1206P,P
G1207P,P
F1426S,S
F1545P,P
F1546P,P
C276S,S
F1429S,S
G1215S,S
E485P,P
G1209P,P
G1210P,P
G1216S,S
E486P,P
G1217S,S
D224S,S
E487P,P
F1431S,S
C278S,S
F1550P,P
F1551P,P
F1432S,S
F1433S,S
C241P,P
B283S,S
F1552P,P
F1553P,P
F1554P,P
E499S,S
B284S,S
F1434S,S
F1435S,S
F1436S,S
E488P,P
F1555P,P
F1437S,S
F1557P,P
B246P,P
F1559P,P
F1560P,P
G1214P,P
G1219S,S
G1215P,P
C279S,S
F1561P,P
G1221S,S
B286S,S
G1223S,S
F1439S,S
F1562P,P
F1440S,S
A81P,P
F1442S,S
F1564P,P
E501S,S
G1225S,S
E489P,P
G1216P,P
E490P,P
F1444S,S
F1569P,P
C244P,P
F1445S,S
F1570P,P
B247P,P
G1227S,S
F1571P,P
E493P,P
D237P,P
G1228S,S
G1217P,P
B287S,S
D239P,P
E502S,S
F1572P,P
G1229S,S
G1230S,S
F1574P,P
B288S,S
C281S,S
C245P,P
G1219P,P
F1450S,S
C282S,S
F1451S,S
C283S,S
G1231S,S
E495P,P
G1232S,S
F1579P,P
F1452S,S
F1453S,S
F1454S,S
A83P,P
C246P,P
F1457S,S
G1235S,S
F1583P,P
B250P,P
G1237S,S
G1223P,P
C284S,S
F1458S,S
E496P,P
A92S,S
F1584P,P
D240P,P
F1585P,P
E497P,P
D226S,S
G1224P,P
G1239S,S
B289S,S
B290S,S
G1226P,P
F1586P,P
C247P,P
G1227P,P
C285S,S
G1240S,S
G1241S,S
G1242S,S
F1461S,S
B292S,S
G1244S,S
B294S,S
G1245S,S
G1229P,P
F1591P,P
B251P,P
G1230P,P
F1465S,S
F1466S,S
D227S,S
G1247S,S
G1231P,P
G1232P,P
C250P,P
G1248S,S
F1467S,S
C286S,S
F1596P,P
G1233P,P
F1597P,P
G1234P,P
F1598P,P
C287S,S
B252P,P
F1599P,P
E499P,P
F1601P,P
B295S,S
F1602P,P
G1235P,P
F1603P,P
G1236P,P
G1251S,S
F1470S,S
G1237P,P
F1471S,S
F1604P,P
G1238P,P
B253P,P
D241P,P
A93S,S
B296S,S
G1239P,P
F1605P,P
E500P,P
G1240P,P
E506S,S
F1606P,P
D242P,P
B254P,P
F1472S,S
E507S,S
C289S,S
C251P,P
B255P,P
E502P,P
F1476S,S
F1609P,P
G1252S,S
E508S,S
F1477S,S
G1244P,P
B298S,S
F1611P,P
A94S,S
D244P,P
C252P,P
F1480S,S
G1245P,P
B299S,S
E503P,P
B300S,S
G1253S,S
F1612P,P
G1246P,P
G1254S,S
F1613P,P
G1257S,S
F1484S,S
E504P,P
G1258S,S
F1485S,S
G1259S,S
G1248P,P
D245P,P
C253P,P
D246P,P
G1249P,P
F1486S,S
E510S,S
F1614P,P
C291S,S
F1487S,S
F1615P,P
G1261S,S
F1616P,P
B301S,S
F1488S,S
F1489S,S
F1490S,S
F1491S,S
F1617P,P
E506P,P
G1251P,P
F1620P,P
G1253P,P
G1254P,P
F1621P,P
G1256P,P
F1493S,S
F1494S,S
F1495S,S
F1622P,P
F1496S,S
F1497S,S
G1257P,P
G1258P,P
G1264S,S
F1624P,P
G1266S,S
G1267S,S
G1268S,S
F1626P,P
D228S,S
B305S,S
G1269S,S
G1270S,S
B306S,S
G1259P,P
F1500S,S
G1260P,P
F1627P,P
E513S,S
B307S,S
G1261P,P
F1501S,S
G1271S,S
E514S,S
F1629P,P
E508P,P
F1502S,S
E515S,S
F1503S,S
G1264P,P
F1630P,P
F1504S,S
G1265P,P
F1505S,S
F1506S,S
C293S,S
C255P,P
E517S,S
B257P,P
G1267P,P
F1633P,P
F1634P,P
B309S,S
G1268P,P
G1269P,P
G1270P,P
F1507S,S
G1271P,P
G1272P,P
E512P,P
G1273P,P
G1274P,P
E518S,S
C256P,P
F1508S,S
G1273S,S
G1274S,S
F1636P,P
E519S,S
F1509S,S
C295S,S
G1275S,S
F1512S,S
G1276P,P
F1638P,P
G1277P,P
C296S,S
F1513S,S
B310S,S
F1639P,P
G1278S,S
G1278P,P
G1279P,P
F1640P,P
G1281P,P
F1515S,S
F1517S,S
F1642P,P
E514P,P
B311S,S
F1520S,S
F1644P,P
G1284P,P
D229S,S
G1281S,S
F1521S,S
C257P,P
B258P,P
D230S,S
F1522S,S
F1645P,P
F1646P,P
G1283S,S
G1287P,P
E516P,P
F1523S,S
E524S,S
G1284S,S
G1288P,P
G1285S,S
E525S,S
F1648P,P
G1290P,P
G1288S,S
D232S,S
C258P,P
B260P,P
C297S,S
C259P,P
G1289S,S
F1652P,P
G1293P,P
B261P,P
F1653P,P
F1654P,P
F1655P,P
D248P,P
B313S,S
G1290S,S
G1294P,P
A96S,S
G1295P,P
F1657P,P
B262P,P
G1292S,S
F1659P,P
F1527S,S
F1528S,S
G1293S,S
F1529S,S
G1296P,P
E517P,P
C300S,S
F1531S,S
E530S,S
G1294S,S
B315S,S
E531S,S
F1532S,S
F1660P,P
F1661P,P
G1298P,P
D249P,P
F1533S,S
B263P,P
F1534S,S
G1297S,S
F1535S,S
G1298S,S
G1299S,S
D250P,P
A85P,P
E532S,S
F1536S,S
F1537S,S
F1538S,S
C301S,S
G1299P,P
A97S,S
G1300P,P
G1301P,P
G1300S,S
G1302S,S
F1663P,P
F1540S,S
E533S,S
C262P,P
B267P,P
F1664P,P
G1302P,P
F1541S,S
F1543S,S
E534S,S
F1544S,S
F1666P,P
F1545S,S
D234S,S
F1546S,S
D236S,S
F1547S,S
C263P,P
G1304P,P
F1667P,P
F1548S,S
D251P,P
G1305P,P
F1668P,P
F1669P,P
C264P,P
F1549S,S
G1306P,P
B268P,P
E521P,P
F1670P,P
F1671P,P
F1672P,P
D238S,S
C265P,P
B317S,S
B269P,P
F1674P,P
F1675P,P
F1677P,P
G1306S,S
F1678P,P
F1552S,S
F1553S,S
B318S,S
D252P,P
B319S,S
G1310P,P
F1555S,S
D253P,P
G1311P,P
C302S,S
G1312P,P
F1681P,P
F1682P,P
G1313P,P
F1683P,P
E522P,P
G1308S,S
F1557S,S
D254P,P
C267P,P
C268P,P
G1314P,P
G1315P,P
E523P,P
G1309S,S
G1310S,S
F1558S,S
B270P,P
G1317P,P
G1318P,P
G1319P,P
E539S,S
G1312S,S
G1320P,P
G1321P,P
G1313S,S
F1560S,S
F1686P,P
F1687P,P
F1688P,P
E524P,P
G1314S,S
E525P,P
G1315S,S
F1561S,S
G1316S,S
F1690P,P
C304S,S
C305S,S
A98S,S
G1317S,S
G1318S,S
F1564S,S
G1319S,S
C271P,P
B320S,S
G1320S,S
F1566S,S
F1567S,S
F1693P,P
G1329P,P
G1330P,P
C306S,S
C307S,S
E541S,S
G1331P,P
F1695P,P
G1322S,S
G1332P,P
D241S,S
G1323S,S
F1569S,S
G1333P,P
D242S,S
G1334P,P
F1570S,S
B272P,P
G1335P,P
A99S,S
F1696P,P
D257P,P
F1697P,P
G1325S,S
F1572S,S
E527P,P
G1336P,P
G1327S,S
F1574S,S
F1575S,S
F1576S,S
F1577S,S
F1578S,S
G1328S,S
F1579S,S
G1330S,S
G1331S,S
G1337P,P
D258P,P
G1339P,P
G1332S,S
F1699P,P
G1341P,P
F1700P,P
G1333S,S
E529P,P
G1342P,P
F1582S,S
G1334S,S
G1343P,P
F1584S,S
G1344P,P
G1345P,P
E530P,P
F1701P,P
B321S,S
F1702P,P
F1586S,S
F1587S,S
G1346P,P
F1588S,S
C273P,P
G1348P,P
G1349P,P
F1703P,P
F1704P,P
G1336S,S
E542S,S
D259P,P
F1705P,P
G1350P,P
G1339S,S
C310S,S
E543S,S
F1591S,S
F1592S,S
F1593S,S
C274P,P
C275P,P
G1340S,S
F1594S,S
F1595S,S
G1351P,P
A100S,S
E545S,S
G1341S,S
D245S,S
F1598S,S
F1709P,P
F1710P,P
F1711P,P
F1712P,P
G1352P,P
F1713P,P
C312S,S
E546S,S
G1353P,P
G1354P,P
G1356P,P
G1357P,P
F1600S,S
G1358P,P
C313S,S
G1359P,P
E531P,P
E547S,S
F1716P,P
D246S,S
F1601S,S
E548S,S
F1717P,P
D247S,S
F1602S,S
F1718P,P
E532P,P
B323S,S
G1361P,P
B326S,S
F1720P,P
A101S,S
G1363P,P
G1364P,P
G1365P,P
F1721P,P
F1604S,S
E549S,S
F1605S,S
F1606S,S
F1607S,S
E537P,P
F1608S,S
F1609S,S
G1367P,P
E550S,S
C277P,P
G1368P,P
F1722P,P
G1369P,P
F1724P,P
G1370P,P
F1610S,S
F1725P,P
B276P,P
D260P,P
G1371P,P
B329S,S
C315S,S
C316S,S
G1346S,S
G1372P,P
D250S,S
F1613S,S
G1373P,P
F1615S,S
F1726P,P
G1374P,P
E553S,S
B330S,S
F1618S,S
G1349S,S
E554S,S
F1619S,S
F1620S,S
G1376P,P
G1351S,S
F1621S,S
B277P,P
G1377P,P
F1729P,P
F1624S,S
G1352S,S
E540P,P
F1733P,P
F1734P,P
B278P,P
C317S,S
F1625S,S
C279P,P
G1354S,S
C280P,P
F1627S,S
C319S,S
G1355S,S
F1628S,S
F1629S,S
F1630S,S
E542P,P
F1736P,P
F1737P,P
G1379P,P
D263P,P
G1356S,S
C281P,P
E556S,S
G1380P,P
F1632S,S
B331S,S
D252S,S
F1633S,S
F1738P,P
G1382P,P
B332S,S
G1358S,S
D253S,S
G1360S,S
C282P,P
G1383P,P
F1635S,S
F1740P,P
G1384P,P
E543P,P
C283P,P
F1743P,P
D254S,S
B279P,P
F1744P,P
G1385P,P
F1746P,P
F1747P,P
G1364S,S
G1365S,S
F1637S,S
F1748P,P
F1750P,P
A102S,S
F1751P,P
C320S,S
B333S,S
G1369S,S
F1640S,S
F1642S,S
E559S,S
F1643S,S
G1372S,S
F1645S,S
D266P,P
E544P,P
F1647S,S
F1753P,P
F1755P,P
F1648S,S
D257S,S
E545P,P
F1756P,P
E547P,P
B280P,P
B334S,S
E548P,P
F1758P,P
G1391P,P
G1375S,S
G1392P,P
A88P,P
G1377S,S
F1651S,S
A89P,P
F1652S,S
G1378S,S
F1653S,S
D258S,S
F1654S,S
G1379S,S
C323S,S
F1655S,S
D259S,S
E550P,P
F1763P,P
E562S,S
D267P,P
D268P,P
G1381S,S
E551P,P
C284P,P
G1382S,S
G1394P,P
G1383S,S
G1396P,P
F1765P,P
C324S,S
G1386S,S
F1658S,S
E563S,S
G1387S,S
E564S,S
G1398P,P
F1766P,P
G1399P,P
G1388S,S
G1400P,P
E565S,S
G1389S,S
F1767P,P
F1768P,P
B336S,S
E566S,S
F1659S,S
F1661S,S
G1390S,S
F1770P,P
F1664S,S
G1391S,S
E553P,P
F1665S,S
G1392S,S
E554P,P
F1772P,P
F1773P,P
E555P,P
G1402P,P
E567S,S
D260S,S
F1666S,S
F1667S,S
F1774P,P
F1775P,P
F1668S,S
F1776P,P
C325S,S
G1404P,P
G1393S,S
F1779P,P
A103S,S
F1780P,P
E568S,S
F1673S,S
F1781P,P
F1675S,S
G1394S,S
G1395S,S
F1676S,S
F1783P,P
D269P,P
E556P,P
F1677S,S
G1397S,S
G1398S,S
A90P,P
G1406P,P
C285P,P
F1784P,P
B281P,P
F1786P,P
F1787P,P
F1679S,S
F1788P,P
G1400S,S
F1680S,S
F1681S,S
G1409P,P
G1410P,P
G1411P,P
F1683S,S
C326S,S
F1684S,S
F1789P,P
F1685S,S
F1686S,S
D264S,S
G1413P,P
F1687S,S
F1688S,S
F1792P,P
D270P,P
F1793P,P
F1689S,S
A104S,S
F1690S,S
B337S,S
E558P,P
F1794P,P
F1797P,P
F1798P,P
G1416P,P
E559P,P
F1691S,S
G1406S,S
G1417P,P
F1799P,P
F1800P,P
A91P,P
F1802P,P
E570S,S
E562P,P
F1804P,P
F1694S,S
D272P,P
F1805P,P
G1408S,S
D265S,S
G1409S,S
F1695S,S
F1696S,S
G1410S,S
F1697S,S
F1807P,P
F1700S,S
F1808P,P
G1421P,P
B339S,S
D274P,P
G1412S,S
E574S,S
G1413S,S
G1414S,S
G1415S,S
F1701S,S
D276P,P
F1810P,P
G1422P,P
B284P,P
G1416S,S
G1417S,S
E576S,S
D277P,P
F1812P,P
E563P,P
G1418S,S
F1704S,S
F1705S,S
F1706S,S
G1419S,S
F1707S,S
D266S,S
F1815P,P
F1708S,S
G1420S,S
F1816P,P
F1817P,P
E577S,S
E564P,P
G1421S,S
F1818P,P
B340S,S
G1426P,P
G1427P,P
G1428P,P
G1429P,P
E565P,P
A92P,P
F1710S,S
F1819P,P
G1422S,S
C290P,P
F1820P,P
F1711S,S
E578S,S
F1712S,S
F1713S,S
G1424S,S
F1715S,S
G1425S,S
F1821P,P
G1430P,P
G1431P,P
F1716S,S
F1822P,P
D267S,S
C327S,S
E579S,S
F1823P,P
E566P,P
F1824P,P
G1427S,S
E580S,S
D278P,P
G1433P,P
G1429S,S
G1434P,P
B285P,P
F1825P,P
E567P,P
C291P,P
C329S,S
E582S,S
F1717S,S
F1826P,P
B286P,P
G1430S,S
G1431S,S
G1432S,S
F1828P,P
G1436P,P
B287P,P
E568P,P
F1829P,P
F1719S,S
G1438P,P
F1830P,P
D269S,S
G1433S,S
G1439P,P
G1434S,S
F1831P,P
F1832P,P
F1721S,S
F1722S,S
G1440P,P
G1435S,S
G1441P,P
B341S,S
G1436S,S
G1437S,S
G1442P,P
E570P,P
F1723S,S
G1438S,S
E585S,S
G1448P,P
C331S,S
D280P,P
G1449P,P
G1450P,P
E571P,P
C333S,S
F1725S,S
F1727S,S
E574P,P
F1729S,S
G1441S,S
E587S,S
E575P,P
F1834P,P
C297P,P
G1442S,S
D270S,S
F1731S,S
B342S,S
G1452P,P
F1837P,P
F1838P,P
G1453P,P
C298P,P
G1455P,P
F1839P,P
F1734S,S
F1735S,S
G1445S,S
E588S,S
C299P,P
C300P,P
F1736S,S
G1446S,S
G1456P,P
F1840P,P
F1737S,S
D272S,S
F1841P,P
E589S,S
F1739S,S
E576P,P
F1842P,P
E590S,S
F1740S,S
D282P,P
G1448S,S
F1741S,S
B291P,P
D283P,P
F1844P,P
D285P,P
F1742S,S
G1449S,S
E591S,S
D274S,S
F1743S,S
F1744S,S
B292P,P
B343S,S
G1458P,P
F1745S,S
G1459P,P
F1846P,P
F1746S,S
G1460P,P
G1461P,P
B293P,P
B344S,S
G1462P,P
E592S,S
F1747S,S
E577P,P
D286P,P
E593S,S
F1749S,S
G1463P,P
G1464P,P
D287P,P
F1847P,P
G1465P,P
G1455S,S
E578P,P
D288P,P
G1466P,P
G1467P,P
F1751S,S
A106S,S
G1470P,P
B294P,P
F1848P,P
C335S,S
G1471P,P
C336S,S
G1457S,S
F1752S,S
B296P,P
F1753S,S
F1853P,P
D276S,S
F1754S,S
F1756S,S
C337S,S
B297P,P
F1855P,P
F1758S,S
A107S,S
B347S,S
G1460S,S
E580P,P
G1461S,S
F1856P,P
G1475P,P
E594S,S
E595S,S
F1857P,P
G1476P,P
F1858P,P
E582P,P
A95P,P
G1463S,S
G1465S,S
F1863P,P
F1864P,P
E597S,S
F1865P,P
G1479P,P
C302P,P
F1761S,S
G1467S,S
G1468S,S
F1866P,P
E598S,S
D290P,P
B348S,S
F1867P,P
F1868P,P
E585P,P
G1482P,P
G1483P,P
F1763S,S
G1469S,S
E599S,S
E586P,P
E600S,S
G1470S,S
F1870P,P
G1484P,P
G1485P,P
F1765S,S
C303P,P
D291P,P
F1871P,P
E601S,S
G1471S,S
F1872P,P
F1766S,S
G1488P,P
B349S,S
F1873P,P
F1768S,S
G1489P,P
G1473S,S
B350S,S
G1474S,S
F1769S,S
G1491P,P
B351S,S
G1476S,S
B298P,P
F1875P,P
F1770S,S
G1493P,P
G1477S,S
E602S,S
F1771S,S
F1772S,S
C338S,S
D295P,P
E587P,P
G1478S,S
F1876P,P
G1479S,S
B299P,P
F1773S,S
F1877P,P
G1494P,P
F1774S,S
F1775S,S
C307P,P
G1480S,S
E588P,P
F1878P,P
G1481S,S
F1777S,S
F1778S,S
F1880P,P
G1483S,S
E603S,S
F1779S,S
C339S,S
C308P,P
E590P,P
G1484S,S
C309P,P
F1780S,S
B300P,P
G1485S,S
F1782S,S
G1486S,S
F1884P,P
E604S,S
B353S,S
G1487S,S
F1783S,S
G1496P,P
F1886P,P
G1497P,P
F1784S,S
F1786S,S
F1787S,S
F1788S,S
G1498P,P
C342S,S
F1888P,P
E592P,P
G1500P,P
F1789S,S
G1488S,S
E593P,P
E595P,P
F1891P,P
G1489S,S
G1490S,S
G1491S,S
F1792S,S
E597P,P
F1793S,S
B301P,P
G1493S,S
G1502P,P
G1494S,S
F1892P,P
F1893P,P
G1504P,P
E606S,S
E607S,S
G1505P,P
G1497S,S
G1507P,P
F1894P,P
G1508P,P
A97P,P
A98P,P
G1499S,S
G1500S,S
E608S,S
