Cabin,Cabin_Side
B/0/P,P
F/0/S,S
A/0/S,S
F/1/S,S
F/0/P,P
F/2/S,S
G/0/S,S
F/3/S,S
B/1/P,P
F/1/P,P
G/1/S,S
F/2/P,P
F/999/P,P
F/3/P,P
F/4/P,P
F/5/P,P
G/0/P,P
F/6/P,P
E/0/S,S
D/0/P,P
C/2/S,S
F/6/S,S
C/0/P,P
F/8/P,P
G/4/S,S
F/9/P,P
D/1/S,S
D/1/P,P
F/8/S,S
F/10/S,S
G/1/P,P
G/2/P,P
B/3/P,P
G/3/P,P
F/10/P,P
E/1/S,S
E/2/S,S
G/6/S,S
F/11/S,S
A/1/S,S
G/7/S,S
F/12/S,S
F/13/S,S
F/14/S,S
E/3/S,S
G/6/P,P
G/10/S,S
F/15/S,S
E/4/S,S
F/16/S,S
F/13/P,P
F/14/P,P
F/17/S,S
D/3/P,P
C/3/S,S
F/18/S,S
F/15/P,P
C/4/S,S
G/13/S,S
F/16/P,P
G/14/S,S
C/5/S,S
F/17/P,P
E/5/S,S
G/15/S,S
G/16/S,S
F/20/S,S
G/9/P,P
A/2/S,S
G/11/P,P
F/19/P,P
G/12/P,P
F/23/S,S
F/24/S,S
G/18/S,S
F/21/P,P
D/2/S,S
G/19/S,S
B/5/P,P
E/6/S,S
B/1/S,S
F/23/P,P
G/20/S,S
F/24/P,P
D/4/P,P
A/0/P,P
F/25/P,P
G/21/S,S
F/27/P,P
F/27/S,S
E/7/S,S
D/3/S,S
E/8/S,S
G/22/S,S
F/29/S,S
D/5/S,S
G/17/P,P
G/23/S,S
G/18/P,P
E/5/P,P
C/6/S,S
G/19/P,P
F/29/P,P
F/30/P,P
F/31/S,S
G/25/S,S
G/26/S,S
F/31/P,P
G/27/S,S
G/20/P,P
F/32/P,P
G/22/P,P
B/8/P,P
G/28/S,S
F/37/P,P
F/35/S,S
G/23/P,P
E/10/S,S
G/30/S,S
G/24/P,P
E/11/S,S
F/38/P,P
B/2/S,S
D/6/S,S
G/26/P,P
G/27/P,P
C/3/P,P
F/36/S,S
G/28/P,P
G/31/S,S
E/8/P,P
G/32/S,S
G/29/P,P
F/41/P,P
F/42/P,P
D/5/P,P
C/5/P,P
G/30/P,P
G/33/S,S
G/31/P,P
B/3/S,S
B/9/P,P
A/2/P,P
C/8/S,S
G/34/S,S
C/9/S,S
G/32/P,P
D/6/P,P
F/44/P,P
E/9/P,P
F/45/P,P
F/46/P,P
F/40/S,S
F/47/P,P
G/36/P,P
G/37/P,P
E/10/P,P
F/48/P,P
E/13/S,S
F/41/S,S
E/14/S,S
G/35/S,S
F/42/S,S
G/38/P,P
F/43/S,S
F/44/S,S
G/36/S,S
F/45/S,S
F/50/P,P
B/11/P,P
F/52/P,P
E/11/P,P
F/46/S,S
G/37/S,S
F/47/S,S
C/6/P,P
D/8/P,P
C/10/S,S
G/38/S,S
C/11/S,S
F/53/P,P
G/42/P,P
F/54/P,P
A/3/S,S
F/49/S,S
F/50/S,S
E/16/S,S
F/56/P,P
G/43/P,P
D/8/S,S
F/51/S,S
F/52/S,S
F/59/P,P
D/9/S,S
F/61/P,P
G/45/P,P
F/63/P,P
F/54/S,S
G/46/P,P
F/64/P,P
E/16/P,P
F/65/P,P
B/12/P,P
F/55/S,S
C/12/S,S
B/7/S,S
D/10/S,S
B/8/S,S
G/47/P,P
A/3/P,P
F/67/P,P
G/41/S,S
E/18/S,S
C/7/P,P
E/19/S,S
F/59/S,S
F/60/S,S
F/68/P,P
G/50/P,P
G/51/P,P
G/42/S,S
B/9/S,S
G/44/S,S
F/61/S,S
G/45/S,S
G/53/P,P
G/47/S,S
C/14/S,S
F/72/P,P
F/73/P,P
F/62/S,S
F/74/P,P
F/63/S,S
G/48/S,S
B/10/S,S
G/57/P,P
F/76/P,P
E/21/S,S
G/59/P,P
F/64/S,S
D/12/P,P
G/60/P,P
F/78/P,P
B/15/P,P
F/65/S,S
G/50/S,S
F/66/S,S
F/67/S,S
F/68/S,S
G/51/S,S
F/82/P,P
G/53/S,S
F/83/P,P
F/84/P,P
F/85/P,P
G/62/P,P
E/22/P,P
G/54/S,S
C/15/S,S
B/11/S,S
G/63/P,P
B/16/P,P
G/64/P,P
G/55/S,S
G/56/S,S
G/65/P,P
G/66/P,P
G/57/S,S
E/23/P,P
C/9/P,P
E/24/P,P
B/17/P,P
G/59/S,S
F/69/S,S
D/13/S,S
D/14/S,S
D/15/S,S
D/13/P,P
F/89/P,P
G/69/P,P
F/90/P,P
E/25/P,P
F/71/S,S
F/72/S,S
F/91/P,P
C/11/P,P
F/92/P,P
G/60/S,S
B/18/P,P
B/19/P,P
F/96/P,P
E/26/P,P
C/16/S,S
A/5/S,S
F/75/S,S
F/97/P,P
F/76/S,S
B/20/P,P
F/77/S,S
G/62/S,S
G/63/S,S
F/78/S,S
B/13/S,S
C/13/P,P
F/79/S,S
F/98/P,P
D/15/P,P
F/99/P,P
F/80/S,S
E/25/S,S
B/21/P,P
F/81/S,S
E/27/P,P
G/71/P,P
G/64/S,S
E/26/S,S
B/14/S,S
B/15/S,S
F/83/S,S
G/72/P,P
D/16/S,S
F/84/S,S
G/65/S,S
E/27/S,S
F/85/S,S
G/66/S,S
G/67/S,S
F/100/P,P
E/28/P,P
F/101/P,P
F/86/S,S
B/22/P,P
F/87/S,S
G/69/S,S
E/29/P,P
F/103/P,P
E/30/P,P
G/74/P,P
G/70/S,S
E/28/S,S
F/88/S,S
B/17/S,S
C/19/S,S
G/76/P,P
G/71/S,S
B/18/S,S
F/89/S,S
E/29/S,S
D/19/P,P
E/32/P,P
F/90/S,S
E/31/S,S
B/19/S,S
F/91/S,S
G/74/S,S
C/16/P,P
D/18/S,S
G/78/P,P
B/20/S,S
A/6/S,S
F/109/P,P
F/92/S,S
G/77/S,S
G/78/S,S
E/32/S,S
E/33/P,P
E/33/S,S
F/93/S,S
C/17/P,P
G/81/P,P
G/82/P,P
D/21/P,P
B/23/P,P
G/83/P,P
F/110/P,P
C/18/P,P
F/95/S,S
G/84/P,P
F/111/P,P
F/96/S,S
F/97/S,S
E/36/S,S
D/19/S,S
F/98/S,S
F/99/S,S
G/80/S,S
C/21/S,S
C/19/P,P
C/20/P,P
F/100/S,S
F/102/S,S
G/81/S,S
F/103/S,S
G/82/S,S
F/114/P,P
B/24/P,P
F/115/P,P
E/37/S,S
G/83/S,S
D/20/S,S
F/116/P,P
C/22/S,S
C/21/P,P
F/105/S,S
F/117/P,P
E/34/P,P
F/107/S,S
G/86/P,P
F/108/S,S
G/85/S,S
G/87/P,P
E/38/S,S
F/118/P,P
F/109/S,S
F/120/P,P
D/22/P,P
D/23/P,P
F/121/P,P
G/89/P,P
E/35/P,P
G/90/P,P
G/86/S,S
D/24/P,P
G/87/S,S
E/39/S,S
F/123/P,P
G/91/P,P
G/89/S,S
F/124/P,P
C/23/S,S
F/125/P,P
E/36/P,P
F/126/P,P
C/22/P,P
G/94/P,P
F/128/P,P
F/129/P,P
G/90/S,S
B/25/P,P
G/91/S,S
G/92/S,S
G/95/P,P
F/131/P,P
C/24/S,S
G/93/S,S
F/133/P,P
G/96/P,P
F/112/S,S
F/113/S,S
D/25/P,P
F/135/P,P
G/94/S,S
E/43/S,S
F/136/P,P
E/44/S,S
B/28/P,P
F/137/P,P
F/114/S,S
C/25/S,S
F/138/P,P
E/38/P,P
G/98/P,P
C/26/S,S
F/115/S,S
G/95/S,S
E/45/S,S
E/39/P,P
G/101/P,P
F/117/S,S
G/97/S,S
F/118/S,S
G/98/S,S
G/99/S,S
C/23/P,P
F/140/P,P
E/46/S,S
F/141/P,P
F/142/P,P
F/143/P,P
G/102/P,P
G/103/P,P
G/101/S,S
G/102/S,S
G/103/S,S
G/104/S,S
G/105/P,P
F/121/S,S
F/144/P,P
F/145/P,P
E/41/P,P
F/146/P,P
D/30/P,P
D/23/S,S
E/48/S,S
B/25/S,S
F/122/S,S
E/49/S,S
F/123/S,S
C/27/S,S
G/107/S,S
F/147/P,P
F/126/S,S
D/24/S,S
D/25/S,S
F/127/S,S
G/108/S,S
G/107/P,P
F/149/P,P
G/109/S,S
A/7/S,S
E/42/P,P
F/150/P,P
E/50/S,S
G/109/P,P
E/43/P,P
E/44/P,P
F/132/S,S
G/111/P,P
F/133/S,S
F/134/S,S
E/53/S,S
F/153/P,P
F/154/P,P
F/156/P,P
C/28/S,S
F/157/P,P
C/24/P,P
G/111/S,S
G/112/S,S
F/140/S,S
A/4/P,P
D/31/P,P
B/27/S,S
D/33/P,P
C/26/P,P
G/114/S,S
G/115/S,S
F/142/S,S
G/116/S,S
B/32/P,P
B/28/S,S
G/117/S,S
G/112/P,P
E/56/S,S
F/143/S,S
F/161/P,P
A/5/P,P
F/162/P,P
G/118/S,S
F/163/P,P
C/33/S,S
F/165/P,P
G/113/P,P
G/114/P,P
F/166/P,P
A/8/S,S
G/119/S,S
G/115/P,P
G/117/P,P
F/144/S,S
F/145/S,S
D/28/S,S
F/146/S,S
F/147/S,S
A/6/P,P
F/148/S,S
C/29/P,P
F/149/S,S
G/120/S,S
E/57/S,S
F/151/S,S
F/152/S,S
F/169/P,P
E/59/S,S
E/60/S,S
G/119/P,P
B/29/S,S
G/121/S,S
F/154/S,S
G/122/S,S
F/156/S,S
G/123/S,S
F/158/S,S
G/120/P,P
F/159/S,S
F/170/P,P
F/171/P,P
F/173/P,P
G/124/S,S
F/160/S,S
B/30/S,S
G/123/P,P
B/31/S,S
G/125/S,S
F/175/P,P
B/32/S,S
E/62/S,S
F/176/P,P
A/9/S,S
G/127/S,S
E/48/P,P
G/129/S,S
B/35/S,S
F/163/S,S
G/130/S,S
F/164/S,S
G/126/P,P
A/10/S,S
F/180/P,P
F/165/S,S
G/131/S,S
F/166/S,S
C/30/P,P
D/31/S,S
D/32/S,S
G/127/P,P
G/133/S,S
C/32/P,P
F/184/P,P
G/129/P,P
G/134/S,S
F/187/P,P
G/130/P,P
F/167/S,S
F/188/P,P
G/135/S,S
C/33/P,P
D/38/P,P
F/168/S,S
B/34/P,P
G/137/S,S
F/189/P,P
B/37/S,S
E/51/P,P
G/138/S,S
E/66/S,S
F/190/P,P
G/139/S,S
B/35/P,P
C/38/S,S
B/38/S,S
E/67/S,S
F/191/P,P
B/39/S,S
G/140/S,S
G/133/P,P
F/192/P,P
G/134/P,P
F/193/P,P
C/35/P,P
F/194/P,P
F/172/S,S
E/68/S,S
G/143/S,S
G/135/P,P
G/136/P,P
F/195/P,P
F/196/P,P
G/137/P,P
F/198/P,P
G/138/P,P
G/140/P,P
G/144/S,S
F/175/S,S
F/199/P,P
G/145/S,S
E/70/S,S
F/201/P,P
E/72/S,S
G/141/P,P
B/36/P,P
F/178/S,S
F/179/S,S
E/53/P,P
F/202/P,P
G/142/P,P
G/143/P,P
E/54/P,P
E/56/P,P
G/146/S,S
F/203/P,P
B/40/S,S
G/145/P,P
G/149/S,S
G/150/S,S
F/182/S,S
E/57/P,P
F/204/P,P
G/151/S,S
E/73/S,S
G/146/P,P
F/183/S,S
G/152/S,S
D/35/S,S
F/184/S,S
G/153/S,S
F/185/S,S
C/36/P,P
F/186/S,S
C/37/P,P
D/39/P,P
G/154/S,S
F/187/S,S
A/11/S,S
G/156/S,S
E/74/S,S
C/39/S,S
G/148/P,P
G/149/P,P
G/158/S,S
F/207/P,P
F/189/S,S
F/190/S,S
G/150/P,P
F/191/S,S
F/208/P,P
F/209/P,P
G/152/P,P
F/210/P,P
G/159/S,S
F/211/P,P
F/212/P,P
F/213/P,P
F/194/S,S
G/153/P,P
G/154/P,P
G/155/P,P
F/214/P,P
G/161/S,S
G/163/S,S
G/164/S,S
F/215/P,P
C/38/P,P
F/196/S,S
G/156/P,P
F/216/P,P
F/217/P,P
F/197/S,S
F/198/S,S
F/199/S,S
F/200/S,S
F/218/P,P
C/39/P,P
F/201/S,S
G/166/S,S
F/219/P,P
B/38/P,P
F/202/S,S
F/220/P,P
G/167/S,S
T/0/P,P
B/41/S,S
G/161/P,P
G/162/P,P
E/60/P,P
G/163/P,P
F/204/S,S
F/205/S,S
F/206/S,S
F/207/S,S
G/165/P,P
G/166/P,P
E/61/P,P
G/169/S,S
D/41/P,P
F/223/P,P
D/42/P,P
F/224/P,P
G/170/S,S
E/76/S,S
F/225/P,P
F/226/P,P
E/62/P,P
F/227/P,P
F/208/S,S
F/211/S,S
C/42/S,S
B/39/P,P
E/78/S,S
E/79/S,S
G/173/S,S
G/174/S,S
E/63/P,P
F/229/P,P
B/40/P,P
B/43/S,S
E/80/S,S
E/81/S,S
D/38/S,S
E/64/P,P
G/175/S,S
B/46/S,S
G/176/S,S
G/173/P,P
G/177/S,S
F/217/S,S
F/232/P,P
B/42/P,P
C/42/P,P
G/178/S,S
G/179/S,S
F/218/S,S
G/174/P,P
B/43/P,P
F/233/P,P
G/175/P,P
B/47/S,S
B/48/S,S
C/45/S,S
F/235/P,P
B/44/P,P
C/43/P,P
F/236/P,P
E/69/P,P
F/221/S,S
E/83/S,S
G/182/S,S
G/176/P,P
F/223/S,S
C/44/P,P
F/224/S,S
B/49/S,S
F/225/S,S
F/237/P,P
E/70/P,P
E/71/P,P
G/183/S,S
F/227/S,S
F/228/S,S
G/184/S,S
C/46/P,P
E/72/P,P
F/229/S,S
F/238/P,P
B/50/S,S
F/239/P,P
B/45/P,P
E/73/P,P
B/51/S,S
F/241/P,P
G/178/P,P
G/179/P,P
G/186/S,S
F/232/S,S
G/180/P,P
F/242/P,P
G/181/P,P
G/187/S,S
G/182/P,P
F/243/P,P
E/76/P,P
G/188/S,S
E/87/S,S
G/183/P,P
C/48/S,S
F/244/P,P
E/89/S,S
F/245/P,P
G/189/S,S
E/77/P,P
C/49/S,S
G/184/P,P
F/236/S,S
F/237/S,S
F/246/P,P
C/50/S,S
B/53/S,S
E/78/P,P
F/238/S,S
C/48/P,P
A/9/P,P
G/185/P,P
F/239/S,S
F/240/S,S
D/44/S,S
F/241/S,S
F/242/S,S
E/92/S,S
A/10/P,P
F/243/S,S
G/186/P,P
C/49/P,P
F/244/S,S
E/79/P,P
G/191/S,S
E/80/P,P
G/189/P,P
F/246/S,S
F/254/P,P
G/190/P,P
C/50/P,P
F/257/P,P
G/193/S,S
G/191/P,P
G/194/S,S
F/247/S,S
F/258/P,P
F/248/S,S
F/259/P,P
G/192/P,P
G/195/S,S
F/260/P,P
B/55/S,S
F/261/P,P
A/14/S,S
F/250/S,S
F/251/S,S
D/45/S,S
E/82/P,P
B/56/S,S
G/193/P,P
E/94/S,S
F/264/P,P
C/52/S,S
F/265/P,P
D/43/P,P
G/194/P,P
E/95/S,S
F/266/P,P
G/196/P,P
F/267/P,P
G/199/S,S
E/97/S,S
F/257/S,S
G/198/P,P
D/46/S,S
G/200/S,S
E/98/S,S
F/269/P,P
G/199/P,P
G/201/S,S
F/258/S,S
G/203/S,S
G/200/P,P
F/260/S,S
F/271/P,P
B/57/S,S
G/206/S,S
F/261/S,S
G/202/P,P
F/272/P,P
F/262/S,S
G/203/P,P
G/207/S,S
D/48/S,S
E/100/S,S
F/265/S,S
B/58/S,S
G/206/P,P
G/208/P,P
E/102/S,S
D/44/P,P
G/208/S,S
F/267/S,S
G/211/P,P
C/52/P,P
G/212/P,P
F/275/P,P
F/268/S,S
C/53/S,S
G/209/S,S
E/104/S,S
D/49/S,S
E/105/S,S
G/210/S,S
F/269/S,S
G/213/P,P
G/214/P,P
E/85/P,P
G/212/S,S
G/215/P,P
F/276/P,P
F/270/S,S
G/214/S,S
F/271/S,S
G/216/P,P
F/272/S,S
G/217/P,P
G/218/P,P
G/215/S,S
E/86/P,P
B/60/S,S
E/106/S,S
F/278/P,P
G/216/S,S
F/279/P,P
G/217/S,S
G/218/S,S
F/280/P,P
D/45/P,P
G/219/P,P
C/54/S,S
F/273/S,S
E/108/S,S
F/274/S,S
B/61/S,S
B/47/P,P
F/282/P,P
G/220/P,P
D/46/P,P
F/275/S,S
E/109/S,S
F/283/P,P
G/221/P,P
G/219/S,S
G/222/P,P
G/223/P,P
E/89/P,P
F/279/S,S
D/52/S,S
F/280/S,S
G/220/S,S
G/225/P,P
C/55/S,S
G/221/S,S
G/227/P,P
D/53/S,S
C/56/S,S
C/53/P,P
G/229/P,P
D/54/S,S
B/62/S,S
E/110/S,S
G/223/S,S
F/285/P,P
G/230/P,P
G/224/S,S
G/231/P,P
F/282/S,S
G/233/P,P
E/111/S,S
F/287/P,P
F/289/P,P
F/290/P,P
E/91/P,P
E/93/P,P
F/291/P,P
E/94/P,P
G/229/S,S
D/47/P,P
G/240/P,P
F/292/P,P
F/285/S,S
F/295/P,P
F/287/S,S
G/230/S,S
F/288/S,S
G/243/P,P
D/48/P,P
F/298/P,P
F/289/S,S
G/231/S,S
E/95/P,P
F/291/S,S
B/63/S,S
F/293/S,S
G/235/S,S
F/295/S,S
B/64/S,S
G/236/S,S
F/299/P,P
F/300/P,P
D/49/P,P
D/50/P,P
A/16/S,S
G/237/S,S
B/65/S,S
G/244/P,P
F/297/S,S
A/17/S,S
C/55/P,P
F/298/S,S
F/299/S,S
C/56/P,P
G/245/P,P
F/301/S,S
B/50/P,P
C/58/S,S
E/96/P,P
G/240/S,S
A/18/S,S
G/247/P,P
G/242/S,S
F/305/P,P
F/306/P,P
F/303/S,S
F/304/S,S
B/53/P,P
G/248/P,P
F/308/P,P
G/249/P,P
F/309/P,P
D/56/S,S
E/97/P,P
F/310/P,P
E/98/P,P
F/311/P,P
G/246/S,S
F/312/P,P
F/314/P,P
G/251/P,P
G/252/P,P
E/99/P,P
D/57/S,S
C/60/S,S
E/114/S,S
G/253/P,P
C/57/P,P
B/54/P,P
G/254/P,P
C/58/P,P
G/255/P,P
F/307/S,S
F/317/P,P
G/256/P,P
G/257/P,P
E/116/S,S
F/319/P,P
G/248/S,S
E/101/P,P
F/321/P,P
F/322/P,P
G/259/P,P
D/53/P,P
G/249/S,S
F/308/S,S
F/323/P,P
G/250/S,S
C/59/P,P
F/324/P,P
B/71/S,S
G/252/S,S
F/309/S,S
E/118/S,S
C/62/S,S
G/261/P,P
G/253/S,S
F/325/P,P
G/254/S,S
G/255/S,S
E/119/S,S
G/262/P,P
F/327/P,P
G/264/P,P
F/328/P,P
G/265/P,P
G/258/S,S
G/266/P,P
A/19/S,S
F/310/S,S
F/311/S,S
G/267/P,P
F/312/S,S
F/313/S,S
E/122/S,S
A/20/S,S
F/314/S,S
G/268/P,P
D/59/S,S
F/316/S,S
F/317/S,S
G/269/P,P
B/73/S,S
F/318/S,S
F/330/P,P
G/260/S,S
G/270/P,P
E/103/P,P
G/261/S,S
F/331/P,P
G/272/P,P
F/334/P,P
E/124/S,S
G/262/S,S
F/335/P,P
F/321/S,S
G/263/S,S
G/264/S,S
B/55/P,P
G/274/P,P
E/125/S,S
F/336/P,P
B/74/S,S
D/60/S,S
E/126/S,S
F/338/P,P
F/326/S,S
D/61/S,S
E/127/S,S
G/276/P,P
F/327/S,S
F/339/P,P
G/277/P,P
G/265/S,S
G/266/S,S
E/105/P,P
G/278/P,P
F/341/P,P
E/128/S,S
A/21/S,S
F/328/S,S
F/342/P,P
D/54/P,P
G/280/P,P
F/343/P,P
E/106/P,P
G/281/P,P
F/344/P,P
G/283/P,P
G/284/P,P
E/129/S,S
G/268/S,S
G/269/S,S
G/270/S,S
D/55/P,P
E/130/S,S
F/331/S,S
G/271/S,S
G/287/P,P
G/288/P,P
F/333/S,S
G/272/S,S
G/273/S,S
F/334/S,S
G/274/S,S
F/336/S,S
F/347/P,P
E/132/S,S
G/275/S,S
E/133/S,S
F/337/S,S
E/134/S,S
F/338/S,S
C/65/S,S
G/276/S,S
F/339/S,S
B/75/S,S
G/291/P,P
F/348/P,P
E/135/S,S
G/277/S,S
G/278/S,S
G/279/S,S
F/349/P,P
C/66/S,S
F/341/S,S
G/281/S,S
E/107/P,P
F/342/S,S
F/352/P,P
C/67/S,S
B/57/P,P
E/137/S,S
G/295/P,P
G/283/S,S
E/109/P,P
F/354/P,P
F/355/P,P
G/284/S,S
E/138/S,S
B/58/P,P
F/346/S,S
F/356/P,P
G/285/S,S
F/347/S,S
F/357/P,P
F/358/P,P
C/68/S,S
F/349/S,S
G/297/P,P
G/298/P,P
G/299/P,P
F/351/S,S
F/352/S,S
F/361/P,P
D/56/P,P
G/288/S,S
C/61/P,P
F/354/S,S
F/362/P,P
F/365/P,P
E/112/P,P
F/355/S,S
G/289/S,S
F/366/P,P
G/290/S,S
G/291/S,S
F/367/P,P
F/356/S,S
G/302/P,P
A/22/S,S
G/303/P,P
E/113/P,P
F/368/P,P
D/63/S,S
F/357/S,S
A/13/P,P
F/358/S,S
F/370/P,P
D/64/S,S
G/292/S,S
F/371/P,P
F/372/P,P
C/70/S,S
E/139/S,S
G/293/S,S
G/305/P,P
F/374/P,P
G/306/P,P
F/375/P,P
D/58/P,P
F/376/P,P
F/377/P,P
C/71/S,S
E/140/S,S
E/141/S,S
G/295/S,S
F/361/S,S
F/378/P,P
G/307/P,P
G/308/P,P
E/142/S,S
D/59/P,P
C/72/S,S
G/296/S,S
G/297/S,S
A/14/P,P
G/298/S,S
G/309/P,P
F/364/S,S
G/299/S,S
D/60/P,P
E/115/P,P
G/300/S,S
E/116/P,P
D/61/P,P
A/23/S,S
E/117/P,P
G/303/S,S
C/65/P,P
G/304/S,S
G/305/S,S
D/66/S,S
E/144/S,S
C/73/S,S
E/118/P,P
G/307/S,S
F/368/S,S
F/369/S,S
F/385/P,P
D/62/P,P
F/386/P,P
F/370/S,S
G/312/P,P
E/120/P,P
G/313/P,P
F/372/S,S
F/374/S,S
E/121/P,P
F/387/P,P
D/68/S,S
G/309/S,S
C/66/P,P
E/122/P,P
G/315/P,P
F/390/P,P
G/316/P,P
F/391/P,P
C/74/S,S
G/318/P,P
G/319/P,P
C/75/S,S
F/375/S,S
A/24/S,S
D/63/P,P
G/310/S,S
B/82/S,S
F/393/P,P
G/311/S,S
F/376/S,S
G/312/S,S
E/124/P,P
G/320/P,P
F/394/P,P
G/321/P,P
F/378/S,S
E/146/S,S
F/379/S,S
F/380/S,S
E/125/P,P
G/314/S,S
F/381/S,S
G/315/S,S
F/383/S,S
C/76/S,S
F/396/P,P
G/323/P,P
F/386/S,S
G/317/S,S
A/25/S,S
B/59/P,P
G/324/P,P
G/318/S,S
B/60/P,P
F/398/P,P
F/387/S,S
B/83/S,S
F/390/S,S
G/322/S,S
E/150/S,S
G/323/S,S
F/399/P,P
F/391/S,S
F/400/P,P
F/402/P,P
F/393/S,S
F/404/P,P
B/85/S,S
G/327/P,P
F/394/S,S
F/395/S,S
F/396/S,S
G/324/S,S
G/328/P,P
E/126/P,P
E/151/S,S
C/68/P,P
C/69/P,P
G/330/P,P
G/331/P,P
F/407/P,P
G/333/P,P
G/327/S,S
D/65/P,P
F/398/S,S
G/328/S,S
F/410/P,P
G/329/S,S
C/70/P,P
E/127/P,P
C/78/S,S
F/401/S,S
D/69/S,S
F/402/S,S
G/334/P,P
F/411/P,P
G/335/P,P
F/407/S,S
A/16/P,P
C/72/P,P
A/26/S,S
F/408/S,S
F/409/S,S
G/331/S,S
F/412/P,P
F/413/P,P
F/414/P,P
D/70/S,S
E/153/S,S
F/410/S,S
F/415/P,P
F/411/S,S
F/412/S,S
B/86/S,S
D/71/S,S
F/413/S,S
C/79/S,S
F/414/S,S
G/335/S,S
G/336/S,S
G/338/P,P
G/339/P,P
F/417/P,P
F/418/P,P
B/87/S,S
D/72/S,S
G/339/S,S
G/340/P,P
D/73/S,S
G/341/P,P
G/342/P,P
G/341/S,S
G/343/P,P
F/415/S,S
F/419/P,P
G/344/P,P
F/420/P,P
F/421/P,P
E/128/P,P
D/74/S,S
F/416/S,S
F/422/P,P
E/129/P,P
G/343/S,S
F/423/P,P
G/344/S,S
F/417/S,S
F/424/P,P
E/130/P,P
F/418/S,S
F/419/S,S
G/345/S,S
F/425/P,P
E/155/S,S
F/420/S,S
B/89/S,S
G/346/P,P
F/426/P,P
G/347/P,P
G/348/P,P
F/421/S,S
F/423/S,S
F/424/S,S
F/429/P,P
F/425/S,S
G/349/P,P
B/63/P,P
F/431/P,P
F/427/S,S
F/433/P,P
G/351/P,P
G/347/S,S
G/352/P,P
G/348/S,S
F/435/P,P
C/80/S,S
F/428/S,S
B/64/P,P
F/429/S,S
G/350/S,S
F/437/P,P
F/438/P,P
G/354/P,P
F/430/S,S
F/431/S,S
F/439/P,P
G/352/S,S
F/440/P,P
B/65/P,P
E/156/S,S
F/442/P,P
D/75/S,S
F/443/P,P
D/76/S,S
B/90/S,S
E/157/S,S
F/432/S,S
G/354/S,S
F/433/S,S
G/355/S,S
F/434/S,S
F/445/P,P
A/27/S,S
G/357/S,S
G/355/P,P
G/358/S,S
F/435/S,S
G/356/P,P
E/158/S,S
F/437/S,S
E/159/S,S
F/438/S,S
G/359/P,P
F/448/P,P
E/134/P,P
D/66/P,P
F/449/P,P
C/83/S,S
A/28/S,S
F/439/S,S
F/451/P,P
G/362/P,P
A/29/S,S
G/363/P,P
G/359/S,S
F/455/P,P
C/75/P,P
G/360/S,S
C/76/P,P
B/66/P,P
G/364/P,P
F/441/S,S
G/365/P,P
F/456/P,P
F/442/S,S
F/457/P,P
E/161/S,S
G/366/P,P
F/458/P,P
F/459/P,P
G/367/P,P
E/162/S,S
C/79/P,P
F/460/P,P
G/362/S,S
C/80/P,P
B/91/S,S
B/92/S,S
E/136/P,P
F/461/P,P
F/463/P,P
F/464/P,P
E/163/S,S
F/465/P,P
G/365/S,S
F/445/S,S
F/466/P,P
G/369/P,P
F/467/P,P
F/448/S,S
C/81/P,P
F/449/S,S
G/367/S,S
A/18/P,P
F/468/P,P
G/368/S,S
C/82/P,P
D/77/S,S
G/371/P,P
D/68/P,P
G/372/P,P
G/369/S,S
F/469/P,P
G/370/S,S
B/67/P,P
G/371/S,S
G/372/S,S
F/470/P,P
G/373/P,P
F/450/S,S
G/373/S,S
G/374/S,S
B/68/P,P
F/472/P,P
F/453/S,S
E/137/P,P
A/30/S,S
G/376/P,P
F/474/P,P
F/475/P,P
F/454/S,S
F/455/S,S
G/378/S,S
F/477/P,P
G/377/P,P
D/78/S,S
G/379/S,S
G/380/S,S
F/457/S,S
D/80/S,S
E/139/P,P
G/379/P,P
G/380/P,P
F/481/P,P
C/85/S,S
G/381/P,P
D/71/P,P
F/482/P,P
F/483/P,P
E/141/P,P
F/484/P,P
D/81/S,S
E/166/S,S
G/383/P,P
F/459/S,S
C/83/P,P
F/487/P,P
F/488/P,P
G/383/S,S
F/461/S,S
E/142/P,P
G/384/S,S
G/385/P,P
E/143/P,P
G/386/P,P
G/387/P,P
E/168/S,S
G/386/S,S
G/387/S,S
F/490/P,P
E/169/S,S
G/388/P,P
G/389/P,P
G/388/S,S
C/86/S,S
F/465/S,S
F/492/P,P
G/390/P,P
G/391/P,P
F/493/P,P
G/392/P,P
G/390/S,S
T/1/P,P
G/391/S,S
G/393/P,P
G/394/P,P
E/145/P,P
G/395/P,P
G/393/S,S
F/466/S,S
B/94/S,S
F/497/P,P
F/498/P,P
F/499/P,P
C/84/P,P
F/467/S,S
F/501/P,P
F/503/P,P
F/504/P,P
F/468/S,S
F/505/P,P
D/72/P,P
F/506/P,P
E/170/S,S
F/507/P,P
F/508/P,P
E/146/P,P
G/395/S,S
F/470/S,S
E/147/P,P
F/510/P,P
F/471/S,S
G/399/P,P
G/400/P,P
F/511/P,P
G/402/P,P
G/396/S,S
G/397/S,S
E/171/S,S
F/472/S,S
D/83/S,S
G/398/S,S
G/403/P,P
E/173/S,S
F/475/S,S
C/85/P,P
F/512/P,P
C/86/P,P
G/404/P,P
F/476/S,S
F/477/S,S
F/513/P,P
D/85/S,S
B/72/P,P
G/401/S,S
F/480/S,S
F/481/S,S
E/176/S,S
C/89/S,S
G/403/S,S
G/404/S,S
F/516/P,P
E/149/P,P
A/19/P,P
D/86/S,S
F/483/S,S
F/517/P,P
C/91/S,S
B/96/S,S
G/406/P,P
C/87/P,P
F/485/S,S
C/88/P,P
E/151/P,P
F/520/P,P
B/73/P,P
D/74/P,P
B/74/P,P
G/405/S,S
F/487/S,S
F/488/S,S
G/407/P,P
F/489/S,S
B/75/P,P
G/409/P,P
E/152/P,P
E/177/S,S
B/77/P,P
E/153/P,P
B/97/S,S
G/410/P,P
F/491/S,S
A/20/P,P
G/407/S,S
F/522/P,P
G/411/P,P
F/523/P,P
F/492/S,S
G/408/S,S
D/87/S,S
B/78/P,P
C/92/S,S
F/525/P,P
G/412/P,P
E/178/S,S
F/526/P,P
E/179/S,S
F/527/P,P
E/155/P,P
G/414/P,P
C/93/S,S
C/90/P,P
F/496/S,S
F/498/S,S
G/412/S,S
E/156/P,P
F/531/P,P
G/415/P,P
G/417/P,P
G/419/P,P
C/91/P,P
G/420/P,P
F/499/S,S
G/413/S,S
D/75/P,P
G/421/P,P
B/98/S,S
F/533/P,P
D/76/P,P
D/77/P,P
F/534/P,P
F/500/S,S
F/535/P,P
F/536/P,P
E/158/P,P
D/88/S,S
F/537/P,P
B/99/S,S
G/416/S,S
F/541/P,P
G/424/P,P
E/159/P,P
F/504/S,S
F/505/S,S
F/542/P,P
G/426/P,P
E/160/P,P
F/543/P,P
F/544/P,P
A/21/P,P
G/427/P,P
F/545/P,P
G/428/P,P
F/508/S,S
D/78/P,P
G/419/S,S
E/181/S,S
F/510/S,S
G/420/S,S
G/430/P,P
F/511/S,S
C/95/S,S
B/80/P,P
F/547/P,P
G/421/S,S
D/79/P,P
G/431/P,P
B/100/S,S
F/513/S,S
G/422/S,S
F/514/S,S
F/549/P,P
E/182/S,S
F/550/P,P
F/515/S,S
G/423/S,S
F/551/P,P
F/552/P,P
E/183/S,S
E/184/S,S
F/516/S,S
G/424/S,S
G/432/P,P
F/554/P,P
F/555/P,P
C/97/S,S
B/81/P,P
D/90/S,S
F/517/S,S
G/426/S,S
G/434/P,P
A/32/S,S
B/83/P,P
G/435/P,P
F/556/P,P
F/557/P,P
E/185/S,S
F/558/P,P
A/22/P,P
E/186/S,S
D/91/S,S
C/94/P,P
F/520/S,S
G/428/S,S
G/437/P,P
G/429/S,S
F/521/S,S
B/102/S,S
B/103/S,S
F/522/S,S
F/523/S,S
B/105/S,S
G/438/P,P
F/561/P,P
G/431/S,S
B/106/S,S
G/439/P,P
F/563/P,P
D/93/S,S
C/99/S,S
F/564/P,P
F/565/P,P
G/440/P,P
F/525/S,S
G/432/S,S
G/433/S,S
F/527/S,S
G/435/S,S
F/567/P,P
D/81/P,P
C/100/S,S
E/187/S,S
G/442/P,P
E/163/P,P
E/164/P,P
F/528/S,S
F/568/P,P
F/569/P,P
F/570/P,P
F/529/S,S
F/571/P,P
F/530/S,S
G/444/P,P
E/165/P,P
E/188/S,S
E/166/P,P
B/85/P,P
F/572/P,P
G/446/P,P
E/167/P,P
G/438/S,S
G/439/S,S
E/168/P,P
E/189/S,S
F/532/S,S
F/533/S,S
G/442/S,S
F/573/P,P
G/443/S,S
G/444/S,S
D/94/S,S
F/575/P,P
D/82/P,P
F/576/P,P
F/578/P,P
G/447/P,P
D/83/P,P
G/448/P,P
C/102/S,S
E/190/S,S
F/535/S,S
G/449/P,P
G/450/P,P
B/86/P,P
G/446/S,S
E/169/P,P
C/103/S,S
F/536/S,S
F/580/P,P
A/23/P,P
G/447/S,S
B/87/P,P
F/581/P,P
F/582/P,P
D/95/S,S
E/171/P,P
G/452/P,P
G/453/P,P
G/454/P,P
F/537/S,S
F/538/S,S
G/449/S,S
G/455/P,P
F/584/P,P
F/585/P,P
F/586/P,P
G/457/P,P
G/458/P,P
G/450/S,S
F/587/P,P
C/104/S,S
F/539/S,S
C/96/P,P
D/86/P,P
E/173/P,P
C/105/S,S
A/24/P,P
F/588/P,P
E/174/P,P
C/107/S,S
F/540/S,S
E/175/P,P
G/452/S,S
G/464/P,P
G/465/P,P
F/544/S,S
F/591/P,P
C/108/S,S
F/545/S,S
C/109/S,S
C/98/P,P
F/546/S,S
F/547/S,S
E/193/S,S
G/466/P,P
D/88/P,P
C/110/S,S
D/89/P,P
E/176/P,P
G/467/P,P
G/454/S,S
B/88/P,P
G/455/S,S
E/194/S,S
B/107/S,S
G/456/S,S
F/592/P,P
F/593/P,P
G/468/P,P
G/457/S,S
G/458/S,S
F/595/P,P
D/90/P,P
G/459/S,S
F/597/P,P
B/89/P,P
G/460/S,S
G/469/P,P
F/598/P,P
G/470/P,P
F/599/P,P
G/461/S,S
F/600/P,P
F/601/P,P
G/471/P,P
G/462/S,S
G/463/S,S
F/552/S,S
G/464/S,S
F/553/S,S
G/473/P,P
F/602/P,P
E/178/P,P
F/603/P,P
D/96/S,S
F/555/S,S
F/606/P,P
F/609/P,P
F/611/P,P
B/92/P,P
G/467/S,S
G/474/P,P
F/557/S,S
T/2/P,P
G/468/S,S
C/100/P,P
F/615/P,P
G/477/P,P
F/558/S,S
G/478/P,P
F/559/S,S
G/469/S,S
G/479/P,P
C/112/S,S
G/482/P,P
F/617/P,P
E/179/P,P
F/619/P,P
G/470/S,S
F/561/S,S
F/620/P,P
F/562/S,S
F/621/P,P
E/180/P,P
A/35/S,S
F/622/P,P
E/181/P,P
G/485/P,P
G/486/P,P
T/3/P,P
E/182/P,P
F/564/S,S
B/93/P,P
B/111/S,S
E/183/P,P
D/97/S,S
E/197/S,S
A/36/S,S
G/472/S,S
F/570/S,S
F/571/S,S
E/198/S,S
B/94/P,P
F/626/P,P
C/113/S,S
F/627/P,P
C/101/P,P
C/114/S,S
G/473/S,S
F/572/S,S
F/573/S,S
G/474/S,S
E/185/P,P
B/96/P,P
G/475/S,S
F/629/P,P
C/115/S,S
E/199/S,S
F/630/P,P
E/187/P,P
B/112/S,S
G/476/S,S
F/574/S,S
C/102/P,P
F/631/P,P
F/632/P,P
G/477/S,S
G/492/P,P
G/493/P,P
C/103/P,P
B/97/P,P
G/478/S,S
F/575/S,S
G/479/S,S
F/634/P,P
F/576/S,S
A/37/S,S
F/577/S,S
F/578/S,S
F/636/P,P
G/480/S,S
E/190/P,P
E/200/S,S
E/191/P,P
F/579/S,S
F/637/P,P
F/581/S,S
D/98/S,S
E/201/S,S
F/638/P,P
G/498/P,P
D/99/S,S
G/499/P,P
E/192/P,P
G/482/S,S
D/94/P,P
E/193/P,P
G/483/S,S
G/500/P,P
G/501/P,P
B/113/S,S
F/640/P,P
G/502/P,P
F/642/P,P
F/584/S,S
C/118/S,S
G/503/P,P
D/100/S,S
D/101/S,S
G/504/P,P
G/505/P,P
A/25/P,P
B/115/S,S
D/102/S,S
G/506/P,P
E/194/P,P
F/585/S,S
D/103/S,S
E/203/S,S
G/485/S,S
F/586/S,S
B/101/P,P
B/102/P,P
G/507/P,P
G/509/P,P
D/95/P,P
G/488/S,S
D/96/P,P
D/97/P,P
F/645/P,P
F/646/P,P
G/510/P,P
G/490/S,S
E/204/S,S
G/491/S,S
G/511/P,P
F/648/P,P
B/116/S,S
G/512/P,P
F/588/S,S
G/492/S,S
F/649/P,P
G/513/P,P
C/119/S,S
G/514/P,P
E/206/S,S
F/591/S,S
F/592/S,S
F/652/P,P
F/594/S,S
G/494/S,S
G/496/S,S
D/100/P,P
F/654/P,P
E/208/S,S
G/500/S,S
F/596/S,S
F/656/P,P
G/516/P,P
F/657/P,P
F/658/P,P
F/598/S,S
G/502/S,S
F/659/P,P
D/101/P,P
F/660/P,P
B/104/P,P
E/196/P,P
F/599/S,S
F/663/P,P
E/197/P,P
F/600/S,S
B/117/S,S
F/601/S,S
E/209/S,S
D/102/P,P
F/603/S,S
F/665/P,P
F/666/P,P
G/505/S,S
F/667/P,P
F/668/P,P
F/669/P,P
F/670/P,P
G/506/S,S
A/27/P,P
G/507/S,S
G/520/P,P
F/672/P,P
E/211/S,S
F/673/P,P
G/521/P,P
E/212/S,S
D/103/P,P
G/508/S,S
G/509/S,S
E/213/S,S
E/198/P,P
F/606/S,S
G/510/S,S
E/214/S,S
G/522/P,P
G/511/S,S
G/523/P,P
F/607/S,S
C/120/S,S
G/513/S,S
B/118/S,S
F/674/P,P
F/609/S,S
F/610/S,S
G/524/P,P
F/676/P,P
E/200/P,P
D/104/P,P
F/677/P,P
E/215/S,S
G/515/S,S
E/216/S,S
G/525/P,P
G/516/S,S
E/202/P,P
G/526/P,P
F/613/S,S
G/528/P,P
C/121/S,S
G/517/S,S
E/217/S,S
G/529/P,P
G/530/P,P
F/615/S,S
F/681/P,P
E/219/S,S
C/122/S,S
G/531/P,P
G/532/P,P
G/518/S,S
G/519/S,S
G/533/P,P
F/617/S,S
A/29/P,P
C/123/S,S
G/534/P,P
F/684/P,P
B/120/S,S
F/619/S,S
G/521/S,S
G/535/P,P
G/522/S,S
F/621/S,S
G/536/P,P
B/121/S,S
F/623/S,S
G/537/P,P
G/538/P,P
F/624/S,S
F/686/P,P
F/687/P,P
G/524/S,S
F/688/P,P
G/525/S,S
D/105/P,P
D/106/P,P
F/690/P,P
G/539/P,P
D/107/P,P
E/221/S,S
E/203/P,P
B/122/S,S
F/626/S,S
F/627/S,S
G/540/P,P
B/123/S,S
G/541/P,P
G/542/P,P
C/110/P,P
F/630/S,S
G/543/P,P
E/222/S,S
G/528/S,S
F/691/P,P
G/544/P,P
F/692/P,P
F/631/S,S
D/107/S,S
F/693/P,P
B/125/S,S
G/546/P,P
G/530/S,S
G/531/S,S
G/532/S,S
E/225/S,S
C/111/P,P
F/633/S,S
G/547/P,P
C/125/S,S
G/535/S,S
G/536/S,S
A/30/P,P
F/635/S,S
D/108/S,S
E/205/P,P
G/550/P,P
A/31/P,P
G/537/S,S
D/109/S,S
F/694/P,P
G/551/P,P
F/638/S,S
F/696/P,P
G/539/S,S
F/697/P,P
G/553/P,P
F/698/P,P
F/699/P,P
E/207/P,P
G/554/P,P
F/641/S,S
G/540/S,S
F/642/S,S
F/643/S,S
B/105/P,P
G/541/S,S
F/700/P,P
G/542/S,S
B/106/P,P
G/543/S,S
G/545/S,S
E/231/S,S
G/556/P,P
G/557/P,P
G/546/S,S
C/112/P,P
G/547/S,S
F/701/P,P
G/558/P,P
B/107/P,P
G/559/P,P
F/702/P,P
F/703/P,P
F/646/S,S
D/108/P,P
G/548/S,S
F/704/P,P
E/209/P,P
G/561/P,P
E/233/S,S
E/234/S,S
G/549/S,S
C/113/P,P
G/551/S,S
F/705/P,P
F/706/P,P
C/114/P,P
G/562/P,P
G/553/S,S
G/564/P,P
F/707/P,P
B/130/S,S
G/565/P,P
F/647/S,S
F/708/P,P
F/648/S,S
B/131/S,S
G/554/S,S
G/555/S,S
F/649/S,S
G/556/S,S
B/132/S,S
G/567/P,P
G/568/P,P
F/709/P,P
G/558/S,S
F/710/P,P
G/560/S,S
G/569/P,P
C/115/P,P
G/561/S,S
F/711/P,P
F/712/P,P
G/562/S,S
B/109/P,P
G/563/S,S
F/654/S,S
B/110/P,P
C/126/S,S
G/571/P,P
B/111/P,P
F/655/S,S
F/717/P,P
G/573/P,P
F/718/P,P
E/237/S,S
F/656/S,S
A/39/S,S
D/110/P,P
F/719/P,P
D/111/P,P
F/720/P,P
E/238/S,S
C/127/S,S
F/722/P,P
D/113/P,P
G/574/P,P
F/723/P,P
G/575/P,P
B/113/P,P
F/661/S,S
F/662/S,S
G/576/P,P
F/725/P,P
G/566/S,S
G/577/P,P
G/578/P,P
B/135/S,S
F/664/S,S
F/727/P,P
F/729/P,P
F/666/S,S
G/568/S,S
F/731/P,P
E/211/P,P
F/732/P,P
F/668/S,S
A/40/S,S
F/733/P,P
E/239/S,S
G/579/P,P
F/669/S,S
C/116/P,P
F/672/S,S
D/112/S,S
G/580/P,P
G/570/S,S
B/136/S,S
F/735/P,P
G/572/S,S
D/115/P,P
F/737/P,P
D/116/P,P
D/117/P,P
F/738/P,P
D/118/P,P
E/212/P,P
D/119/P,P
G/581/P,P
G/582/P,P
G/583/P,P
G/573/S,S
F/739/P,P
F/740/P,P
F/741/P,P
G/574/S,S
G/584/P,P
F/673/S,S
F/742/P,P
F/743/P,P
F/675/S,S
G/585/P,P
F/676/S,S
G/586/P,P
D/120/P,P
E/214/P,P
D/121/P,P
E/215/P,P
G/588/P,P
B/139/S,S
F/745/P,P
G/589/P,P
G/580/S,S
F/678/S,S
G/592/P,P
G/593/P,P
F/747/P,P
D/122/P,P
C/118/P,P
G/582/S,S
F/680/S,S
E/241/S,S
F/748/P,P
F/749/P,P
G/583/S,S
F/682/S,S
G/584/S,S
B/114/P,P
B/115/P,P
C/119/P,P
G/594/P,P
E/216/P,P
G/586/S,S
F/752/P,P
F/753/P,P
F/754/P,P
F/755/P,P
E/242/S,S
D/123/P,P
B/140/S,S
E/244/S,S
G/589/S,S
G/595/P,P
F/757/P,P
F/686/S,S
D/124/P,P
C/132/S,S
F/687/S,S
G/596/P,P
G/591/S,S
G/592/S,S
F/689/S,S
F/690/S,S
G/593/S,S
E/245/S,S
G/594/S,S
B/142/S,S
F/691/S,S
G/595/S,S
A/42/S,S
C/120/P,P
E/246/S,S
G/600/S,S
F/694/S,S
E/247/S,S
B/116/P,P
C/121/P,P
B/144/S,S
F/761/P,P
F/696/S,S
F/697/S,S
F/762/P,P
F/763/P,P
G/598/P,P
G/603/S,S
C/123/P,P
F/767/P,P
E/220/P,P
F/768/P,P
F/699/S,S
F/769/P,P
F/770/P,P
G/604/S,S
G/600/P,P
G/601/P,P
F/700/S,S
C/133/S,S
F/702/S,S
D/116/S,S
G/602/P,P
G/603/P,P
F/704/S,S
G/609/S,S
G/604/P,P
G/612/S,S
G/605/P,P
A/43/S,S
D/118/S,S
G/606/P,P
D/119/S,S
B/145/S,S
G/614/S,S
G/615/S,S
B/117/P,P
G/607/P,P
G/616/S,S
E/249/S,S
G/608/P,P
B/118/P,P
F/774/P,P
B/119/P,P
F/775/P,P
G/610/P,P
D/120/S,S
F/776/P,P
G/611/P,P
G/612/P,P
F/707/S,S
G/617/S,S
G/618/S,S
G/619/S,S
G/613/P,P
E/222/P,P
F/709/S,S
B/146/S,S
F/710/S,S
E/251/S,S
G/615/P,P
B/120/P,P
G/616/P,P
F/777/P,P
F/711/S,S
F/778/P,P
G/617/P,P
F/712/S,S
C/134/S,S
B/147/S,S
F/713/S,S
F/714/S,S
A/44/S,S
F/780/P,P
G/618/P,P
G/619/P,P
E/252/S,S
D/121/S,S
F/716/S,S
D/122/S,S
D/127/P,P
G/620/S,S
G/620/P,P
G/622/S,S
C/136/S,S
B/121/P,P
B/122/P,P
E/253/S,S
G/622/P,P
F/782/P,P
F/783/P,P
F/784/P,P
G/623/S,S
G/624/S,S
F/786/P,P
D/128/P,P
F/717/S,S
D/129/P,P
F/787/P,P
E/225/P,P
E/226/P,P
F/790/P,P
F/718/S,S
F/719/S,S
G/625/S,S
G/626/S,S
G/627/S,S
D/123/S,S
G/627/P,P
E/255/S,S
F/723/S,S
E/227/P,P
E/228/P,P
F/793/P,P
F/794/P,P
G/630/P,P
C/126/P,P
F/795/P,P
G/631/P,P
C/137/S,S
C/127/P,P
F/796/P,P
F/725/S,S
G/632/P,P
F/726/S,S
E/230/P,P
F/729/S,S
E/256/S,S
D/124/S,S
D/125/S,S
F/797/P,P
F/798/P,P
F/731/S,S
G/630/S,S
B/148/S,S
B/149/S,S
F/799/P,P
F/800/P,P
G/631/S,S
E/258/S,S
E/232/P,P
F/801/P,P
B/150/S,S
G/633/P,P
G/633/S,S
G/634/S,S
F/735/S,S
E/233/P,P
C/140/S,S
G/635/P,P
G/636/S,S
E/234/P,P
G/636/P,P
F/804/P,P
G/637/S,S
G/639/S,S
C/141/S,S
F/736/S,S
E/260/S,S
G/640/S,S
F/737/S,S
F/738/S,S
G/641/S,S
D/128/S,S
B/124/P,P
F/806/P,P
E/262/S,S
G/641/P,P
F/808/P,P
G/642/P,P
E/263/S,S
F/810/P,P
C/142/S,S
E/264/S,S
F/740/S,S
F/811/P,P
E/265/S,S
D/129/S,S
G/642/S,S
G/643/S,S
G/644/S,S
F/742/S,S
F/743/S,S
E/237/P,P
D/132/P,P
G/643/P,P
G/645/S,S
F/745/S,S
G/644/P,P
F/812/P,P
F/814/P,P
E/238/P,P
C/143/S,S
F/746/S,S
G/647/S,S
G/648/S,S
F/747/S,S
G/646/P,P
F/817/P,P
F/748/S,S
F/749/S,S
G/647/P,P
E/239/P,P
G/648/P,P
G/650/S,S
F/818/P,P
G/649/P,P
F/819/P,P
G/650/P,P
F/751/S,S
G/651/P,P
E/240/P,P
F/752/S,S
G/652/S,S
E/241/P,P
G/653/P,P
G/654/S,S
G/654/P,P
F/755/S,S
F/822/P,P
D/134/P,P
F/823/P,P
F/756/S,S
B/152/S,S
G/655/P,P
F/825/P,P
F/826/P,P
G/657/S,S
C/129/P,P
G/656/P,P
G/658/S,S
F/757/S,S
F/758/S,S
G/659/S,S
E/242/P,P
F/827/P,P
G/657/P,P
F/829/P,P
G/660/S,S
F/759/S,S
F/760/S,S
G/658/P,P
E/243/P,P
B/125/P,P
E/268/S,S
E/269/S,S
F/761/S,S
F/762/S,S
E/245/P,P
B/126/P,P
F/832/P,P
F/833/P,P
E/246/P,P
B/154/S,S
G/659/P,P
G/661/S,S
C/131/P,P
G/661/P,P
C/144/S,S
E/247/P,P
G/662/P,P
G/662/S,S
G/663/S,S
G/664/S,S
F/764/S,S
G/663/P,P
A/46/S,S
E/248/P,P
F/765/S,S
D/135/P,P
G/664/P,P
G/666/S,S
A/47/S,S
A/35/P,P
G/668/S,S
F/836/P,P
G/669/S,S
F/838/P,P
D/130/S,S
F/766/S,S
G/670/S,S
F/767/S,S
G/665/P,P
B/155/S,S
D/131/S,S
F/768/S,S
B/127/P,P
G/671/S,S
C/145/S,S
E/250/P,P
G/667/P,P
F/771/S,S
F/839/P,P
G/668/P,P
E/252/P,P
C/146/S,S
D/132/S,S
A/48/S,S
D/133/S,S
F/772/S,S
F/841/P,P
G/671/P,P
F/842/P,P
E/253/P,P
G/672/P,P
G/673/P,P
F/773/S,S
B/128/P,P
G/674/P,P
G/675/P,P
G/675/S,S
G/676/S,S
B/158/S,S
F/843/P,P
E/255/P,P
G/678/S,S
B/129/P,P
E/270/S,S
G/679/S,S
F/774/S,S
G/680/S,S
G/677/P,P
B/130/P,P
F/846/P,P
F/847/P,P
C/147/S,S
G/678/P,P
F/777/S,S
F/778/S,S
F/851/P,P
G/679/P,P
C/148/S,S
E/258/P,P
E/259/P,P
F/852/P,P
C/149/S,S
G/682/P,P
F/780/S,S
G/683/P,P
F/853/P,P
F/781/S,S
G/684/P,P
E/273/S,S
F/782/S,S
F/783/S,S
G/683/S,S
G/685/P,P
B/132/P,P
F/855/P,P
E/260/P,P
D/140/P,P
B/133/P,P
G/686/P,P
F/856/P,P
D/141/P,P
E/261/P,P
F/857/P,P
F/858/P,P
F/859/P,P
D/142/P,P
B/161/S,S
G/687/P,P
A/50/S,S
C/133/P,P
A/51/S,S
F/784/S,S
F/860/P,P
G/688/P,P
G/685/S,S
F/861/P,P
G/686/S,S
D/135/S,S
F/862/P,P
G/688/S,S
F/786/S,S
G/689/S,S
F/787/S,S
D/143/P,P
G/691/P,P
F/789/S,S
F/865/P,P
B/163/S,S
D/144/P,P
C/151/S,S
C/134/P,P
G/690/S,S
G/691/S,S
E/262/P,P
D/145/P,P
B/134/P,P
F/867/P,P
F/868/P,P
E/263/P,P
F/869/P,P
G/692/P,P
E/264/P,P
F/790/S,S
E/275/S,S
E/266/P,P
F/872/P,P
F/873/P,P
F/791/S,S
B/164/S,S
B/135/P,P
E/277/S,S
B/165/S,S
F/875/P,P
C/152/S,S
F/877/P,P
D/136/S,S
F/794/S,S
G/695/S,S
G/693/P,P
B/166/S,S
F/879/P,P
F/795/S,S
G/696/P,P
B/136/P,P
G/697/P,P
F/880/P,P
G/698/P,P
F/881/P,P
A/37/P,P
F/796/S,S
G/696/S,S
D/137/S,S
C/135/P,P
F/797/S,S
G/697/S,S
G/700/P,P
F/883/P,P
A/38/P,P
F/799/S,S
F/884/P,P
G/698/S,S
C/154/S,S
E/267/P,P
F/890/P,P
G/701/S,S
A/52/S,S
F/801/S,S
G/702/S,S
D/147/P,P
G/703/S,S
B/138/P,P
G/704/S,S
E/269/P,P
G/706/P,P
F/803/S,S
G/705/S,S
F/893/P,P
G/707/P,P
F/805/S,S
E/270/P,P
G/709/P,P
F/807/S,S
B/139/P,P
E/272/P,P
G/710/P,P
F/894/P,P
D/139/S,S
F/808/S,S
G/711/P,P
E/273/P,P
F/810/S,S
F/811/S,S
F/812/S,S
D/140/S,S
G/707/S,S
B/141/P,P
A/53/S,S
E/281/S,S
C/155/S,S
F/813/S,S
C/156/S,S
F/814/S,S
F/815/S,S
G/708/S,S
F/816/S,S
G/717/P,P
E/274/P,P
G/718/P,P
B/142/P,P
E/275/P,P
G/709/S,S
F/895/P,P
C/157/S,S
E/276/P,P
B/167/S,S
D/148/P,P
F/818/S,S
C/137/P,P
F/896/P,P
F/819/S,S
B/168/S,S
G/720/P,P
F/898/P,P
F/899/P,P
G/710/S,S
F/900/P,P
F/820/S,S
C/158/S,S
F/821/S,S
E/283/S,S
F/822/S,S
E/284/S,S
F/901/P,P
B/169/S,S
B/170/S,S
F/902/P,P
B/171/S,S
F/903/P,P
F/904/P,P
G/714/S,S
G/722/P,P
E/278/P,P
F/905/P,P
G/715/S,S
G/724/P,P
E/285/S,S
F/830/S,S
G/716/S,S
G/725/P,P
F/831/S,S
G/717/S,S
G/726/P,P
C/159/S,S
G/719/S,S
F/906/P,P
C/160/S,S
G/720/S,S
G/721/S,S
G/722/S,S
F/833/S,S
B/143/P,P
B/172/S,S
E/287/S,S
F/835/S,S
D/141/S,S
C/162/S,S
E/288/S,S
F/836/S,S
G/727/P,P
G/728/P,P
G/729/P,P
G/730/P,P
G/725/S,S
F/910/P,P
F/911/P,P
B/144/P,P
E/291/S,S
F/912/P,P
B/175/S,S
F/913/P,P
D/142/S,S
C/140/P,P
F/914/P,P
G/727/S,S
D/149/P,P
F/916/P,P
F/917/P,P
G/733/P,P
F/838/S,S
F/918/P,P
B/145/P,P
G/728/S,S
A/54/S,S
A/40/P,P
F/919/P,P
B/146/P,P
F/839/S,S
G/734/P,P
F/920/P,P
F/841/S,S
E/292/S,S
G/730/S,S
A/55/S,S
F/921/P,P
G/731/S,S
D/150/P,P
G/732/S,S
D/151/P,P
F/922/P,P
G/733/S,S
G/735/P,P
D/143/S,S
B/148/P,P
G/736/P,P
F/845/S,S
F/846/S,S
F/924/P,P
G/737/P,P
G/734/S,S
F/847/S,S
G/735/S,S
E/281/P,P
C/165/S,S
E/294/S,S
F/926/P,P
E/283/P,P
E/295/S,S
D/144/S,S
B/177/S,S
B/178/S,S
E/296/S,S
G/736/S,S
G/739/P,P
F/848/S,S
F/849/S,S
G/740/P,P
F/929/P,P
F/850/S,S
F/930/P,P
G/738/S,S
F/933/P,P
C/142/P,P
G/739/S,S
B/149/P,P
F/851/S,S
F/934/P,P
G/742/P,P
F/852/S,S
F/935/P,P
G/740/S,S
B/150/P,P
F/936/P,P
G/743/P,P
G/744/P,P
E/297/S,S
E/298/S,S
F/853/S,S
F/937/P,P
C/143/P,P
G/743/S,S
E/286/P,P
C/167/S,S
F/854/S,S
G/744/S,S
C/168/S,S
B/180/S,S
C/169/S,S
G/745/P,P
G/746/P,P
F/939/P,P
F/940/P,P
B/151/P,P
C/170/S,S
G/745/S,S
G/746/S,S
F/856/S,S
F/857/S,S
F/941/P,P
F/942/P,P
F/858/S,S
F/860/S,S
B/181/S,S
B/182/S,S
F/943/P,P
A/42/P,P
E/287/P,P
F/862/S,S
G/750/S,S
C/144/P,P
C/145/P,P
G/751/S,S
G/748/P,P
F/945/P,P
C/171/S,S
G/753/S,S
G/750/P,P
C/172/S,S
G/751/P,P
F/864/S,S
C/173/S,S
G/752/P,P
G/754/S,S
G/755/S,S
B/152/P,P
F/865/S,S
F/866/S,S
G/757/S,S
E/289/P,P
G/753/P,P
C/146/P,P
F/868/S,S
B/183/S,S
C/175/S,S
F/870/S,S
C/147/P,P
C/176/S,S
G/754/P,P
E/299/S,S
G/755/P,P
B/153/P,P
G/760/S,S
F/871/S,S
C/178/S,S
F/947/P,P
F/872/S,S
B/184/S,S
F/873/S,S
F/874/S,S
E/290/P,P
G/762/S,S
C/179/S,S
E/302/S,S
E/291/P,P
B/154/P,P
F/875/S,S
G/763/S,S
G/756/P,P
D/147/S,S
F/876/S,S
F/948/P,P
G/757/P,P
C/148/P,P
G/765/S,S
E/303/S,S
G/758/P,P
C/180/S,S
G/759/P,P
F/950/P,P
G/760/P,P
C/150/P,P
F/951/P,P
C/181/S,S
D/155/P,P
F/952/P,P
F/878/S,S
G/768/S,S
C/182/S,S
B/156/P,P
G/769/S,S
B/186/S,S
F/881/S,S
F/882/S,S
F/883/S,S
F/955/P,P
D/156/P,P
G/762/P,P
E/304/S,S
F/957/P,P
F/958/P,P
E/293/P,P
F/959/P,P
G/764/P,P
F/885/S,S
G/765/P,P
G/766/P,P
E/305/S,S
F/887/S,S
G/771/S,S
F/888/S,S
G/767/P,P
C/187/S,S
F/889/S,S
B/158/P,P
C/151/P,P
E/294/P,P
F/893/S,S
G/773/S,S
F/961/P,P
E/306/S,S
C/152/P,P
G/775/S,S
D/149/S,S
A/57/S,S
F/964/P,P
F/895/S,S
E/307/S,S
F/965/P,P
C/188/S,S
F/896/S,S
F/966/P,P
F/897/S,S
F/968/P,P
F/969/P,P
E/308/S,S
G/776/S,S
F/900/S,S
F/971/P,P
G/777/S,S
F/972/P,P
G/778/S,S
G/779/S,S
A/58/S,S
E/309/S,S
C/189/S,S
A/43/P,P
F/903/S,S
B/159/P,P
B/160/P,P
G/780/S,S
F/904/S,S
B/189/S,S
G/781/S,S
G/782/S,S
E/310/S,S
F/974/P,P
F/905/S,S
E/311/S,S
G/783/S,S
F/975/P,P
G/773/P,P
F/977/P,P
F/906/S,S
G/785/S,S
G/776/P,P
E/299/P,P
C/190/S,S
G/788/S,S
F/907/S,S
F/979/P,P
D/150/S,S
F/980/P,P
F/981/P,P
G/777/P,P
G/789/S,S
G/778/P,P
F/982/P,P
F/983/P,P
F/984/P,P
E/301/P,P
F/911/S,S
F/912/S,S
F/913/S,S
F/915/S,S
B/192/S,S
D/152/S,S
E/302/P,P
E/314/S,S
G/791/S,S
F/917/S,S
F/986/P,P
G/792/S,S
F/918/S,S
C/153/P,P
F/920/S,S
G/782/P,P
G/783/P,P
T/2/S,S
G/784/P,P
F/922/S,S
E/304/P,P
G/785/P,P
F/990/P,P
C/191/S,S
F/925/S,S
F/926/S,S
F/927/S,S
F/929/S,S
G/786/P,P
G/787/P,P
E/315/S,S
B/193/S,S
G/788/P,P
E/316/S,S
F/930/S,S
F/931/S,S
F/991/P,P
C/192/S,S
G/794/S,S
G/795/S,S
F/932/S,S
B/194/S,S
G/796/S,S
G/797/S,S
G/789/P,P
F/992/P,P
F/993/P,P
F/933/S,S
G/799/S,S
F/994/P,P
G/790/P,P
E/305/P,P
G/791/P,P
F/995/P,P
E/317/S,S
F/997/P,P
E/306/P,P
F/998/P,P
D/160/P,P
F/1000/P,P
G/793/P,P
F/1001/P,P
B/195/S,S
G/794/P,P
G/802/S,S
F/935/S,S
F/1002/P,P
F/936/S,S
F/937/S,S
F/1004/P,P
B/161/P,P
D/161/P,P
F/1005/P,P
F/938/S,S
F/1006/P,P
G/803/S,S
G/804/S,S
F/1007/P,P
G/805/S,S
F/1008/P,P
G/806/S,S
F/1009/P,P
A/60/S,S
G/798/P,P
G/799/P,P
G/800/P,P
F/1010/P,P
F/939/S,S
G/808/S,S
G/809/S,S
G/810/S,S
F/942/S,S
G/811/S,S
D/154/S,S
E/308/P,P
F/943/S,S
B/162/P,P
E/309/P,P
G/803/P,P
A/44/P,P
G/813/S,S
F/945/S,S
F/1015/P,P
G/804/P,P
G/805/P,P
F/946/S,S
G/814/S,S
F/1016/P,P
G/816/S,S
E/310/P,P
B/164/P,P
G/806/P,P
F/1018/P,P
G/807/P,P
F/949/S,S
C/156/P,P
G/818/S,S
F/950/S,S
G/808/P,P
G/809/P,P
B/165/P,P
F/1019/P,P
B/166/P,P
F/951/S,S
F/952/S,S
F/1020/P,P
F/1021/P,P
G/811/P,P
F/953/S,S
D/162/P,P
F/1022/P,P
C/194/S,S
F/1023/P,P
F/954/S,S
G/812/P,P
F/955/S,S
F/956/S,S
B/167/P,P
G/813/P,P
F/1024/P,P
E/321/S,S
A/61/S,S
E/322/S,S
G/824/S,S
G/825/S,S
G/814/P,P
F/958/S,S
C/195/S,S
F/1026/P,P
G/826/S,S
F/1028/P,P
E/324/S,S
F/961/S,S
G/816/P,P
F/963/S,S
F/1030/P,P
C/157/P,P
C/196/S,S
E/325/S,S
G/830/S,S
A/62/S,S
E/326/S,S
F/964/S,S
E/314/P,P
F/965/S,S
F/966/S,S
G/817/P,P
F/1033/P,P
F/967/S,S
G/818/P,P
F/969/S,S
G/820/P,P
E/315/P,P
F/970/S,S
F/1036/P,P
F/972/S,S
B/170/P,P
G/821/P,P
E/316/P,P
F/973/S,S
C/158/P,P
F/1038/P,P
G/823/P,P
F/1039/P,P
E/317/P,P
G/833/S,S
G/834/S,S
G/825/P,P
G/835/S,S
B/171/P,P
C/198/S,S
C/199/S,S
F/980/S,S
E/320/P,P
F/981/S,S
F/1044/P,P
F/982/S,S
C/200/S,S
G/837/S,S
F/983/S,S
F/1045/P,P
G/827/P,P
G/838/S,S
G/828/P,P
G/829/P,P
F/1046/P,P
F/984/S,S
G/839/S,S
A/47/P,P
G/840/S,S
F/1050/P,P
G/830/P,P
G/841/S,S
F/986/S,S
F/1051/P,P
G/831/P,P
F/1052/P,P
B/199/S,S
E/321/P,P
B/200/S,S
G/844/S,S
F/1054/P,P
G/832/P,P
D/156/S,S
F/988/S,S
E/322/P,P
F/989/S,S
D/163/P,P
F/990/S,S
F/1056/P,P
F/991/S,S
F/1057/P,P
C/159/P,P
G/834/P,P
E/323/P,P
B/201/S,S
C/160/P,P
G/835/P,P
B/175/P,P
G/836/P,P
G/837/P,P
E/330/S,S
F/1058/P,P
E/324/P,P
G/838/P,P
F/994/S,S
F/995/S,S
C/202/S,S
B/176/P,P
G/839/P,P
E/325/P,P
F/1059/P,P
D/158/S,S
F/1060/P,P
G/840/P,P
F/1061/P,P
F/997/S,S
G/845/S,S
G/841/P,P
F/1062/P,P
E/331/S,S
F/998/S,S
C/163/P,P
F/999/S,S
F/1063/P,P
E/332/S,S
F/1064/P,P
G/842/P,P
G/843/P,P
B/177/P,P
F/1000/S,S
D/165/P,P
F/1065/P,P
F/1002/S,S
F/1003/S,S
E/334/S,S
G/848/S,S
G/849/S,S
E/335/S,S
F/1004/S,S
F/1067/P,P
G/844/P,P
E/326/P,P
G/845/P,P
G/852/S,S
G/853/S,S
G/854/S,S
F/1005/S,S
G/855/S,S
F/1006/S,S
G/847/P,P
F/1070/P,P
G/848/P,P
G/856/S,S
E/327/P,P
F/1007/S,S
F/1071/P,P
F/1008/S,S
F/1009/S,S
B/202/S,S
F/1010/S,S
D/159/S,S
B/178/P,P
C/204/S,S
G/849/P,P
G/850/P,P
G/858/S,S
F/1012/S,S
F/1073/P,P
A/64/S,S
C/205/S,S
F/1013/S,S
E/336/S,S
F/1075/P,P
F/1076/P,P
F/1077/P,P
F/1078/P,P
F/1014/S,S
B/179/P,P
F/1079/P,P
B/203/S,S
G/852/P,P
F/1015/S,S
F/1080/P,P
E/337/S,S
F/1016/S,S
G/860/S,S
G/861/S,S
F/1081/P,P
F/1083/P,P
G/854/P,P
C/206/S,S
G/856/P,P
G/862/S,S
G/863/S,S
G/864/S,S
B/181/P,P
G/857/P,P
F/1019/S,S
F/1084/P,P
B/204/S,S
F/1021/S,S
B/182/P,P
F/1085/P,P
C/208/S,S
F/1086/P,P
F/1087/P,P
E/330/P,P
F/1090/P,P
F/1091/P,P
F/1023/S,S
F/1092/P,P
B/183/P,P
F/1094/P,P
F/1095/P,P
G/862/P,P
G/867/S,S
F/1024/S,S
G/868/S,S
G/869/S,S
E/332/P,P
C/168/P,P
D/167/P,P
E/333/P,P
E/334/P,P
C/169/P,P
D/168/P,P
C/170/P,P
F/1026/S,S
B/205/S,S
D/161/S,S
E/339/S,S
F/1098/P,P
G/865/P,P
E/340/S,S
F/1099/P,P
F/1100/P,P
F/1101/P,P
E/336/P,P
F/1102/P,P
E/337/P,P
E/338/P,P
C/209/S,S
G/870/S,S
E/342/S,S
F/1029/S,S
C/210/S,S
C/173/P,P
F/1030/S,S
F/1104/P,P
F/1105/P,P
A/65/S,S
D/170/P,P
D/171/P,P
G/871/S,S
F/1106/P,P
G/872/S,S
F/1032/S,S
E/343/S,S
D/172/P,P
D/173/P,P
F/1109/P,P
D/162/S,S
G/869/P,P
F/1034/S,S
F/1111/P,P
F/1035/S,S
D/174/P,P
D/163/S,S
B/206/S,S
G/870/P,P
G/871/P,P
G/872/P,P
F/1112/P,P
F/1113/P,P
F/1114/P,P
E/340/P,P
E/349/S,S
F/1036/S,S
G/873/S,S
D/164/S,S
F/1116/P,P
E/341/P,P
F/1117/P,P
E/342/P,P
F/1037/S,S
F/1118/P,P
G/873/P,P
E/350/S,S
G/874/P,P
F/1121/P,P
F/1123/P,P
G/875/P,P
G/875/S,S
F/1041/S,S
B/207/S,S
F/1124/P,P
F/1125/P,P
G/876/P,P
F/1126/P,P
G/877/P,P
F/1127/P,P
C/212/S,S
F/1044/S,S
E/343/P,P
E/344/P,P
F/1129/P,P
E/351/S,S
C/213/S,S
F/1131/P,P
F/1045/S,S
F/1132/P,P
B/185/P,P
F/1046/S,S
B/208/S,S
A/50/P,P
G/878/P,P
G/877/S,S
F/1047/S,S
F/1134/P,P
G/879/S,S
G/880/S,S
F/1048/S,S
G/881/S,S
F/1135/P,P
F/1050/S,S
G/880/P,P
F/1136/P,P
B/186/P,P
G/881/P,P
F/1137/P,P
G/882/S,S
F/1052/S,S
F/1053/S,S
G/882/P,P
B/210/S,S
G/884/S,S
D/175/P,P
G/885/S,S
F/1140/P,P
D/166/S,S
E/356/S,S
F/1055/S,S
G/887/S,S
G/884/P,P
E/346/P,P
A/67/S,S
B/211/S,S
G/889/S,S
F/1141/P,P
E/357/S,S
G/890/S,S
F/1058/S,S
E/358/S,S
F/1059/S,S
G/885/P,P
F/1060/S,S
F/1061/S,S
G/891/S,S
G/886/P,P
F/1143/P,P
C/174/P,P
E/347/P,P
F/1144/P,P
F/1145/P,P
G/893/S,S
F/1062/S,S
F/1063/S,S
F/1146/P,P
B/187/P,P
E/360/S,S
F/1147/P,P
C/175/P,P
F/1149/P,P
G/894/S,S
D/176/P,P
G/895/S,S
G/888/P,P
F/1150/P,P
G/896/S,S
E/361/S,S
G/890/P,P
G/897/S,S
D/168/S,S
A/51/P,P
C/176/P,P
E/349/P,P
B/188/P,P
G/891/P,P
G/900/S,S
F/1153/P,P
F/1154/P,P
F/1155/P,P
F/1156/P,P
G/892/P,P
G/902/S,S
B/212/S,S
G/893/P,P
D/170/S,S
G/894/P,P
F/1158/P,P
G/895/P,P
F/1159/P,P
F/1160/P,P
E/363/S,S
F/1161/P,P
F/1163/P,P
F/1067/S,S
D/179/P,P
G/903/S,S
E/364/S,S
G/904/S,S
F/1069/S,S
B/190/P,P
E/365/S,S
B/213/S,S
F/1164/P,P
G/897/P,P
B/214/S,S
D/171/S,S
F/1072/S,S
G/906/S,S
G/907/S,S
F/1073/S,S
F/1075/S,S
G/908/S,S
F/1076/S,S
G/898/P,P
E/352/P,P
G/911/S,S
G/899/P,P
G/900/P,P
G/901/P,P
F/1166/P,P
F/1168/P,P
G/913/S,S
E/368/S,S
B/216/S,S
F/1077/S,S
F/1169/P,P
F/1078/S,S
F/1079/S,S
C/178/P,P
C/179/P,P
G/902/P,P
G/915/S,S
F/1171/P,P
G/903/P,P
F/1172/P,P
F/1175/P,P
E/355/P,P
G/905/P,P
G/916/S,S
F/1080/S,S
A/71/S,S
G/906/P,P
G/907/P,P
F/1083/S,S
B/217/S,S
E/357/P,P
G/920/S,S
E/359/P,P
G/921/S,S
B/218/S,S
G/910/P,P
D/180/P,P
F/1179/P,P
F/1084/S,S
F/1180/P,P
E/360/P,P
F/1087/S,S
G/922/S,S
G/911/P,P
F/1088/S,S
G/923/S,S
G/924/S,S
D/173/S,S
G/912/P,P
G/913/P,P
G/925/S,S
F/1090/S,S
G/926/S,S
F/1091/S,S
C/215/S,S
F/1092/S,S
F/1183/P,P
E/371/S,S
G/915/P,P
G/916/P,P
F/1093/S,S
G/917/P,P
G/927/S,S
G/918/P,P
B/219/S,S
G/928/S,S
E/372/S,S
G/919/P,P
F/1094/S,S
B/192/P,P
G/920/P,P
F/1185/P,P
F/1186/P,P
F/1187/P,P
G/921/P,P
G/922/P,P
F/1188/P,P
E/362/P,P
F/1189/P,P
C/216/S,S
G/929/S,S
G/930/S,S
A/52/P,P
F/1096/S,S
G/931/S,S
G/932/S,S
F/1192/P,P
A/53/P,P
E/363/P,P
G/924/P,P
G/933/S,S
F/1194/P,P
F/1195/P,P
G/934/S,S
B/220/S,S
F/1099/S,S
F/1100/S,S
C/181/P,P
G/936/S,S
B/193/P,P
B/194/P,P
G/937/S,S
F/1197/P,P
C/217/S,S
F/1102/S,S
F/1199/P,P
G/926/P,P
G/938/S,S
B/195/P,P
F/1200/P,P
F/1201/P,P
F/1104/S,S
G/928/P,P
F/1105/S,S
C/218/S,S
G/941/S,S
B/196/P,P
E/375/S,S
D/182/P,P
F/1106/S,S
F/1107/S,S
F/1108/S,S
F/1203/P,P
D/175/S,S
G/933/P,P
F/1109/S,S
G/934/P,P
F/1204/P,P
F/1205/P,P
G/935/P,P
E/366/P,P
A/54/P,P
G/943/S,S
G/936/P,P
D/176/S,S
G/937/P,P
F/1111/S,S
G/938/P,P
B/221/S,S
F/1112/S,S
C/183/P,P
G/939/P,P
G/944/S,S
G/940/P,P
B/198/P,P
E/367/P,P
G/945/S,S
G/941/P,P
F/1113/S,S
F/1206/P,P
G/946/S,S
B/222/S,S
F/1114/S,S
C/219/S,S
G/946/P,P
C/220/S,S
G/947/S,S
E/369/P,P
E/376/S,S
F/1115/S,S
E/377/S,S
F/1208/P,P
E/370/P,P
F/1117/S,S
F/1209/P,P
G/949/P,P
B/199/P,P
E/378/S,S
G/948/S,S
E/371/P,P
F/1118/S,S
G/949/S,S
G/950/P,P
F/1210/P,P
F/1212/P,P
E/379/S,S
G/952/S,S
F/1120/S,S
G/953/S,S
E/381/S,S
D/184/P,P
F/1213/P,P
F/1121/S,S
B/224/S,S
F/1122/S,S
G/953/P,P
F/1214/P,P
F/1123/S,S
G/954/S,S
F/1216/P,P
E/373/P,P
E/374/P,P
F/1217/P,P
F/1218/P,P
G/954/P,P
G/955/S,S
G/955/P,P
G/957/S,S
C/221/S,S
G/958/S,S
F/1220/P,P
F/1221/P,P
D/177/S,S
E/376/P,P
G/959/S,S
G/957/P,P
G/960/S,S
F/1126/S,S
F/1127/S,S
G/961/S,S
G/963/S,S
D/185/P,P
E/382/S,S
E/383/S,S
A/55/P,P
F/1223/P,P
G/959/P,P
F/1224/P,P
G/960/P,P
F/1129/S,S
F/1225/P,P
B/226/S,S
B/201/P,P
E/377/P,P
B/227/S,S
A/56/P,P
F/1131/S,S
G/962/P,P
E/384/S,S
G/967/S,S
E/385/S,S
E/386/S,S
G/969/S,S
G/970/S,S
E/387/S,S
E/388/S,S
D/180/S,S
F/1132/S,S
E/378/P,P
F/1133/S,S
F/1134/S,S
E/390/S,S
E/391/S,S
E/392/S,S
F/1135/S,S
E/379/P,P
B/203/P,P
D/181/S,S
C/222/S,S
F/1228/P,P
G/964/P,P
G/965/P,P
F/1229/P,P
G/972/S,S
F/1137/S,S
B/229/S,S
F/1230/P,P
F/1138/S,S
F/1139/S,S
D/186/P,P
E/380/P,P
D/182/S,S
B/230/S,S
C/223/S,S
F/1140/S,S
F/1233/P,P
D/187/P,P
E/381/P,P
F/1234/P,P
D/188/P,P
G/973/S,S
F/1235/P,P
F/1141/S,S
G/974/S,S
C/224/S,S
G/975/S,S
E/394/S,S
F/1236/P,P
G/967/P,P
G/977/S,S
G/968/P,P
D/189/P,P
G/969/P,P
G/970/P,P
F/1143/S,S
D/190/P,P
G/971/P,P
F/1238/P,P
G/979/S,S
F/1239/P,P
E/395/S,S
B/231/S,S
E/383/P,P
G/973/P,P
F/1144/S,S
F/1145/S,S
G/974/P,P
F/1242/P,P
F/1243/P,P
G/975/P,P
F/1245/P,P
F/1246/P,P
B/232/S,S
A/57/P,P
E/396/S,S
G/981/S,S
F/1146/S,S
G/982/S,S
E/397/S,S
E/384/P,P
F/1247/P,P
E/385/P,P
E/386/P,P
G/976/P,P
C/225/S,S
F/1147/S,S
G/983/S,S
F/1148/S,S
G/984/S,S
F/1248/P,P
F/1249/P,P
G/978/P,P
B/233/S,S
G/985/S,S
G/986/S,S
G/980/P,P
F/1151/S,S
C/185/P,P
F/1253/P,P
G/982/P,P
F/1153/S,S
F/1254/P,P
E/388/P,P
C/186/P,P
E/398/S,S
C/226/S,S
G/984/P,P
F/1154/S,S
D/185/S,S
D/186/S,S
G/987/S,S
F/1156/S,S
B/206/P,P
G/988/S,S
G/985/P,P
G/989/S,S
G/987/P,P
F/1257/P,P
A/72/S,S
F/1160/S,S
F/1259/P,P
G/988/P,P
F/1260/P,P
F/1161/S,S
G/991/S,S
C/227/S,S
D/192/P,P
F/1162/S,S
F/1163/S,S
G/992/S,S
F/1261/P,P
F/1165/S,S
G/990/P,P
E/401/S,S
C/228/S,S
F/1263/P,P
F/1166/S,S
C/187/P,P
E/389/P,P
A/58/P,P
F/1264/P,P
E/390/P,P
F/1167/S,S
B/234/S,S
F/1266/P,P
E/391/P,P
F/1169/S,S
C/229/S,S
F/1267/P,P
F/1268/P,P
G/991/P,P
C/188/P,P
E/404/S,S
G/992/P,P
F/1270/P,P
C/189/P,P
F/1170/S,S
G/993/S,S
F/1272/P,P
F/1172/S,S
G/994/S,S
F/1173/S,S
E/406/S,S
C/230/S,S
F/1174/S,S
F/1175/S,S
C/231/S,S
B/207/P,P
F/1176/S,S
G/995/S,S
F/1177/S,S
B/235/S,S
B/236/S,S
F/1178/S,S
F/1179/S,S
E/407/S,S
G/996/S,S
F/1181/S,S
E/409/S,S
E/394/P,P
G/998/S,S
G/999/S,S
G/1000/S,S
G/998/P,P
E/410/S,S
G/1001/S,S
B/208/P,P
F/1274/P,P
G/999/P,P
G/1000/P,P
F/1275/P,P
G/1001/P,P
B/209/P,P
G/1002/S,S
C/191/P,P
G/1002/P,P
G/1003/S,S
E/396/P,P
G/1004/P,P
A/59/P,P
F/1183/S,S
F/1185/S,S
E/412/S,S
D/188/S,S
B/238/S,S
A/60/P,P
D/189/S,S
F/1187/S,S
F/1278/P,P
E/397/P,P
F/1279/P,P
D/193/P,P
F/1280/P,P
B/239/S,S
F/1282/P,P
F/1188/S,S
E/413/S,S
F/1283/P,P
F/1284/P,P
F/1190/S,S
E/398/P,P
F/1191/S,S
G/1006/S,S
G/1007/P,P
F/1192/S,S
G/1007/S,S
F/1286/P,P
E/414/S,S
B/241/S,S
F/1287/P,P
F/1194/S,S
F/1195/S,S
F/1196/S,S
F/1197/S,S
F/1198/S,S
G/1010/S,S
G/1011/S,S
F/1199/S,S
G/1012/S,S
G/1008/P,P
G/1013/S,S
F/1200/S,S
F/1201/S,S
F/1289/P,P
B/243/S,S
G/1009/P,P
F/1293/P,P
D/195/P,P
B/213/P,P
F/1294/P,P
F/1296/P,P
F/1202/S,S
F/1297/P,P
A/62/P,P
D/196/P,P
F/1203/S,S
G/1011/P,P
G/1014/S,S
A/74/S,S
G/1012/P,P
G/1015/S,S
F/1205/S,S
F/1206/S,S
B/245/S,S
G/1018/S,S
G/1013/P,P
G/1020/S,S
F/1301/P,P
B/247/S,S
G/1014/P,P
C/192/P,P
F/1303/P,P
F/1304/P,P
F/1305/P,P
G/1015/P,P
C/193/P,P
B/248/S,S
G/1017/P,P
G/1023/S,S
D/190/S,S
C/234/S,S
E/401/P,P
F/1208/S,S
G/1018/P,P
G/1019/P,P
E/418/S,S
C/194/P,P
E/419/S,S
C/235/S,S
E/420/S,S
G/1025/S,S
G/1026/S,S
F/1209/S,S
F/1307/P,P
F/1308/P,P
G/1020/P,P
F/1309/P,P
G/1027/S,S
C/237/S,S
G/1028/S,S
E/421/S,S
F/1210/S,S
F/1312/P,P
F/1313/P,P
G/1022/P,P
C/195/P,P
D/191/S,S
E/423/S,S
G/1023/P,P
F/1212/S,S
G/1030/S,S
C/238/S,S
F/1314/P,P
E/403/P,P
D/199/P,P
F/1315/P,P
F/1213/S,S
F/1316/P,P
F/1214/S,S
A/75/S,S
G/1031/S,S
G/1026/P,P
E/405/P,P
A/64/P,P
E/424/S,S
F/1215/S,S
G/1033/S,S
F/1318/P,P
F/1216/S,S
G/1027/P,P
B/216/P,P
F/1319/P,P
F/1320/P,P
F/1217/S,S
G/1034/S,S
F/1322/P,P
G/1028/P,P
F/1323/P,P
G/1029/P,P
G/1036/S,S
G/1037/S,S
E/427/S,S
F/1223/S,S
G/1030/P,P
G/1031/P,P
A/76/S,S
G/1032/P,P
G/1038/S,S
F/1224/S,S
G/1039/S,S
B/249/S,S
G/1033/P,P
G/1034/P,P
G/1035/P,P
F/1328/P,P
E/407/P,P
A/77/S,S
G/1040/S,S
F/1225/S,S
F/1329/P,P
E/428/S,S
C/197/P,P
F/1330/P,P
E/408/P,P
F/1331/P,P
C/198/P,P
G/1037/P,P
F/1334/P,P
G/1038/P,P
D/202/P,P
D/193/S,S
G/1039/P,P
G/1043/S,S
F/1228/S,S
G/1044/S,S
G/1045/S,S
G/1046/S,S
F/1229/S,S
G/1041/P,P
G/1047/S,S
G/1043/P,P
F/1230/S,S
E/430/S,S
F/1231/S,S
C/200/P,P
F/1336/P,P
G/1044/P,P
G/1045/P,P
G/1046/P,P
D/203/P,P
E/410/P,P
F/1337/P,P
E/431/S,S
G/1047/P,P
F/1232/S,S
F/1233/S,S
F/1234/S,S
F/1338/P,P
F/1339/P,P
E/411/P,P
D/204/P,P
E/432/S,S
G/1050/S,S
B/250/S,S
F/1236/S,S
F/1340/P,P
D/196/S,S
E/412/P,P
E/433/S,S
G/1052/S,S
F/1237/S,S
F/1238/S,S
G/1053/S,S
F/1343/P,P
A/79/S,S
G/1049/P,P
C/201/P,P
G/1055/S,S
G/1050/P,P
F/1344/P,P
E/413/P,P
F/1240/S,S
G/1058/S,S
F/1347/P,P
F/1242/S,S
F/1243/S,S
D/205/P,P
F/1348/P,P
G/1055/P,P
A/80/S,S
F/1244/S,S
B/251/S,S
F/1350/P,P
G/1060/S,S
F/1245/S,S
F/1246/S,S
F/1248/S,S
G/1061/S,S
G/1056/P,P
G/1063/S,S
E/436/S,S
G/1064/S,S
E/415/P,P
C/242/S,S
G/1059/P,P
F/1356/P,P
C/243/S,S
F/1250/S,S
G/1060/P,P
F/1358/P,P
G/1065/S,S
F/1251/S,S
D/198/S,S
G/1061/P,P
F/1360/P,P
F/1362/P,P
E/417/P,P
F/1363/P,P
F/1253/S,S
B/253/S,S
F/1364/P,P
F/1254/S,S
G/1067/S,S
E/437/S,S
F/1255/S,S
G/1063/P,P
F/1365/P,P
F/1366/P,P
G/1064/P,P
G/1068/S,S
F/1256/S,S
F/1257/S,S
A/65/P,P
E/438/S,S
F/1259/S,S
G/1066/P,P
A/66/P,P
B/254/S,S
G/1071/S,S
F/1260/S,S
G/1073/S,S
B/217/P,P
F/1261/S,S
F/1262/S,S
F/1370/P,P
G/1067/P,P
G/1074/S,S
F/1263/S,S
C/245/S,S
F/1372/P,P
F/1265/S,S
D/208/P,P
C/205/P,P
F/1266/S,S
F/1374/P,P
E/420/P,P
E/421/P,P
G/1069/P,P
F/1375/P,P
G/1078/S,S
F/1268/S,S
F/1377/P,P
C/246/S,S
G/1079/S,S
F/1378/P,P
G/1070/P,P
B/218/P,P
G/1071/P,P
G/1072/P,P
F/1379/P,P
G/1073/P,P
F/1381/P,P
F/1270/S,S
C/208/P,P
B/255/S,S
B/219/P,P
C/209/P,P
F/1271/S,S
G/1074/P,P
G/1075/P,P
C/247/S,S
G/1081/S,S
F/1272/S,S
G/1083/S,S
G/1084/S,S
F/1273/S,S
F/1274/S,S
G/1077/P,P
G/1086/S,S
E/422/P,P
B/221/P,P
F/1383/P,P
F/1384/P,P
G/1087/S,S
G/1079/P,P
F/1385/P,P
G/1088/S,S
B/222/P,P
C/248/S,S
G/1089/S,S
E/423/P,P
F/1278/S,S
F/1279/S,S
E/440/S,S
F/1387/P,P
E/424/P,P
E/425/P,P
E/426/P,P
F/1388/P,P
E/427/P,P
D/200/S,S
G/1082/P,P
F/1280/S,S
G/1083/P,P
C/210/P,P
F/1390/P,P
B/256/S,S
E/428/P,P
G/1084/P,P
G/1085/P,P
F/1393/P,P
E/429/P,P
G/1087/P,P
B/224/P,P
G/1091/S,S
A/67/P,P
G/1092/S,S
D/210/P,P
F/1395/P,P
G/1088/P,P
F/1396/P,P
A/81/S,S
G/1095/S,S
E/445/S,S
C/213/P,P
C/214/P,P
G/1089/P,P
G/1090/P,P
A/82/S,S
G/1096/S,S
F/1397/P,P
C/249/S,S
D/203/S,S
G/1097/S,S
G/1098/S,S
F/1286/S,S
F/1287/S,S
F/1399/P,P
D/212/P,P
E/431/P,P
F/1400/P,P
G/1092/P,P
C/215/P,P
F/1289/S,S
D/205/S,S
G/1093/P,P
G/1094/P,P
F/1290/S,S
E/446/S,S
B/226/P,P
C/250/S,S
F/1402/P,P
G/1095/P,P
F/1292/S,S
F/1403/P,P
F/1404/P,P
F/1405/P,P
E/432/P,P
F/1293/S,S
G/1097/P,P
F/1294/S,S
F/1295/S,S
G/1098/P,P
F/1407/P,P
G/1100/P,P
F/1408/P,P
G/1101/S,S
F/1409/P,P
F/1299/S,S
B/258/S,S
C/251/S,S
F/1300/S,S
G/1102/S,S
F/1410/P,P
F/1411/P,P
G/1103/P,P
D/213/P,P
F/1412/P,P
D/206/S,S
G/1104/P,P
F/1414/P,P
C/252/S,S
G/1105/P,P
B/259/S,S
A/68/P,P
E/449/S,S
G/1104/S,S
F/1416/P,P
E/450/S,S
F/1417/P,P
E/451/S,S
G/1108/P,P
F/1304/S,S
F/1418/P,P
F/1419/P,P
F/1420/P,P
F/1305/S,S
G/1108/S,S
F/1306/S,S
G/1109/S,S
A/84/S,S
G/1109/P,P
G/1111/P,P
F/1421/P,P
E/452/S,S
G/1111/S,S
E/435/P,P
F/1307/S,S
F/1422/P,P
E/454/S,S
B/260/S,S
E/455/S,S
D/214/P,P
F/1424/P,P
G/1113/P,P
E/436/P,P
E/456/S,S
C/218/P,P
E/437/P,P
F/1310/S,S
B/229/P,P
G/1113/S,S
G/1114/S,S
G/1115/S,S
F/1311/S,S
A/71/P,P
D/208/S,S
C/253/S,S
F/1427/P,P
F/1428/P,P
G/1116/S,S
A/72/P,P
G/1119/S,S
F/1315/S,S
E/457/S,S
F/1430/P,P
E/438/P,P
G/1120/S,S
F/1316/S,S
G/1122/S,S
F/1317/S,S
D/215/P,P
F/1318/S,S
B/261/S,S
F/1319/S,S
C/220/P,P
E/459/S,S
F/1320/S,S
A/73/P,P
G/1123/S,S
F/1321/S,S
D/217/P,P
F/1431/P,P
F/1322/S,S
E/460/S,S
F/1432/P,P
E/440/P,P
G/1117/P,P
C/254/S,S
G/1124/S,S
F/1323/S,S
C/221/P,P
F/1324/S,S
E/461/S,S
F/1325/S,S
F/1433/P,P
G/1126/S,S
E/462/S,S
C/255/S,S
G/1127/S,S
G/1120/P,P
F/1435/P,P
E/463/S,S
G/1128/S,S
G/1122/P,P
E/441/P,P
G/1129/S,S
C/222/P,P
G/1130/S,S
F/1436/P,P
E/443/P,P
G/1131/S,S
G/1124/P,P
F/1326/S,S
B/262/S,S
C/223/P,P
B/263/S,S
F/1439/P,P
B/264/S,S
E/464/S,S
B/265/S,S
D/219/P,P
E/445/P,P
B/266/S,S
G/1135/S,S
G/1136/S,S
F/1328/S,S
F/1444/P,P
F/1446/P,P
C/256/S,S
F/1447/P,P
E/465/S,S
C/225/P,P
G/1126/P,P
E/466/S,S
G/1127/P,P
G/1137/S,S
E/446/P,P
E/447/P,P
F/1331/S,S
F/1332/S,S
G/1128/P,P
F/1450/P,P
G/1138/S,S
G/1139/S,S
C/226/P,P
B/233/P,P
G/1131/P,P
B/267/S,S
F/1334/S,S
F/1452/P,P
D/220/P,P
F/1453/P,P
F/1454/P,P
E/449/P,P
D/213/S,S
G/1141/S,S
F/1337/S,S
F/1338/S,S
G/1142/S,S
E/450/P,P
F/1339/S,S
G/1143/S,S
F/1340/S,S
F/1455/P,P
G/1144/S,S
C/257/S,S
C/227/P,P
G/1132/P,P
G/1133/P,P
E/467/S,S
F/1457/P,P
G/1145/S,S
G/1146/S,S
D/215/S,S
G/1147/S,S
A/86/S,S
E/451/P,P
G/1148/S,S
F/1458/P,P
G/1135/P,P
F/1459/P,P
F/1341/S,S
G/1136/P,P
D/216/S,S
G/1137/P,P
F/1461/P,P
G/1150/S,S
F/1343/S,S
G/1138/P,P
D/221/P,P
D/222/P,P
G/1152/S,S
F/1462/P,P
G/1153/S,S
F/1344/S,S
D/223/P,P
E/469/S,S
F/1463/P,P
D/217/S,S
F/1346/S,S
F/1347/S,S
G/1154/S,S
G/1155/S,S
G/1156/S,S
F/1464/P,P
F/1350/S,S
E/472/S,S
G/1159/S,S
G/1160/S,S
F/1351/S,S
G/1161/S,S
G/1162/S,S
F/1352/S,S
F/1353/S,S
G/1163/S,S
F/1354/S,S
G/1140/P,P
E/473/S,S
C/259/S,S
F/1355/S,S
F/1466/P,P
F/1467/P,P
G/1141/P,P
F/1468/P,P
D/218/S,S
F/1469/P,P
G/1142/P,P
F/1470/P,P
G/1143/P,P
E/454/P,P
G/1144/P,P
C/260/S,S
A/75/P,P
F/1356/S,S
F/1471/P,P
C/228/P,P
F/1473/P,P
F/1357/S,S
B/268/S,S
F/1358/S,S
F/1359/S,S
F/1361/S,S
F/1362/S,S
G/1146/P,P
B/236/P,P
F/1475/P,P
F/1476/P,P
F/1363/S,S
B/269/S,S
F/1366/S,S
B/237/P,P
B/238/P,P
G/1165/S,S
F/1368/S,S
G/1148/P,P
F/1479/P,P
F/1371/S,S
E/474/S,S
F/1372/S,S
G/1150/P,P
A/87/S,S
F/1482/P,P
E/459/P,P
G/1167/S,S
F/1375/S,S
E/475/S,S
D/219/S,S
C/263/S,S
G/1152/P,P
E/476/S,S
F/1485/P,P
F/1377/S,S
F/1378/S,S
B/270/S,S
G/1168/S,S
G/1154/P,P
G/1155/P,P
G/1156/P,P
F/1486/P,P
C/232/P,P
F/1380/S,S
E/460/P,P
E/478/S,S
F/1488/P,P
G/1170/S,S
E/461/P,P
G/1158/P,P
C/233/P,P
C/234/P,P
G/1171/S,S
F/1490/P,P
G/1172/S,S
F/1381/S,S
F/1382/S,S
F/1383/S,S
G/1174/S,S
C/264/S,S
E/462/P,P
E/463/P,P
F/1386/S,S
F/1387/S,S
G/1160/P,P
G/1161/P,P
F/1492/P,P
F/1493/P,P
F/1389/S,S
F/1494/P,P
E/464/P,P
F/1495/P,P
B/271/S,S
C/235/P,P
B/239/P,P
G/1175/S,S
A/77/P,P
E/481/S,S
F/1497/P,P
F/1391/S,S
G/1177/S,S
B/240/P,P
E/465/P,P
G/1163/P,P
B/241/P,P
F/1499/P,P
F/1392/S,S
B/273/S,S
F/1395/S,S
F/1396/S,S
E/482/S,S
F/1397/S,S
F/1501/P,P
E/466/P,P
D/225/P,P
G/1166/P,P
E/484/S,S
G/1167/P,P
E/467/P,P
F/1502/P,P
F/1503/P,P
F/1398/S,S
G/1168/P,P
C/265/S,S
E/468/P,P
G/1170/P,P
G/1171/P,P
G/1183/S,S
F/1506/P,P
F/1507/P,P
G/1184/S,S
E/485/S,S
C/236/P,P
F/1508/P,P
F/1509/P,P
G/1174/P,P
G/1185/S,S
A/78/P,P
D/227/P,P
D/220/S,S
D/228/P,P
G/1188/S,S
F/1510/P,P
G/1189/S,S
F/1511/P,P
E/486/S,S
E/487/S,S
F/1512/P,P
G/1190/S,S
E/471/P,P
F/1405/S,S
F/1513/P,P
D/229/P,P
F/1514/P,P
D/231/P,P
C/237/P,P
F/1517/P,P
F/1518/P,P
F/1408/S,S
F/1409/S,S
C/238/P,P
F/1519/P,P
F/1520/P,P
F/1410/S,S
C/268/S,S
D/232/P,P
E/488/S,S
E/490/S,S
F/1411/S,S
A/89/S,S
D/233/P,P
E/474/P,P
E/475/P,P
G/1191/S,S
G/1178/P,P
F/1412/S,S
F/1413/S,S
E/476/P,P
G/1179/P,P
G/1192/S,S
D/221/S,S
C/269/S,S
G/1181/P,P
F/1522/P,P
E/492/S,S
G/1194/S,S
C/239/P,P
G/1183/P,P
G/1184/P,P
D/234/P,P
F/1523/P,P
F/1525/P,P
G/1185/P,P
F/1526/P,P
F/1527/P,P
E/477/P,P
G/1186/P,P
F/1416/S,S
F/1417/S,S
C/240/P,P
G/1198/S,S
G/1190/P,P
G/1191/P,P
G/1192/P,P
E/478/P,P
G/1193/P,P
B/277/S,S
C/271/S,S
F/1531/P,P
F/1418/S,S
E/479/P,P
C/272/S,S
G/1194/P,P
F/1419/S,S
G/1195/P,P
F/1420/S,S
G/1201/S,S
F/1533/P,P
B/278/S,S
F/1534/P,P
G/1197/P,P
F/1535/P,P
G/1204/S,S
G/1200/P,P
F/1423/S,S
A/79/P,P
G/1205/S,S
A/90/S,S
E/481/P,P
B/244/P,P
G/1202/P,P
B/279/S,S
E/483/P,P
E/495/S,S
G/1203/P,P
G/1208/S,S
G/1204/P,P
F/1539/P,P
F/1540/P,P
F/1541/P,P
G/1205/P,P
B/281/S,S
C/275/S,S
A/80/P,P
G/1210/S,S
E/496/S,S
G/1211/S,S
B/282/S,S
F/1543/P,P
D/223/S,S
G/1206/P,P
G/1207/P,P
F/1426/S,S
F/1545/P,P
F/1546/P,P
C/276/S,S
F/1429/S,S
G/1215/S,S
E/485/P,P
G/1209/P,P
G/1210/P,P
G/1216/S,S
E/486/P,P
G/1217/S,S
D/224/S,S
E/487/P,P
F/1431/S,S
C/278/S,S
F/1550/P,P
F/1551/P,P
F/1432/S,S
F/1433/S,S
C/241/P,P
B/283/S,S
F/1552/P,P
F/1553/P,P
F/1554/P,P
E/499/S,S
B/284/S,S
F/1434/S,S
F/1435/S,S
F/1436/S,S
E/488/P,P
F/1555/P,P
F/1437/S,S
F/1557/P,P
B/246/P,P
F/1559/P,P
F/1560/P,P
G/1214/P,P
G/1219/S,S
G/1215/P,P
C/279/S,S
F/1561/P,P
G/1221/S,S
B/286/S,S
G/1223/S,S
F/1439/S,S
F/1562/P,P
F/1440/S,S
A/81/P,P
F/1442/S,S
F/1564/P,P
E/501/S,S
G/1225/S,S
E/489/P,P
G/1216/P,P
E/490/P,P
F/1444/S,S
F/1569/P,P
C/244/P,P
F/1445/S,S
F/1570/P,P
B/247/P,P
G/1227/S,S
F/1571/P,P
E/493/P,P
D/237/P,P
G/1228/S,S
G/1217/P,P
B/287/S,S
D/239/P,P
E/502/S,S
F/1572/P,P
G/1229/S,S
G/1230/S,S
F/1574/P,P
B/288/S,S
C/281/S,S
C/245/P,P
G/1219/P,P
F/1450/S,S
C/282/S,S
F/1451/S,S
C/283/S,S
G/1231/S,S
E/495/P,P
G/1232/S,S
F/1579/P,P
F/1452/S,S
F/1453/S,S
F/1454/S,S
A/83/P,P
C/246/P,P
F/1457/S,S
G/1235/S,S
F/1583/P,P
B/250/P,P
G/1237/S,S
G/1223/P,P
C/284/S,S
F/1458/S,S
E/496/P,P
A/92/S,S
F/1584/P,P
D/240/P,P
F/1585/P,P
E/497/P,P
D/226/S,S
G/1224/P,P
G/1239/S,S
B/289/S,S
B/290/S,S
G/1226/P,P
F/1586/P,P
C/247/P,P
G/1227/P,P
C/285/S,S
G/1240/S,S
G/1241/S,S
G/1242/S,S
F/1461/S,S
B/292/S,S
G/1244/S,S
B/294/S,S
G/1245/S,S
G/1229/P,P
F/1591/P,P
B/251/P,P
G/1230/P,P
F/1465/S,S
F/1466/S,S
D/227/S,S
G/1247/S,S
G/1231/P,P
G/1232/P,P
C/250/P,P
G/1248/S,S
F/1467/S,S
C/286/S,S
F/1596/P,P
G/1233/P,P
F/1597/P,P
G/1234/P,P
F/1598/P,P
C/287/S,S
B/252/P,P
F/1599/P,P
E/499/P,P
F/1601/P,P
B/295/S,S
F/1602/P,P
G/1235/P,P
F/1603/P,P
G/1236/P,P
G/1251/S,S
F/1470/S,S
G/1237/P,P
F/1471/S,S
F/1604/P,P
G/1238/P,P
B/253/P,P
D/241/P,P
A/93/S,S
B/296/S,S
G/1239/P,P
F/1605/P,P
E/500/P,P
G/1240/P,P
E/506/S,S
F/1606/P,P
D/242/P,P
B/254/P,P
F/1472/S,S
E/507/S,S
C/289/S,S
C/251/P,P
B/255/P,P
E/502/P,P
F/1476/S,S
F/1609/P,P
G/1252/S,S
E/508/S,S
F/1477/S,S
G/1244/P,P
B/298/S,S
F/1611/P,P
A/94/S,S
D/244/P,P
C/252/P,P
F/1480/S,S
G/1245/P,P
B/299/S,S
E/503/P,P
B/300/S,S
G/1253/S,S
F/1612/P,P
G/1246/P,P
G/1254/S,S
F/1613/P,P
G/1257/S,S
F/1484/S,S
E/504/P,P
G/1258/S,S
F/1485/S,S
G/1259/S,S
G/1248/P,P
D/245/P,P
C/253/P,P
D/246/P,P
G/1249/P,P
F/1486/S,S
E/510/S,S
F/1614/P,P
C/291/S,S
F/1487/S,S
F/1615/P,P
G/1261/S,S
F/1616/P,P
B/301/S,S
F/1488/S,S
F/1489/S,S
F/1490/S,S
F/1491/S,S
F/1617/P,P
E/506/P,P
G/1251/P,P
F/1620/P,P
G/1253/P,P
G/1254/P,P
F/1621/P,P
G/1256/P,P
F/1493/S,S
F/1494/S,S
F/1495/S,S
F/1622/P,P
F/1496/S,S
F/1497/S,S
G/1257/P,P
G/1258/P,P
G/1264/S,S
F/1624/P,P
G/1266/S,S
G/1267/S,S
G/1268/S,S
F/1626/P,P
D/228/S,S
B/305/S,S
G/1269/S,S
G/1270/S,S
B/306/S,S
G/1259/P,P
F/1500/S,S
G/1260/P,P
F/1627/P,P
E/513/S,S
B/307/S,S
G/1261/P,P
F/1501/S,S
G/1271/S,S
E/514/S,S
F/1629/P,P
E/508/P,P
F/1502/S,S
E/515/S,S
F/1503/S,S
G/1264/P,P
F/1630/P,P
F/1504/S,S
G/1265/P,P
F/1505/S,S
F/1506/S,S
C/293/S,S
C/255/P,P
E/517/S,S
B/257/P,P
G/1267/P,P
F/1633/P,P
F/1634/P,P
B/309/S,S
G/1268/P,P
G/1269/P,P
G/1270/P,P
F/1507/S,S
G/1271/P,P
G/1272/P,P
E/512/P,P
G/1273/P,P
G/1274/P,P
E/518/S,S
C/256/P,P
F/1508/S,S
G/1273/S,S
G/1274/S,S
F/1636/P,P
E/519/S,S
F/1509/S,S
C/295/S,S
G/1275/S,S
F/1512/S,S
G/1276/P,P
F/1638/P,P
G/1277/P,P
C/296/S,S
F/1513/S,S
B/310/S,S
F/1639/P,P
G/1278/S,S
G/1278/P,P
G/1279/P,P
F/1640/P,P
G/1281/P,P
F/1515/S,S
F/1517/S,S
F/1642/P,P
E/514/P,P
B/311/S,S
F/1520/S,S
F/1644/P,P
G/1284/P,P
D/229/S,S
G/1281/S,S
F/1521/S,S
C/257/P,P
B/258/P,P
D/230/S,S
F/1522/S,S
F/1645/P,P
F/1646/P,P
G/1283/S,S
G/1287/P,P
E/516/P,P
F/1523/S,S
E/524/S,S
G/1284/S,S
G/1288/P,P
G/1285/S,S
E/525/S,S
F/1648/P,P
G/1290/P,P
G/1288/S,S
D/232/S,S
C/258/P,P
B/260/P,P
C/297/S,S
C/259/P,P
G/1289/S,S
F/1652/P,P
G/1293/P,P
B/261/P,P
F/1653/P,P
F/1654/P,P
F/1655/P,P
D/248/P,P
B/313/S,S
G/1290/S,S
G/1294/P,P
A/96/S,S
G/1295/P,P
F/1657/P,P
B/262/P,P
G/1292/S,S
F/1659/P,P
F/1527/S,S
F/1528/S,S
G/1293/S,S
F/1529/S,S
G/1296/P,P
E/517/P,P
C/300/S,S
F/1531/S,S
E/530/S,S
G/1294/S,S
B/315/S,S
E/531/S,S
F/1532/S,S
F/1660/P,P
F/1661/P,P
G/1298/P,P
D/249/P,P
F/1533/S,S
B/263/P,P
F/1534/S,S
G/1297/S,S
F/1535/S,S
G/1298/S,S
G/1299/S,S
D/250/P,P
A/85/P,P
E/532/S,S
F/1536/S,S
F/1537/S,S
F/1538/S,S
C/301/S,S
G/1299/P,P
A/97/S,S
G/1300/P,P
G/1301/P,P
G/1300/S,S
G/1302/S,S
F/1663/P,P
F/1540/S,S
E/533/S,S
C/262/P,P
B/267/P,P
F/1664/P,P
G/1302/P,P
F/1541/S,S
F/1543/S,S
E/534/S,S
F/1544/S,S
F/1666/P,P
F/1545/S,S
D/234/S,S
F/1546/S,S
D/236/S,S
F/1547/S,S
C/263/P,P
G/1304/P,P
F/1667/P,P
F/1548/S,S
D/251/P,P
G/1305/P,P
F/1668/P,P
F/1669/P,P
C/264/P,P
F/1549/S,S
G/1306/P,P
B/268/P,P
E/521/P,P
F/1670/P,P
F/1671/P,P
F/1672/P,P
D/238/S,S
C/265/P,P
B/317/S,S
B/269/P,P
F/1674/P,P
F/1675/P,P
F/1677/P,P
G/1306/S,S
F/1678/P,P
F/1552/S,S
F/1553/S,S
B/318/S,S
D/252/P,P
B/319/S,S
G/1310/P,P
F/1555/S,S
D/253/P,P
G/1311/P,P
C/302/S,S
G/1312/P,P
F/1681/P,P
F/1682/P,P
G/1313/P,P
F/1683/P,P
E/522/P,P
G/1308/S,S
F/1557/S,S
D/254/P,P
C/267/P,P
C/268/P,P
G/1314/P,P
G/1315/P,P
E/523/P,P
G/1309/S,S
G/1310/S,S
F/1558/S,S
B/270/P,P
G/1317/P,P
G/1318/P,P
G/1319/P,P
E/539/S,S
G/1312/S,S
G/1320/P,P
G/1321/P,P
G/1313/S,S
F/1560/S,S
F/1686/P,P
F/1687/P,P
F/1688/P,P
E/524/P,P
G/1314/S,S
E/525/P,P
G/1315/S,S
F/1561/S,S
G/1316/S,S
F/1690/P,P
C/304/S,S
C/305/S,S
A/98/S,S
G/1317/S,S
G/1318/S,S
F/1564/S,S
G/1319/S,S
C/271/P,P
B/320/S,S
G/1320/S,S
F/1566/S,S
F/1567/S,S
F/1693/P,P
G/1329/P,P
G/1330/P,P
C/306/S,S
C/307/S,S
E/541/S,S
G/1331/P,P
F/1695/P,P
G/1322/S,S
G/1332/P,P
D/241/S,S
G/1323/S,S
F/1569/S,S
G/1333/P,P
D/242/S,S
G/1334/P,P
F/1570/S,S
B/272/P,P
G/1335/P,P
A/99/S,S
F/1696/P,P
D/257/P,P
F/1697/P,P
G/1325/S,S
F/1572/S,S
E/527/P,P
G/1336/P,P
G/1327/S,S
F/1574/S,S
F/1575/S,S
F/1576/S,S
F/1577/S,S
F/1578/S,S
G/1328/S,S
F/1579/S,S
G/1330/S,S
G/1331/S,S
G/1337/P,P
D/258/P,P
G/1339/P,P
G/1332/S,S
F/1699/P,P
G/1341/P,P
F/1700/P,P
G/1333/S,S
E/529/P,P
G/1342/P,P
F/1582/S,S
G/1334/S,S
G/1343/P,P
F/1584/S,S
G/1344/P,P
G/1345/P,P
E/530/P,P
F/1701/P,P
B/321/S,S
F/1702/P,P
F/1586/S,S
F/1587/S,S
G/1346/P,P
F/1588/S,S
C/273/P,P
G/1348/P,P
G/1349/P,P
F/1703/P,P
F/1704/P,P
G/1336/S,S
E/542/S,S
D/259/P,P
F/1705/P,P
G/1350/P,P
G/1339/S,S
C/310/S,S
E/543/S,S
F/1591/S,S
F/1592/S,S
F/1593/S,S
C/274/P,P
C/275/P,P
G/1340/S,S
F/1594/S,S
F/1595/S,S
G/1351/P,P
A/100/S,S
E/545/S,S
G/1341/S,S
D/245/S,S
F/1598/S,S
F/1709/P,P
F/1710/P,P
F/1711/P,P
F/1712/P,P
G/1352/P,P
F/1713/P,P
C/312/S,S
E/546/S,S
G/1353/P,P
G/1354/P,P
G/1356/P,P
G/1357/P,P
F/1600/S,S
G/1358/P,P
C/313/S,S
G/1359/P,P
E/531/P,P
E/547/S,S
F/1716/P,P
D/246/S,S
F/1601/S,S
E/548/S,S
F/1717/P,P
D/247/S,S
F/1602/S,S
F/1718/P,P
E/532/P,P
B/323/S,S
G/1361/P,P
B/326/S,S
F/1720/P,P
A/101/S,S
G/1363/P,P
G/1364/P,P
G/1365/P,P
F/1721/P,P
F/1604/S,S
E/549/S,S
F/1605/S,S
F/1606/S,S
F/1607/S,S
E/537/P,P
F/1608/S,S
F/1609/S,S
G/1367/P,P
E/550/S,S
C/277/P,P
G/1368/P,P
F/1722/P,P
G/1369/P,P
F/1724/P,P
G/1370/P,P
F/1610/S,S
F/1725/P,P
B/276/P,P
D/260/P,P
G/1371/P,P
B/329/S,S
C/315/S,S
C/316/S,S
G/1346/S,S
G/1372/P,P
D/250/S,S
F/1613/S,S
G/1373/P,P
F/1615/S,S
F/1726/P,P
G/1374/P,P
E/553/S,S
B/330/S,S
F/1618/S,S
G/1349/S,S
E/554/S,S
F/1619/S,S
F/1620/S,S
G/1376/P,P
G/1351/S,S
F/1621/S,S
B/277/P,P
G/1377/P,P
F/1729/P,P
F/1624/S,S
G/1352/S,S
E/540/P,P
F/1733/P,P
F/1734/P,P
B/278/P,P
C/317/S,S
F/1625/S,S
C/279/P,P
G/1354/S,S
C/280/P,P
F/1627/S,S
C/319/S,S
G/1355/S,S
F/1628/S,S
F/1629/S,S
F/1630/S,S
E/542/P,P
F/1736/P,P
F/1737/P,P
G/1379/P,P
D/263/P,P
G/1356/S,S
C/281/P,P
E/556/S,S
G/1380/P,P
F/1632/S,S
B/331/S,S
D/252/S,S
F/1633/S,S
F/1738/P,P
G/1382/P,P
B/332/S,S
G/1358/S,S
D/253/S,S
G/1360/S,S
C/282/P,P
G/1383/P,P
F/1635/S,S
F/1740/P,P
G/1384/P,P
E/543/P,P
C/283/P,P
F/1743/P,P
D/254/S,S
B/279/P,P
F/1744/P,P
G/1385/P,P
F/1746/P,P
F/1747/P,P
G/1364/S,S
G/1365/S,S
F/1637/S,S
F/1748/P,P
F/1750/P,P
A/102/S,S
F/1751/P,P
C/320/S,S
B/333/S,S
G/1369/S,S
F/1640/S,S
F/1642/S,S
E/559/S,S
F/1643/S,S
G/1372/S,S
F/1645/S,S
D/266/P,P
E/544/P,P
F/1647/S,S
F/1753/P,P
F/1755/P,P
F/1648/S,S
D/257/S,S
E/545/P,P
F/1756/P,P
E/547/P,P
B/280/P,P
B/334/S,S
E/548/P,P
F/1758/P,P
G/1391/P,P
G/1375/S,S
G/1392/P,P
A/88/P,P
G/1377/S,S
F/1651/S,S
A/89/P,P
F/1652/S,S
G/1378/S,S
F/1653/S,S
D/258/S,S
F/1654/S,S
G/1379/S,S
C/323/S,S
F/1655/S,S
D/259/S,S
E/550/P,P
F/1763/P,P
E/562/S,S
D/267/P,P
D/268/P,P
G/1381/S,S
E/551/P,P
C/284/P,P
G/1382/S,S
G/1394/P,P
G/1383/S,S
G/1396/P,P
F/1765/P,P
C/324/S,S
G/1386/S,S
F/1658/S,S
E/563/S,S
G/1387/S,S
E/564/S,S
G/1398/P,P
F/1766/P,P
G/1399/P,P
G/1388/S,S
G/1400/P,P
E/565/S,S
G/1389/S,S
F/1767/P,P
F/1768/P,P
B/336/S,S
E/566/S,S
F/1659/S,S
F/1661/S,S
G/1390/S,S
F/1770/P,P
F/1664/S,S
G/1391/S,S
E/553/P,P
F/1665/S,S
G/1392/S,S
E/554/P,P
F/1772/P,P
F/1773/P,P
E/555/P,P
G/1402/P,P
E/567/S,S
D/260/S,S
F/1666/S,S
F/1667/S,S
F/1774/P,P
F/1775/P,P
F/1668/S,S
F/1776/P,P
C/325/S,S
G/1404/P,P
G/1393/S,S
F/1779/P,P
A/103/S,S
F/1780/P,P
E/568/S,S
F/1673/S,S
F/1781/P,P
F/1675/S,S
G/1394/S,S
G/1395/S,S
F/1676/S,S
F/1783/P,P
D/269/P,P
E/556/P,P
F/1677/S,S
G/1397/S,S
G/1398/S,S
A/90/P,P
G/1406/P,P
C/285/P,P
F/1784/P,P
B/281/P,P
F/1786/P,P
F/1787/P,P
F/1679/S,S
F/1788/P,P
G/1400/S,S
F/1680/S,S
F/1681/S,S
G/1409/P,P
G/1410/P,P
G/1411/P,P
F/1683/S,S
C/326/S,S
F/1684/S,S
F/1789/P,P
F/1685/S,S
F/1686/S,S
D/264/S,S
G/1413/P,P
F/1687/S,S
F/1688/S,S
F/1792/P,P
D/270/P,P
F/1793/P,P
F/1689/S,S
A/104/S,S
F/1690/S,S
B/337/S,S
E/558/P,P
F/1794/P,P
F/1797/P,P
F/1798/P,P
G/1416/P,P
E/559/P,P
F/1691/S,S
G/1406/S,S
G/1417/P,P
F/1799/P,P
F/1800/P,P
A/91/P,P
F/1802/P,P
E/570/S,S
E/562/P,P
F/1804/P,P
F/1694/S,S
D/272/P,P
F/1805/P,P
G/1408/S,S
D/265/S,S
G/1409/S,S
F/1695/S,S
F/1696/S,S
G/1410/S,S
F/1697/S,S
F/1807/P,P
F/1700/S,S
F/1808/P,P
G/1421/P,P
B/339/S,S
D/274/P,P
G/1412/S,S
E/574/S,S
G/1413/S,S
G/1414/S,S
G/1415/S,S
F/1701/S,S
D/276/P,P
F/1810/P,P
G/1422/P,P
B/284/P,P
G/1416/S,S
G/1417/S,S
E/576/S,S
D/277/P,P
F/1812/P,P
E/563/P,P
G/1418/S,S
F/1704/S,S
F/1705/S,S
F/1706/S,S
G/1419/S,S
F/1707/S,S
D/266/S,S
F/1815/P,P
F/1708/S,S
G/1420/S,S
F/1816/P,P
F/1817/P,P
E/577/S,S
E/564/P,P
G/1421/S,S
F/1818/P,P
B/340/S,S
G/1426/P,P
G/1427/P,P
G/1428/P,P
G/1429/P,P
E/565/P,P
A/92/P,P
F/1710/S,S
F/1819/P,P
G/1422/S,S
C/290/P,P
F/1820/P,P
F/1711/S,S
E/578/S,S
F/1712/S,S
F/1713/S,S
G/1424/S,S
F/1715/S,S
G/1425/S,S
F/1821/P,P
G/1430/P,P
G/1431/P,P
F/1716/S,S
F/1822/P,P
D/267/S,S
C/327/S,S
E/579/S,S
F/1823/P,P
E/566/P,P
F/1824/P,P
G/1427/S,S
E/580/S,S
D/278/P,P
G/1433/P,P
G/1429/S,S
G/1434/P,P
B/285/P,P
F/1825/P,P
E/567/P,P
C/291/P,P
C/329/S,S
E/582/S,S
F/1717/S,S
F/1826/P,P
B/286/P,P
G/1430/S,S
G/1431/S,S
G/1432/S,S
F/1828/P,P
G/1436/P,P
B/287/P,P
E/568/P,P
F/1829/P,P
F/1719/S,S
G/1438/P,P
F/1830/P,P
D/269/S,S
G/1433/S,S
G/1439/P,P
G/1434/S,S
F/1831/P,P
F/1832/P,P
F/1721/S,S
F/1722/S,S
G/1440/P,P
G/1435/S,S
G/1441/P,P
B/341/S,S
G/1436/S,S
G/1437/S,S
G/1442/P,P
E/570/P,P
F/1723/S,S
G/1438/S,S
E/585/S,S
G/1448/P,P
C/331/S,S
D/280/P,P
G/1449/P,P
G/1450/P,P
E/571/P,P
C/333/S,S
F/1725/S,S
F/1727/S,S
E/574/P,P
F/1729/S,S
G/1441/S,S
E/587/S,S
E/575/P,P
F/1834/P,P
C/297/P,P
G/1442/S,S
D/270/S,S
F/1731/S,S
B/342/S,S
G/1452/P,P
F/1837/P,P
F/1838/P,P
G/1453/P,P
C/298/P,P
G/1455/P,P
F/1839/P,P
F/1734/S,S
F/1735/S,S
G/1445/S,S
E/588/S,S
C/299/P,P
C/300/P,P
F/1736/S,S
G/1446/S,S
G/1456/P,P
F/1840/P,P
F/1737/S,S
D/272/S,S
F/1841/P,P
E/589/S,S
F/1739/S,S
E/576/P,P
F/1842/P,P
E/590/S,S
F/1740/S,S
D/282/P,P
G/1448/S,S
F/1741/S,S
B/291/P,P
D/283/P,P
F/1844/P,P
D/285/P,P
F/1742/S,S
G/1449/S,S
E/591/S,S
D/274/S,S
F/1743/S,S
F/1744/S,S
B/292/P,P
B/343/S,S
G/1458/P,P
F/1745/S,S
G/1459/P,P
F/1846/P,P
F/1746/S,S
G/1460/P,P
G/1461/P,P
B/293/P,P
B/344/S,S
G/1462/P,P
E/592/S,S
F/1747/S,S
E/577/P,P
D/286/P,P
E/593/S,S
F/1749/S,S
G/1463/P,P
G/1464/P,P
D/287/P,P
F/1847/P,P
G/1465/P,P
G/1455/S,S
E/578/P,P
D/288/P,P
G/1466/P,P
G/1467/P,P
F/1751/S,S
A/106/S,S
G/1470/P,P
B/294/P,P
F/1848/P,P
C/335/S,S
G/1471/P,P
C/336/S,S
G/1457/S,S
F/1752/S,S
B/296/P,P
F/1753/S,S
F/1853/P,P
D/276/S,S
F/1754/S,S
F/1756/S,S
C/337/S,S
B/297/P,P
F/1855/P,P
F/1758/S,S
A/107/S,S
B/347/S,S
G/1460/S,S
E/580/P,P
G/1461/S,S
F/1856/P,P
G/1475/P,P
E/594/S,S
E/595/S,S
F/1857/P,P
G/1476/P,P
F/1858/P,P
E/582/P,P
A/95/P,P
G/1463/S,S
G/1465/S,S
F/1863/P,P
F/1864/P,P
E/597/S,S
F/1865/P,P
G/1479/P,P
C/302/P,P
F/1761/S,S
G/1467/S,S
G/1468/S,S
F/1866/P,P
E/598/S,S
D/290/P,P
B/348/S,S
F/1867/P,P
F/1868/P,P
E/585/P,P
G/1482/P,P
G/1483/P,P
F/1763/S,S
G/1469/S,S
E/599/S,S
E/586/P,P
E/600/S,S
G/1470/S,S
F/1870/P,P
G/1484/P,P
G/1485/P,P
F/1765/S,S
C/303/P,P
D/291/P,P
F/1871/P,P
E/601/S,S
G/1471/S,S
F/1872/P,P
F/1766/S,S
G/1488/P,P
B/349/S,S
F/1873/P,P
F/1768/S,S
G/1489/P,P
G/1473/S,S
B/350/S,S
G/1474/S,S
F/1769/S,S
G/1491/P,P
B/351/S,S
G/1476/S,S
B/298/P,P
F/1875/P,P
F/1770/S,S
G/1493/P,P
G/1477/S,S
E/602/S,S
F/1771/S,S
F/1772/S,S
C/338/S,S
D/295/P,P
E/587/P,P
G/1478/S,S
F/1876/P,P
G/1479/S,S
B/299/P,P
F/1773/S,S
F/1877/P,P
G/1494/P,P
F/1774/S,S
F/1775/S,S
C/307/P,P
G/1480/S,S
E/588/P,P
F/1878/P,P
G/1481/S,S
F/1777/S,S
F/1778/S,S
F/1880/P,P
G/1483/S,S
E/603/S,S
F/1779/S,S
C/339/S,S
C/308/P,P
E/590/P,P
G/1484/S,S
C/309/P,P
F/1780/S,S
B/300/P,P
G/1485/S,S
F/1782/S,S
G/1486/S,S
F/1884/P,P
E/604/S,S
B/353/S,S
G/1487/S,S
F/1783/S,S
G/1496/P,P
F/1886/P,P
G/1497/P,P
F/1784/S,S
F/1786/S,S
F/1787/S,S
F/1788/S,S
G/1498/P,P
C/342/S,S
F/1888/P,P
E/592/P,P
G/1500/P,P
F/1789/S,S
G/1488/S,S
E/593/P,P
E/595/P,P
F/1891/P,P
G/1489/S,S
G/1490/S,S
G/1491/S,S
F/1792/S,S
E/597/P,P
F/1793/S,S
B/301/P,P
G/1493/S,S
G/1502/P,P
G/1494/S,S
F/1892/P,P
F/1893/P,P
G/1504/P,P
E/606/S,S
E/607/S,S
G/1505/P,P
G/1497/S,S
G/1507/P,P
F/1894/P,P
G/1508/P,P
A/97/P,P
A/98/P,P
G/1499/S,S
G/1500/S,S
E/608/S,S
