Cabin,Cabin_Deck
B/0/P,B
F/0/S,F
A/0/S,A
F/1/S,F
F/0/P,F
F/2/S,F
G/0/S,G
F/3/S,F
B/1/P,B
F/1/P,F
G/1/S,G
F/2/P,F
F/999/P,F
F/3/P,F
F/4/P,F
F/5/P,F
G/0/P,G
F/6/P,F
E/0/S,E
D/0/P,D
C/2/S,C
F/6/S,F
C/0/P,C
F/8/P,F
G/4/S,G
F/9/P,F
D/1/S,D
D/1/P,D
F/8/S,F
F/10/S,F
G/1/P,G
G/2/P,G
B/3/P,B
G/3/P,G
F/10/P,F
E/1/S,E
E/2/S,E
G/6/S,G
F/11/S,F
A/1/S,A
G/7/S,G
F/12/S,F
F/13/S,F
F/14/S,F
E/3/S,E
G/6/P,G
G/10/S,G
F/15/S,F
E/4/S,E
F/16/S,F
F/13/P,F
F/14/P,F
F/17/S,F
D/3/P,D
C/3/S,C
F/18/S,F
F/15/P,F
C/4/S,C
G/13/S,G
F/16/P,F
G/14/S,G
C/5/S,C
F/17/P,F
E/5/S,E
G/15/S,G
G/16/S,G
F/20/S,F
G/9/P,G
A/2/S,A
G/11/P,G
F/19/P,F
G/12/P,G
F/23/S,F
F/24/S,F
G/18/S,G
F/21/P,F
D/2/S,D
G/19/S,G
B/5/P,B
E/6/S,E
B/1/S,B
F/23/P,F
G/20/S,G
F/24/P,F
D/4/P,D
A/0/P,A
F/25/P,F
G/21/S,G
F/27/P,F
F/27/S,F
E/7/S,E
D/3/S,D
E/8/S,E
G/22/S,G
F/29/S,F
D/5/S,D
G/17/P,G
G/23/S,G
G/18/P,G
E/5/P,E
C/6/S,C
G/19/P,G
F/29/P,F
F/30/P,F
F/31/S,F
G/25/S,G
G/26/S,G
F/31/P,F
G/27/S,G
G/20/P,G
F/32/P,F
G/22/P,G
B/8/P,B
G/28/S,G
F/37/P,F
F/35/S,F
G/23/P,G
E/10/S,E
G/30/S,G
G/24/P,G
E/11/S,E
F/38/P,F
B/2/S,B
D/6/S,D
G/26/P,G
G/27/P,G
C/3/P,C
F/36/S,F
G/28/P,G
G/31/S,G
E/8/P,E
G/32/S,G
G/29/P,G
F/41/P,F
F/42/P,F
D/5/P,D
C/5/P,C
G/30/P,G
G/33/S,G
G/31/P,G
B/3/S,B
B/9/P,B
A/2/P,A
C/8/S,C
G/34/S,G
C/9/S,C
G/32/P,G
D/6/P,D
F/44/P,F
E/9/P,E
F/45/P,F
F/46/P,F
F/40/S,F
F/47/P,F
G/36/P,G
G/37/P,G
E/10/P,E
F/48/P,F
E/13/S,E
F/41/S,F
E/14/S,E
G/35/S,G
F/42/S,F
G/38/P,G
F/43/S,F
F/44/S,F
G/36/S,G
F/45/S,F
F/50/P,F
B/11/P,B
F/52/P,F
E/11/P,E
F/46/S,F
G/37/S,G
F/47/S,F
C/6/P,C
D/8/P,D
C/10/S,C
G/38/S,G
C/11/S,C
F/53/P,F
G/42/P,G
F/54/P,F
A/3/S,A
F/49/S,F
F/50/S,F
E/16/S,E
F/56/P,F
G/43/P,G
D/8/S,D
F/51/S,F
F/52/S,F
F/59/P,F
D/9/S,D
F/61/P,F
G/45/P,G
F/63/P,F
F/54/S,F
G/46/P,G
F/64/P,F
E/16/P,E
F/65/P,F
B/12/P,B
F/55/S,F
C/12/S,C
B/7/S,B
D/10/S,D
B/8/S,B
G/47/P,G
A/3/P,A
F/67/P,F
G/41/S,G
E/18/S,E
C/7/P,C
E/19/S,E
F/59/S,F
F/60/S,F
F/68/P,F
G/50/P,G
G/51/P,G
G/42/S,G
B/9/S,B
G/44/S,G
F/61/S,F
G/45/S,G
G/53/P,G
G/47/S,G
C/14/S,C
F/72/P,F
F/73/P,F
F/62/S,F
F/74/P,F
F/63/S,F
G/48/S,G
B/10/S,B
G/57/P,G
F/76/P,F
E/21/S,E
G/59/P,G
F/64/S,F
D/12/P,D
G/60/P,G
F/78/P,F
B/15/P,B
F/65/S,F
G/50/S,G
F/66/S,F
F/67/S,F
F/68/S,F
G/51/S,G
F/82/P,F
G/53/S,G
F/83/P,F
F/84/P,F
F/85/P,F
G/62/P,G
E/22/P,E
G/54/S,G
C/15/S,C
B/11/S,B
G/63/P,G
B/16/P,B
G/64/P,G
G/55/S,G
G/56/S,G
G/65/P,G
G/66/P,G
G/57/S,G
E/23/P,E
C/9/P,C
E/24/P,E
B/17/P,B
G/59/S,G
F/69/S,F
D/13/S,D
D/14/S,D
D/15/S,D
D/13/P,D
F/89/P,F
G/69/P,G
F/90/P,F
E/25/P,E
F/71/S,F
F/72/S,F
F/91/P,F
C/11/P,C
F/92/P,F
G/60/S,G
B/18/P,B
B/19/P,B
F/96/P,F
E/26/P,E
C/16/S,C
A/5/S,A
F/75/S,F
F/97/P,F
F/76/S,F
B/20/P,B
F/77/S,F
G/62/S,G
G/63/S,G
F/78/S,F
B/13/S,B
C/13/P,C
F/79/S,F
F/98/P,F
D/15/P,D
F/99/P,F
F/80/S,F
E/25/S,E
B/21/P,B
F/81/S,F
E/27/P,E
G/71/P,G
G/64/S,G
E/26/S,E
B/14/S,B
B/15/S,B
F/83/S,F
G/72/P,G
D/16/S,D
F/84/S,F
G/65/S,G
E/27/S,E
F/85/S,F
G/66/S,G
G/67/S,G
F/100/P,F
E/28/P,E
F/101/P,F
F/86/S,F
B/22/P,B
F/87/S,F
G/69/S,G
E/29/P,E
F/103/P,F
E/30/P,E
G/74/P,G
G/70/S,G
E/28/S,E
F/88/S,F
B/17/S,B
C/19/S,C
G/76/P,G
G/71/S,G
B/18/S,B
F/89/S,F
E/29/S,E
D/19/P,D
E/32/P,E
F/90/S,F
E/31/S,E
B/19/S,B
F/91/S,F
G/74/S,G
C/16/P,C
D/18/S,D
G/78/P,G
B/20/S,B
A/6/S,A
F/109/P,F
F/92/S,F
G/77/S,G
G/78/S,G
E/32/S,E
E/33/P,E
E/33/S,E
F/93/S,F
C/17/P,C
G/81/P,G
G/82/P,G
D/21/P,D
B/23/P,B
G/83/P,G
F/110/P,F
C/18/P,C
F/95/S,F
G/84/P,G
F/111/P,F
F/96/S,F
F/97/S,F
E/36/S,E
D/19/S,D
F/98/S,F
F/99/S,F
G/80/S,G
C/21/S,C
C/19/P,C
C/20/P,C
F/100/S,F
F/102/S,F
G/81/S,G
F/103/S,F
G/82/S,G
F/114/P,F
B/24/P,B
F/115/P,F
E/37/S,E
G/83/S,G
D/20/S,D
F/116/P,F
C/22/S,C
C/21/P,C
F/105/S,F
F/117/P,F
E/34/P,E
F/107/S,F
G/86/P,G
F/108/S,F
G/85/S,G
G/87/P,G
E/38/S,E
F/118/P,F
F/109/S,F
F/120/P,F
D/22/P,D
D/23/P,D
F/121/P,F
G/89/P,G
E/35/P,E
G/90/P,G
G/86/S,G
D/24/P,D
G/87/S,G
E/39/S,E
F/123/P,F
G/91/P,G
G/89/S,G
F/124/P,F
C/23/S,C
F/125/P,F
E/36/P,E
F/126/P,F
C/22/P,C
G/94/P,G
F/128/P,F
F/129/P,F
G/90/S,G
B/25/P,B
G/91/S,G
G/92/S,G
G/95/P,G
F/131/P,F
C/24/S,C
G/93/S,G
F/133/P,F
G/96/P,G
F/112/S,F
F/113/S,F
D/25/P,D
F/135/P,F
G/94/S,G
E/43/S,E
F/136/P,F
E/44/S,E
B/28/P,B
F/137/P,F
F/114/S,F
C/25/S,C
F/138/P,F
E/38/P,E
G/98/P,G
C/26/S,C
F/115/S,F
G/95/S,G
E/45/S,E
E/39/P,E
G/101/P,G
F/117/S,F
G/97/S,G
F/118/S,F
G/98/S,G
G/99/S,G
C/23/P,C
F/140/P,F
E/46/S,E
F/141/P,F
F/142/P,F
F/143/P,F
G/102/P,G
G/103/P,G
G/101/S,G
G/102/S,G
G/103/S,G
G/104/S,G
G/105/P,G
F/121/S,F
F/144/P,F
F/145/P,F
E/41/P,E
F/146/P,F
D/30/P,D
D/23/S,D
E/48/S,E
B/25/S,B
F/122/S,F
E/49/S,E
F/123/S,F
C/27/S,C
G/107/S,G
F/147/P,F
F/126/S,F
D/24/S,D
D/25/S,D
F/127/S,F
G/108/S,G
G/107/P,G
F/149/P,F
G/109/S,G
A/7/S,A
E/42/P,E
F/150/P,F
E/50/S,E
G/109/P,G
E/43/P,E
E/44/P,E
F/132/S,F
G/111/P,G
F/133/S,F
F/134/S,F
E/53/S,E
F/153/P,F
F/154/P,F
F/156/P,F
C/28/S,C
F/157/P,F
C/24/P,C
G/111/S,G
G/112/S,G
F/140/S,F
A/4/P,A
D/31/P,D
B/27/S,B
D/33/P,D
C/26/P,C
G/114/S,G
G/115/S,G
F/142/S,F
G/116/S,G
B/32/P,B
B/28/S,B
G/117/S,G
G/112/P,G
E/56/S,E
F/143/S,F
F/161/P,F
A/5/P,A
F/162/P,F
G/118/S,G
F/163/P,F
C/33/S,C
F/165/P,F
G/113/P,G
G/114/P,G
F/166/P,F
A/8/S,A
G/119/S,G
G/115/P,G
G/117/P,G
F/144/S,F
F/145/S,F
D/28/S,D
F/146/S,F
F/147/S,F
A/6/P,A
F/148/S,F
C/29/P,C
F/149/S,F
G/120/S,G
E/57/S,E
F/151/S,F
F/152/S,F
F/169/P,F
E/59/S,E
E/60/S,E
G/119/P,G
B/29/S,B
G/121/S,G
F/154/S,F
G/122/S,G
F/156/S,F
G/123/S,G
F/158/S,F
G/120/P,G
F/159/S,F
F/170/P,F
F/171/P,F
F/173/P,F
G/124/S,G
F/160/S,F
B/30/S,B
G/123/P,G
B/31/S,B
G/125/S,G
F/175/P,F
B/32/S,B
E/62/S,E
F/176/P,F
A/9/S,A
G/127/S,G
E/48/P,E
G/129/S,G
B/35/S,B
F/163/S,F
G/130/S,G
F/164/S,F
G/126/P,G
A/10/S,A
F/180/P,F
F/165/S,F
G/131/S,G
F/166/S,F
C/30/P,C
D/31/S,D
D/32/S,D
G/127/P,G
G/133/S,G
C/32/P,C
F/184/P,F
G/129/P,G
G/134/S,G
F/187/P,F
G/130/P,G
F/167/S,F
F/188/P,F
G/135/S,G
C/33/P,C
D/38/P,D
F/168/S,F
B/34/P,B
G/137/S,G
F/189/P,F
B/37/S,B
E/51/P,E
G/138/S,G
E/66/S,E
F/190/P,F
G/139/S,G
B/35/P,B
C/38/S,C
B/38/S,B
E/67/S,E
F/191/P,F
B/39/S,B
G/140/S,G
G/133/P,G
F/192/P,F
G/134/P,G
F/193/P,F
C/35/P,C
F/194/P,F
F/172/S,F
E/68/S,E
G/143/S,G
G/135/P,G
G/136/P,G
F/195/P,F
F/196/P,F
G/137/P,G
F/198/P,F
G/138/P,G
G/140/P,G
G/144/S,G
F/175/S,F
F/199/P,F
G/145/S,G
E/70/S,E
F/201/P,F
E/72/S,E
G/141/P,G
B/36/P,B
F/178/S,F
F/179/S,F
E/53/P,E
F/202/P,F
G/142/P,G
G/143/P,G
E/54/P,E
E/56/P,E
G/146/S,G
F/203/P,F
B/40/S,B
G/145/P,G
G/149/S,G
G/150/S,G
F/182/S,F
E/57/P,E
F/204/P,F
G/151/S,G
E/73/S,E
G/146/P,G
F/183/S,F
G/152/S,G
D/35/S,D
F/184/S,F
G/153/S,G
F/185/S,F
C/36/P,C
F/186/S,F
C/37/P,C
D/39/P,D
G/154/S,G
F/187/S,F
A/11/S,A
G/156/S,G
E/74/S,E
C/39/S,C
G/148/P,G
G/149/P,G
G/158/S,G
F/207/P,F
F/189/S,F
F/190/S,F
G/150/P,G
F/191/S,F
F/208/P,F
F/209/P,F
G/152/P,G
F/210/P,F
G/159/S,G
F/211/P,F
F/212/P,F
F/213/P,F
F/194/S,F
G/153/P,G
G/154/P,G
G/155/P,G
F/214/P,F
G/161/S,G
G/163/S,G
G/164/S,G
F/215/P,F
C/38/P,C
F/196/S,F
G/156/P,G
F/216/P,F
F/217/P,F
F/197/S,F
F/198/S,F
F/199/S,F
F/200/S,F
F/218/P,F
C/39/P,C
F/201/S,F
G/166/S,G
F/219/P,F
B/38/P,B
F/202/S,F
F/220/P,F
G/167/S,G
T/0/P,T
B/41/S,B
G/161/P,G
G/162/P,G
E/60/P,E
G/163/P,G
F/204/S,F
F/205/S,F
F/206/S,F
F/207/S,F
G/165/P,G
G/166/P,G
E/61/P,E
G/169/S,G
D/41/P,D
F/223/P,F
D/42/P,D
F/224/P,F
G/170/S,G
E/76/S,E
F/225/P,F
F/226/P,F
E/62/P,E
F/227/P,F
F/208/S,F
F/211/S,F
C/42/S,C
B/39/P,B
E/78/S,E
E/79/S,E
G/173/S,G
G/174/S,G
E/63/P,E
F/229/P,F
B/40/P,B
B/43/S,B
E/80/S,E
E/81/S,E
D/38/S,D
E/64/P,E
G/175/S,G
B/46/S,B
G/176/S,G
G/173/P,G
G/177/S,G
F/217/S,F
F/232/P,F
B/42/P,B
C/42/P,C
G/178/S,G
G/179/S,G
F/218/S,F
G/174/P,G
B/43/P,B
F/233/P,F
G/175/P,G
B/47/S,B
B/48/S,B
C/45/S,C
F/235/P,F
B/44/P,B
C/43/P,C
F/236/P,F
E/69/P,E
F/221/S,F
E/83/S,E
G/182/S,G
G/176/P,G
F/223/S,F
C/44/P,C
F/224/S,F
B/49/S,B
F/225/S,F
F/237/P,F
E/70/P,E
E/71/P,E
G/183/S,G
F/227/S,F
F/228/S,F
G/184/S,G
C/46/P,C
E/72/P,E
F/229/S,F
F/238/P,F
B/50/S,B
F/239/P,F
B/45/P,B
E/73/P,E
B/51/S,B
F/241/P,F
G/178/P,G
G/179/P,G
G/186/S,G
F/232/S,F
G/180/P,G
F/242/P,F
G/181/P,G
G/187/S,G
G/182/P,G
F/243/P,F
E/76/P,E
G/188/S,G
E/87/S,E
G/183/P,G
C/48/S,C
F/244/P,F
E/89/S,E
F/245/P,F
G/189/S,G
E/77/P,E
C/49/S,C
G/184/P,G
F/236/S,F
F/237/S,F
F/246/P,F
C/50/S,C
B/53/S,B
E/78/P,E
F/238/S,F
C/48/P,C
A/9/P,A
G/185/P,G
F/239/S,F
F/240/S,F
D/44/S,D
F/241/S,F
F/242/S,F
E/92/S,E
A/10/P,A
F/243/S,F
G/186/P,G
C/49/P,C
F/244/S,F
E/79/P,E
G/191/S,G
E/80/P,E
G/189/P,G
F/246/S,F
F/254/P,F
G/190/P,G
C/50/P,C
F/257/P,F
G/193/S,G
G/191/P,G
G/194/S,G
F/247/S,F
F/258/P,F
F/248/S,F
F/259/P,F
G/192/P,G
G/195/S,G
F/260/P,F
B/55/S,B
F/261/P,F
A/14/S,A
F/250/S,F
F/251/S,F
D/45/S,D
E/82/P,E
B/56/S,B
G/193/P,G
E/94/S,E
F/264/P,F
C/52/S,C
F/265/P,F
D/43/P,D
G/194/P,G
E/95/S,E
F/266/P,F
G/196/P,G
F/267/P,F
G/199/S,G
E/97/S,E
F/257/S,F
G/198/P,G
D/46/S,D
G/200/S,G
E/98/S,E
F/269/P,F
G/199/P,G
G/201/S,G
F/258/S,F
G/203/S,G
G/200/P,G
F/260/S,F
F/271/P,F
B/57/S,B
G/206/S,G
F/261/S,F
G/202/P,G
F/272/P,F
F/262/S,F
G/203/P,G
G/207/S,G
D/48/S,D
E/100/S,E
F/265/S,F
B/58/S,B
G/206/P,G
G/208/P,G
E/102/S,E
D/44/P,D
G/208/S,G
F/267/S,F
G/211/P,G
C/52/P,C
G/212/P,G
F/275/P,F
F/268/S,F
C/53/S,C
G/209/S,G
E/104/S,E
D/49/S,D
E/105/S,E
G/210/S,G
F/269/S,F
G/213/P,G
G/214/P,G
E/85/P,E
G/212/S,G
G/215/P,G
F/276/P,F
F/270/S,F
G/214/S,G
F/271/S,F
G/216/P,G
F/272/S,F
G/217/P,G
G/218/P,G
G/215/S,G
E/86/P,E
B/60/S,B
E/106/S,E
F/278/P,F
G/216/S,G
F/279/P,F
G/217/S,G
G/218/S,G
F/280/P,F
D/45/P,D
G/219/P,G
C/54/S,C
F/273/S,F
E/108/S,E
F/274/S,F
B/61/S,B
B/47/P,B
F/282/P,F
G/220/P,G
D/46/P,D
F/275/S,F
E/109/S,E
F/283/P,F
G/221/P,G
G/219/S,G
G/222/P,G
G/223/P,G
E/89/P,E
F/279/S,F
D/52/S,D
F/280/S,F
G/220/S,G
G/225/P,G
C/55/S,C
G/221/S,G
G/227/P,G
D/53/S,D
C/56/S,C
C/53/P,C
G/229/P,G
D/54/S,D
B/62/S,B
E/110/S,E
G/223/S,G
F/285/P,F
G/230/P,G
G/224/S,G
G/231/P,G
F/282/S,F
G/233/P,G
E/111/S,E
F/287/P,F
F/289/P,F
F/290/P,F
E/91/P,E
E/93/P,E
F/291/P,F
E/94/P,E
G/229/S,G
D/47/P,D
G/240/P,G
F/292/P,F
F/285/S,F
F/295/P,F
F/287/S,F
G/230/S,G
F/288/S,F
G/243/P,G
D/48/P,D
F/298/P,F
F/289/S,F
G/231/S,G
E/95/P,E
F/291/S,F
B/63/S,B
F/293/S,F
G/235/S,G
F/295/S,F
B/64/S,B
G/236/S,G
F/299/P,F
F/300/P,F
D/49/P,D
D/50/P,D
A/16/S,A
G/237/S,G
B/65/S,B
G/244/P,G
F/297/S,F
A/17/S,A
C/55/P,C
F/298/S,F
F/299/S,F
C/56/P,C
G/245/P,G
F/301/S,F
B/50/P,B
C/58/S,C
E/96/P,E
G/240/S,G
A/18/S,A
G/247/P,G
G/242/S,G
F/305/P,F
F/306/P,F
F/303/S,F
F/304/S,F
B/53/P,B
G/248/P,G
F/308/P,F
G/249/P,G
F/309/P,F
D/56/S,D
E/97/P,E
F/310/P,F
E/98/P,E
F/311/P,F
G/246/S,G
F/312/P,F
F/314/P,F
G/251/P,G
G/252/P,G
E/99/P,E
D/57/S,D
C/60/S,C
E/114/S,E
G/253/P,G
C/57/P,C
B/54/P,B
G/254/P,G
C/58/P,C
G/255/P,G
F/307/S,F
F/317/P,F
G/256/P,G
G/257/P,G
E/116/S,E
F/319/P,F
G/248/S,G
E/101/P,E
F/321/P,F
F/322/P,F
G/259/P,G
D/53/P,D
G/249/S,G
F/308/S,F
F/323/P,F
G/250/S,G
C/59/P,C
F/324/P,F
B/71/S,B
G/252/S,G
F/309/S,F
E/118/S,E
C/62/S,C
G/261/P,G
G/253/S,G
F/325/P,F
G/254/S,G
G/255/S,G
E/119/S,E
G/262/P,G
F/327/P,F
G/264/P,G
F/328/P,F
G/265/P,G
G/258/S,G
G/266/P,G
A/19/S,A
F/310/S,F
F/311/S,F
G/267/P,G
F/312/S,F
F/313/S,F
E/122/S,E
A/20/S,A
F/314/S,F
G/268/P,G
D/59/S,D
F/316/S,F
F/317/S,F
G/269/P,G
B/73/S,B
F/318/S,F
F/330/P,F
G/260/S,G
G/270/P,G
E/103/P,E
G/261/S,G
F/331/P,F
G/272/P,G
F/334/P,F
E/124/S,E
G/262/S,G
F/335/P,F
F/321/S,F
G/263/S,G
G/264/S,G
B/55/P,B
G/274/P,G
E/125/S,E
F/336/P,F
B/74/S,B
D/60/S,D
E/126/S,E
F/338/P,F
F/326/S,F
D/61/S,D
E/127/S,E
G/276/P,G
F/327/S,F
F/339/P,F
G/277/P,G
G/265/S,G
G/266/S,G
E/105/P,E
G/278/P,G
F/341/P,F
E/128/S,E
A/21/S,A
F/328/S,F
F/342/P,F
D/54/P,D
G/280/P,G
F/343/P,F
E/106/P,E
G/281/P,G
F/344/P,F
G/283/P,G
G/284/P,G
E/129/S,E
G/268/S,G
G/269/S,G
G/270/S,G
D/55/P,D
E/130/S,E
F/331/S,F
G/271/S,G
G/287/P,G
G/288/P,G
F/333/S,F
G/272/S,G
G/273/S,G
F/334/S,F
G/274/S,G
F/336/S,F
F/347/P,F
E/132/S,E
G/275/S,G
E/133/S,E
F/337/S,F
E/134/S,E
F/338/S,F
C/65/S,C
G/276/S,G
F/339/S,F
B/75/S,B
G/291/P,G
F/348/P,F
E/135/S,E
G/277/S,G
G/278/S,G
G/279/S,G
F/349/P,F
C/66/S,C
F/341/S,F
G/281/S,G
E/107/P,E
F/342/S,F
F/352/P,F
C/67/S,C
B/57/P,B
E/137/S,E
G/295/P,G
G/283/S,G
E/109/P,E
F/354/P,F
F/355/P,F
G/284/S,G
E/138/S,E
B/58/P,B
F/346/S,F
F/356/P,F
G/285/S,G
F/347/S,F
F/357/P,F
F/358/P,F
C/68/S,C
F/349/S,F
G/297/P,G
G/298/P,G
G/299/P,G
F/351/S,F
F/352/S,F
F/361/P,F
D/56/P,D
G/288/S,G
C/61/P,C
F/354/S,F
F/362/P,F
F/365/P,F
E/112/P,E
F/355/S,F
G/289/S,G
F/366/P,F
G/290/S,G
G/291/S,G
F/367/P,F
F/356/S,F
G/302/P,G
A/22/S,A
G/303/P,G
E/113/P,E
F/368/P,F
D/63/S,D
F/357/S,F
A/13/P,A
F/358/S,F
F/370/P,F
D/64/S,D
G/292/S,G
F/371/P,F
F/372/P,F
C/70/S,C
E/139/S,E
G/293/S,G
G/305/P,G
F/374/P,F
G/306/P,G
F/375/P,F
D/58/P,D
F/376/P,F
F/377/P,F
C/71/S,C
E/140/S,E
E/141/S,E
G/295/S,G
F/361/S,F
F/378/P,F
G/307/P,G
G/308/P,G
E/142/S,E
D/59/P,D
C/72/S,C
G/296/S,G
G/297/S,G
A/14/P,A
G/298/S,G
G/309/P,G
F/364/S,F
G/299/S,G
D/60/P,D
E/115/P,E
G/300/S,G
E/116/P,E
D/61/P,D
A/23/S,A
E/117/P,E
G/303/S,G
C/65/P,C
G/304/S,G
G/305/S,G
D/66/S,D
E/144/S,E
C/73/S,C
E/118/P,E
G/307/S,G
F/368/S,F
F/369/S,F
F/385/P,F
D/62/P,D
F/386/P,F
F/370/S,F
G/312/P,G
E/120/P,E
G/313/P,G
F/372/S,F
F/374/S,F
E/121/P,E
F/387/P,F
D/68/S,D
G/309/S,G
C/66/P,C
E/122/P,E
G/315/P,G
F/390/P,F
G/316/P,G
F/391/P,F
C/74/S,C
G/318/P,G
G/319/P,G
C/75/S,C
F/375/S,F
A/24/S,A
D/63/P,D
G/310/S,G
B/82/S,B
F/393/P,F
G/311/S,G
F/376/S,F
G/312/S,G
E/124/P,E
G/320/P,G
F/394/P,F
G/321/P,G
F/378/S,F
E/146/S,E
F/379/S,F
F/380/S,F
E/125/P,E
G/314/S,G
F/381/S,F
G/315/S,G
F/383/S,F
C/76/S,C
F/396/P,F
G/323/P,G
F/386/S,F
G/317/S,G
A/25/S,A
B/59/P,B
G/324/P,G
G/318/S,G
B/60/P,B
F/398/P,F
F/387/S,F
B/83/S,B
F/390/S,F
G/322/S,G
E/150/S,E
G/323/S,G
F/399/P,F
F/391/S,F
F/400/P,F
F/402/P,F
F/393/S,F
F/404/P,F
B/85/S,B
G/327/P,G
F/394/S,F
F/395/S,F
F/396/S,F
G/324/S,G
G/328/P,G
E/126/P,E
E/151/S,E
C/68/P,C
C/69/P,C
G/330/P,G
G/331/P,G
F/407/P,F
G/333/P,G
G/327/S,G
D/65/P,D
F/398/S,F
G/328/S,G
F/410/P,F
G/329/S,G
C/70/P,C
E/127/P,E
C/78/S,C
F/401/S,F
D/69/S,D
F/402/S,F
G/334/P,G
F/411/P,F
G/335/P,G
F/407/S,F
A/16/P,A
C/72/P,C
A/26/S,A
F/408/S,F
F/409/S,F
G/331/S,G
F/412/P,F
F/413/P,F
F/414/P,F
D/70/S,D
E/153/S,E
F/410/S,F
F/415/P,F
F/411/S,F
F/412/S,F
B/86/S,B
D/71/S,D
F/413/S,F
C/79/S,C
F/414/S,F
G/335/S,G
G/336/S,G
G/338/P,G
G/339/P,G
F/417/P,F
F/418/P,F
B/87/S,B
D/72/S,D
G/339/S,G
G/340/P,G
D/73/S,D
G/341/P,G
G/342/P,G
G/341/S,G
G/343/P,G
F/415/S,F
F/419/P,F
G/344/P,G
F/420/P,F
F/421/P,F
E/128/P,E
D/74/S,D
F/416/S,F
F/422/P,F
E/129/P,E
G/343/S,G
F/423/P,F
G/344/S,G
F/417/S,F
F/424/P,F
E/130/P,E
F/418/S,F
F/419/S,F
G/345/S,G
F/425/P,F
E/155/S,E
F/420/S,F
B/89/S,B
G/346/P,G
F/426/P,F
G/347/P,G
G/348/P,G
F/421/S,F
F/423/S,F
F/424/S,F
F/429/P,F
F/425/S,F
G/349/P,G
B/63/P,B
F/431/P,F
F/427/S,F
F/433/P,F
G/351/P,G
G/347/S,G
G/352/P,G
G/348/S,G
F/435/P,F
C/80/S,C
F/428/S,F
B/64/P,B
F/429/S,F
G/350/S,G
F/437/P,F
F/438/P,F
G/354/P,G
F/430/S,F
F/431/S,F
F/439/P,F
G/352/S,G
F/440/P,F
B/65/P,B
E/156/S,E
F/442/P,F
D/75/S,D
F/443/P,F
D/76/S,D
B/90/S,B
E/157/S,E
F/432/S,F
G/354/S,G
F/433/S,F
G/355/S,G
F/434/S,F
F/445/P,F
A/27/S,A
G/357/S,G
G/355/P,G
G/358/S,G
F/435/S,F
G/356/P,G
E/158/S,E
F/437/S,F
E/159/S,E
F/438/S,F
G/359/P,G
F/448/P,F
E/134/P,E
D/66/P,D
F/449/P,F
C/83/S,C
A/28/S,A
F/439/S,F
F/451/P,F
G/362/P,G
A/29/S,A
G/363/P,G
G/359/S,G
F/455/P,F
C/75/P,C
G/360/S,G
C/76/P,C
B/66/P,B
G/364/P,G
F/441/S,F
G/365/P,G
F/456/P,F
F/442/S,F
F/457/P,F
E/161/S,E
G/366/P,G
F/458/P,F
F/459/P,F
G/367/P,G
E/162/S,E
C/79/P,C
F/460/P,F
G/362/S,G
C/80/P,C
B/91/S,B
B/92/S,B
E/136/P,E
F/461/P,F
F/463/P,F
F/464/P,F
E/163/S,E
F/465/P,F
G/365/S,G
F/445/S,F
F/466/P,F
G/369/P,G
F/467/P,F
F/448/S,F
C/81/P,C
F/449/S,F
G/367/S,G
A/18/P,A
F/468/P,F
G/368/S,G
C/82/P,C
D/77/S,D
G/371/P,G
D/68/P,D
G/372/P,G
G/369/S,G
F/469/P,F
G/370/S,G
B/67/P,B
G/371/S,G
G/372/S,G
F/470/P,F
G/373/P,G
F/450/S,F
G/373/S,G
G/374/S,G
B/68/P,B
F/472/P,F
F/453/S,F
E/137/P,E
A/30/S,A
G/376/P,G
F/474/P,F
F/475/P,F
F/454/S,F
F/455/S,F
G/378/S,G
F/477/P,F
G/377/P,G
D/78/S,D
G/379/S,G
G/380/S,G
F/457/S,F
D/80/S,D
E/139/P,E
G/379/P,G
G/380/P,G
F/481/P,F
C/85/S,C
G/381/P,G
D/71/P,D
F/482/P,F
F/483/P,F
E/141/P,E
F/484/P,F
D/81/S,D
E/166/S,E
G/383/P,G
F/459/S,F
C/83/P,C
F/487/P,F
F/488/P,F
G/383/S,G
F/461/S,F
E/142/P,E
G/384/S,G
G/385/P,G
E/143/P,E
G/386/P,G
G/387/P,G
E/168/S,E
G/386/S,G
G/387/S,G
F/490/P,F
E/169/S,E
G/388/P,G
G/389/P,G
G/388/S,G
C/86/S,C
F/465/S,F
F/492/P,F
G/390/P,G
G/391/P,G
F/493/P,F
G/392/P,G
G/390/S,G
T/1/P,T
G/391/S,G
G/393/P,G
G/394/P,G
E/145/P,E
G/395/P,G
G/393/S,G
F/466/S,F
B/94/S,B
F/497/P,F
F/498/P,F
F/499/P,F
C/84/P,C
F/467/S,F
F/501/P,F
F/503/P,F
F/504/P,F
F/468/S,F
F/505/P,F
D/72/P,D
F/506/P,F
E/170/S,E
F/507/P,F
F/508/P,F
E/146/P,E
G/395/S,G
F/470/S,F
E/147/P,E
F/510/P,F
F/471/S,F
G/399/P,G
G/400/P,G
F/511/P,F
G/402/P,G
G/396/S,G
G/397/S,G
E/171/S,E
F/472/S,F
D/83/S,D
G/398/S,G
G/403/P,G
E/173/S,E
F/475/S,F
C/85/P,C
F/512/P,F
C/86/P,C
G/404/P,G
F/476/S,F
F/477/S,F
F/513/P,F
D/85/S,D
B/72/P,B
G/401/S,G
F/480/S,F
F/481/S,F
E/176/S,E
C/89/S,C
G/403/S,G
G/404/S,G
F/516/P,F
E/149/P,E
A/19/P,A
D/86/S,D
F/483/S,F
F/517/P,F
C/91/S,C
B/96/S,B
G/406/P,G
C/87/P,C
F/485/S,F
C/88/P,C
E/151/P,E
F/520/P,F
B/73/P,B
D/74/P,D
B/74/P,B
G/405/S,G
F/487/S,F
F/488/S,F
G/407/P,G
F/489/S,F
B/75/P,B
G/409/P,G
E/152/P,E
E/177/S,E
B/77/P,B
E/153/P,E
B/97/S,B
G/410/P,G
F/491/S,F
A/20/P,A
G/407/S,G
F/522/P,F
G/411/P,G
F/523/P,F
F/492/S,F
G/408/S,G
D/87/S,D
B/78/P,B
C/92/S,C
F/525/P,F
G/412/P,G
E/178/S,E
F/526/P,F
E/179/S,E
F/527/P,F
E/155/P,E
G/414/P,G
C/93/S,C
C/90/P,C
F/496/S,F
F/498/S,F
G/412/S,G
E/156/P,E
F/531/P,F
G/415/P,G
G/417/P,G
G/419/P,G
C/91/P,C
G/420/P,G
F/499/S,F
G/413/S,G
D/75/P,D
G/421/P,G
B/98/S,B
F/533/P,F
D/76/P,D
D/77/P,D
F/534/P,F
F/500/S,F
F/535/P,F
F/536/P,F
E/158/P,E
D/88/S,D
F/537/P,F
B/99/S,B
G/416/S,G
F/541/P,F
G/424/P,G
E/159/P,E
F/504/S,F
F/505/S,F
F/542/P,F
G/426/P,G
E/160/P,E
F/543/P,F
F/544/P,F
A/21/P,A
G/427/P,G
F/545/P,F
G/428/P,G
F/508/S,F
D/78/P,D
G/419/S,G
E/181/S,E
F/510/S,F
G/420/S,G
G/430/P,G
F/511/S,F
C/95/S,C
B/80/P,B
F/547/P,F
G/421/S,G
D/79/P,D
G/431/P,G
B/100/S,B
F/513/S,F
G/422/S,G
F/514/S,F
F/549/P,F
E/182/S,E
F/550/P,F
F/515/S,F
G/423/S,G
F/551/P,F
F/552/P,F
E/183/S,E
E/184/S,E
F/516/S,F
G/424/S,G
G/432/P,G
F/554/P,F
F/555/P,F
C/97/S,C
B/81/P,B
D/90/S,D
F/517/S,F
G/426/S,G
G/434/P,G
A/32/S,A
B/83/P,B
G/435/P,G
F/556/P,F
F/557/P,F
E/185/S,E
F/558/P,F
A/22/P,A
E/186/S,E
D/91/S,D
C/94/P,C
F/520/S,F
G/428/S,G
G/437/P,G
G/429/S,G
F/521/S,F
B/102/S,B
B/103/S,B
F/522/S,F
F/523/S,F
B/105/S,B
G/438/P,G
F/561/P,F
G/431/S,G
B/106/S,B
G/439/P,G
F/563/P,F
D/93/S,D
C/99/S,C
F/564/P,F
F/565/P,F
G/440/P,G
F/525/S,F
G/432/S,G
G/433/S,G
F/527/S,F
G/435/S,G
F/567/P,F
D/81/P,D
C/100/S,C
E/187/S,E
G/442/P,G
E/163/P,E
E/164/P,E
F/528/S,F
F/568/P,F
F/569/P,F
F/570/P,F
F/529/S,F
F/571/P,F
F/530/S,F
G/444/P,G
E/165/P,E
E/188/S,E
E/166/P,E
B/85/P,B
F/572/P,F
G/446/P,G
E/167/P,E
G/438/S,G
G/439/S,G
E/168/P,E
E/189/S,E
F/532/S,F
F/533/S,F
G/442/S,G
F/573/P,F
G/443/S,G
G/444/S,G
D/94/S,D
F/575/P,F
D/82/P,D
F/576/P,F
F/578/P,F
G/447/P,G
D/83/P,D
G/448/P,G
C/102/S,C
E/190/S,E
F/535/S,F
G/449/P,G
G/450/P,G
B/86/P,B
G/446/S,G
E/169/P,E
C/103/S,C
F/536/S,F
F/580/P,F
A/23/P,A
G/447/S,G
B/87/P,B
F/581/P,F
F/582/P,F
D/95/S,D
E/171/P,E
G/452/P,G
G/453/P,G
G/454/P,G
F/537/S,F
F/538/S,F
G/449/S,G
G/455/P,G
F/584/P,F
F/585/P,F
F/586/P,F
G/457/P,G
G/458/P,G
G/450/S,G
F/587/P,F
C/104/S,C
F/539/S,F
C/96/P,C
D/86/P,D
E/173/P,E
C/105/S,C
A/24/P,A
F/588/P,F
E/174/P,E
C/107/S,C
F/540/S,F
E/175/P,E
G/452/S,G
G/464/P,G
G/465/P,G
F/544/S,F
F/591/P,F
C/108/S,C
F/545/S,F
C/109/S,C
C/98/P,C
F/546/S,F
F/547/S,F
E/193/S,E
G/466/P,G
D/88/P,D
C/110/S,C
D/89/P,D
E/176/P,E
G/467/P,G
G/454/S,G
B/88/P,B
G/455/S,G
E/194/S,E
B/107/S,B
G/456/S,G
F/592/P,F
F/593/P,F
G/468/P,G
G/457/S,G
G/458/S,G
F/595/P,F
D/90/P,D
G/459/S,G
F/597/P,F
B/89/P,B
G/460/S,G
G/469/P,G
F/598/P,F
G/470/P,G
F/599/P,F
G/461/S,G
F/600/P,F
F/601/P,F
G/471/P,G
G/462/S,G
G/463/S,G
F/552/S,F
G/464/S,G
F/553/S,F
G/473/P,G
F/602/P,F
E/178/P,E
F/603/P,F
D/96/S,D
F/555/S,F
F/606/P,F
F/609/P,F
F/611/P,F
B/92/P,B
G/467/S,G
G/474/P,G
F/557/S,F
T/2/P,T
G/468/S,G
C/100/P,C
F/615/P,F
G/477/P,G
F/558/S,F
G/478/P,G
F/559/S,F
G/469/S,G
G/479/P,G
C/112/S,C
G/482/P,G
F/617/P,F
E/179/P,E
F/619/P,F
G/470/S,G
F/561/S,F
F/620/P,F
F/562/S,F
F/621/P,F
E/180/P,E
A/35/S,A
F/622/P,F
E/181/P,E
G/485/P,G
G/486/P,G
T/3/P,T
E/182/P,E
F/564/S,F
B/93/P,B
B/111/S,B
E/183/P,E
D/97/S,D
E/197/S,E
A/36/S,A
G/472/S,G
F/570/S,F
F/571/S,F
E/198/S,E
B/94/P,B
F/626/P,F
C/113/S,C
F/627/P,F
C/101/P,C
C/114/S,C
G/473/S,G
F/572/S,F
F/573/S,F
G/474/S,G
E/185/P,E
B/96/P,B
G/475/S,G
F/629/P,F
C/115/S,C
E/199/S,E
F/630/P,F
E/187/P,E
B/112/S,B
G/476/S,G
F/574/S,F
C/102/P,C
F/631/P,F
F/632/P,F
G/477/S,G
G/492/P,G
G/493/P,G
C/103/P,C
B/97/P,B
G/478/S,G
F/575/S,F
G/479/S,G
F/634/P,F
F/576/S,F
A/37/S,A
F/577/S,F
F/578/S,F
F/636/P,F
G/480/S,G
E/190/P,E
E/200/S,E
E/191/P,E
F/579/S,F
F/637/P,F
F/581/S,F
D/98/S,D
E/201/S,E
F/638/P,F
G/498/P,G
D/99/S,D
G/499/P,G
E/192/P,E
G/482/S,G
D/94/P,D
E/193/P,E
G/483/S,G
G/500/P,G
G/501/P,G
B/113/S,B
F/640/P,F
G/502/P,G
F/642/P,F
F/584/S,F
C/118/S,C
G/503/P,G
D/100/S,D
D/101/S,D
G/504/P,G
G/505/P,G
A/25/P,A
B/115/S,B
D/102/S,D
G/506/P,G
E/194/P,E
F/585/S,F
D/103/S,D
E/203/S,E
G/485/S,G
F/586/S,F
B/101/P,B
B/102/P,B
G/507/P,G
G/509/P,G
D/95/P,D
G/488/S,G
D/96/P,D
D/97/P,D
F/645/P,F
F/646/P,F
G/510/P,G
G/490/S,G
E/204/S,E
G/491/S,G
G/511/P,G
F/648/P,F
B/116/S,B
G/512/P,G
F/588/S,F
G/492/S,G
F/649/P,F
G/513/P,G
C/119/S,C
G/514/P,G
E/206/S,E
F/591/S,F
F/592/S,F
F/652/P,F
F/594/S,F
G/494/S,G
G/496/S,G
D/100/P,D
F/654/P,F
E/208/S,E
G/500/S,G
F/596/S,F
F/656/P,F
G/516/P,G
F/657/P,F
F/658/P,F
F/598/S,F
G/502/S,G
F/659/P,F
D/101/P,D
F/660/P,F
B/104/P,B
E/196/P,E
F/599/S,F
F/663/P,F
E/197/P,E
F/600/S,F
B/117/S,B
F/601/S,F
E/209/S,E
D/102/P,D
F/603/S,F
F/665/P,F
F/666/P,F
G/505/S,G
F/667/P,F
F/668/P,F
F/669/P,F
F/670/P,F
G/506/S,G
A/27/P,A
G/507/S,G
G/520/P,G
F/672/P,F
E/211/S,E
F/673/P,F
G/521/P,G
E/212/S,E
D/103/P,D
G/508/S,G
G/509/S,G
E/213/S,E
E/198/P,E
F/606/S,F
G/510/S,G
E/214/S,E
G/522/P,G
G/511/S,G
G/523/P,G
F/607/S,F
C/120/S,C
G/513/S,G
B/118/S,B
F/674/P,F
F/609/S,F
F/610/S,F
G/524/P,G
F/676/P,F
E/200/P,E
D/104/P,D
F/677/P,F
E/215/S,E
G/515/S,G
E/216/S,E
G/525/P,G
G/516/S,G
E/202/P,E
G/526/P,G
F/613/S,F
G/528/P,G
C/121/S,C
G/517/S,G
E/217/S,E
G/529/P,G
G/530/P,G
F/615/S,F
F/681/P,F
E/219/S,E
C/122/S,C
G/531/P,G
G/532/P,G
G/518/S,G
G/519/S,G
G/533/P,G
F/617/S,F
A/29/P,A
C/123/S,C
G/534/P,G
F/684/P,F
B/120/S,B
F/619/S,F
G/521/S,G
G/535/P,G
G/522/S,G
F/621/S,F
G/536/P,G
B/121/S,B
F/623/S,F
G/537/P,G
G/538/P,G
F/624/S,F
F/686/P,F
F/687/P,F
G/524/S,G
F/688/P,F
G/525/S,G
D/105/P,D
D/106/P,D
F/690/P,F
G/539/P,G
D/107/P,D
E/221/S,E
E/203/P,E
B/122/S,B
F/626/S,F
F/627/S,F
G/540/P,G
B/123/S,B
G/541/P,G
G/542/P,G
C/110/P,C
F/630/S,F
G/543/P,G
E/222/S,E
G/528/S,G
F/691/P,F
G/544/P,G
F/692/P,F
F/631/S,F
D/107/S,D
F/693/P,F
B/125/S,B
G/546/P,G
G/530/S,G
G/531/S,G
G/532/S,G
E/225/S,E
C/111/P,C
F/633/S,F
G/547/P,G
C/125/S,C
G/535/S,G
G/536/S,G
A/30/P,A
F/635/S,F
D/108/S,D
E/205/P,E
G/550/P,G
A/31/P,A
G/537/S,G
D/109/S,D
F/694/P,F
G/551/P,G
F/638/S,F
F/696/P,F
G/539/S,G
F/697/P,F
G/553/P,G
F/698/P,F
F/699/P,F
E/207/P,E
G/554/P,G
F/641/S,F
G/540/S,G
F/642/S,F
F/643/S,F
B/105/P,B
G/541/S,G
F/700/P,F
G/542/S,G
B/106/P,B
G/543/S,G
G/545/S,G
E/231/S,E
G/556/P,G
G/557/P,G
G/546/S,G
C/112/P,C
G/547/S,G
F/701/P,F
G/558/P,G
B/107/P,B
G/559/P,G
F/702/P,F
F/703/P,F
F/646/S,F
D/108/P,D
G/548/S,G
F/704/P,F
E/209/P,E
G/561/P,G
E/233/S,E
E/234/S,E
G/549/S,G
C/113/P,C
G/551/S,G
F/705/P,F
F/706/P,F
C/114/P,C
G/562/P,G
G/553/S,G
G/564/P,G
F/707/P,F
B/130/S,B
G/565/P,G
F/647/S,F
F/708/P,F
F/648/S,F
B/131/S,B
G/554/S,G
G/555/S,G
F/649/S,F
G/556/S,G
B/132/S,B
G/567/P,G
G/568/P,G
F/709/P,F
G/558/S,G
F/710/P,F
G/560/S,G
G/569/P,G
C/115/P,C
G/561/S,G
F/711/P,F
F/712/P,F
G/562/S,G
B/109/P,B
G/563/S,G
F/654/S,F
B/110/P,B
C/126/S,C
G/571/P,G
B/111/P,B
F/655/S,F
F/717/P,F
G/573/P,G
F/718/P,F
E/237/S,E
F/656/S,F
A/39/S,A
D/110/P,D
F/719/P,F
D/111/P,D
F/720/P,F
E/238/S,E
C/127/S,C
F/722/P,F
D/113/P,D
G/574/P,G
F/723/P,F
G/575/P,G
B/113/P,B
F/661/S,F
F/662/S,F
G/576/P,G
F/725/P,F
G/566/S,G
G/577/P,G
G/578/P,G
B/135/S,B
F/664/S,F
F/727/P,F
F/729/P,F
F/666/S,F
G/568/S,G
F/731/P,F
E/211/P,E
F/732/P,F
F/668/S,F
A/40/S,A
F/733/P,F
E/239/S,E
G/579/P,G
F/669/S,F
C/116/P,C
F/672/S,F
D/112/S,D
G/580/P,G
G/570/S,G
B/136/S,B
F/735/P,F
G/572/S,G
D/115/P,D
F/737/P,F
D/116/P,D
D/117/P,D
F/738/P,F
D/118/P,D
E/212/P,E
D/119/P,D
G/581/P,G
G/582/P,G
G/583/P,G
G/573/S,G
F/739/P,F
F/740/P,F
F/741/P,F
G/574/S,G
G/584/P,G
F/673/S,F
F/742/P,F
F/743/P,F
F/675/S,F
G/585/P,G
F/676/S,F
G/586/P,G
D/120/P,D
E/214/P,E
D/121/P,D
E/215/P,E
G/588/P,G
B/139/S,B
F/745/P,F
G/589/P,G
G/580/S,G
F/678/S,F
G/592/P,G
G/593/P,G
F/747/P,F
D/122/P,D
C/118/P,C
G/582/S,G
F/680/S,F
E/241/S,E
F/748/P,F
F/749/P,F
G/583/S,G
F/682/S,F
G/584/S,G
B/114/P,B
B/115/P,B
C/119/P,C
G/594/P,G
E/216/P,E
G/586/S,G
F/752/P,F
F/753/P,F
F/754/P,F
F/755/P,F
E/242/S,E
D/123/P,D
B/140/S,B
E/244/S,E
G/589/S,G
G/595/P,G
F/757/P,F
F/686/S,F
D/124/P,D
C/132/S,C
F/687/S,F
G/596/P,G
G/591/S,G
G/592/S,G
F/689/S,F
F/690/S,F
G/593/S,G
E/245/S,E
G/594/S,G
B/142/S,B
F/691/S,F
G/595/S,G
A/42/S,A
C/120/P,C
E/246/S,E
G/600/S,G
F/694/S,F
E/247/S,E
B/116/P,B
C/121/P,C
B/144/S,B
F/761/P,F
F/696/S,F
F/697/S,F
F/762/P,F
F/763/P,F
G/598/P,G
G/603/S,G
C/123/P,C
F/767/P,F
E/220/P,E
F/768/P,F
F/699/S,F
F/769/P,F
F/770/P,F
G/604/S,G
G/600/P,G
G/601/P,G
F/700/S,F
C/133/S,C
F/702/S,F
D/116/S,D
G/602/P,G
G/603/P,G
F/704/S,F
G/609/S,G
G/604/P,G
G/612/S,G
G/605/P,G
A/43/S,A
D/118/S,D
G/606/P,G
D/119/S,D
B/145/S,B
G/614/S,G
G/615/S,G
B/117/P,B
G/607/P,G
G/616/S,G
E/249/S,E
G/608/P,G
B/118/P,B
F/774/P,F
B/119/P,B
F/775/P,F
G/610/P,G
D/120/S,D
F/776/P,F
G/611/P,G
G/612/P,G
F/707/S,F
G/617/S,G
G/618/S,G
G/619/S,G
G/613/P,G
E/222/P,E
F/709/S,F
B/146/S,B
F/710/S,F
E/251/S,E
G/615/P,G
B/120/P,B
G/616/P,G
F/777/P,F
F/711/S,F
F/778/P,F
G/617/P,G
F/712/S,F
C/134/S,C
B/147/S,B
F/713/S,F
F/714/S,F
A/44/S,A
F/780/P,F
G/618/P,G
G/619/P,G
E/252/S,E
D/121/S,D
F/716/S,F
D/122/S,D
D/127/P,D
G/620/S,G
G/620/P,G
G/622/S,G
C/136/S,C
B/121/P,B
B/122/P,B
E/253/S,E
G/622/P,G
F/782/P,F
F/783/P,F
F/784/P,F
G/623/S,G
G/624/S,G
F/786/P,F
D/128/P,D
F/717/S,F
D/129/P,D
F/787/P,F
E/225/P,E
E/226/P,E
F/790/P,F
F/718/S,F
F/719/S,F
G/625/S,G
G/626/S,G
G/627/S,G
D/123/S,D
G/627/P,G
E/255/S,E
F/723/S,F
E/227/P,E
E/228/P,E
F/793/P,F
F/794/P,F
G/630/P,G
C/126/P,C
F/795/P,F
G/631/P,G
C/137/S,C
C/127/P,C
F/796/P,F
F/725/S,F
G/632/P,G
F/726/S,F
E/230/P,E
F/729/S,F
E/256/S,E
D/124/S,D
D/125/S,D
F/797/P,F
F/798/P,F
F/731/S,F
G/630/S,G
B/148/S,B
B/149/S,B
F/799/P,F
F/800/P,F
G/631/S,G
E/258/S,E
E/232/P,E
F/801/P,F
B/150/S,B
G/633/P,G
G/633/S,G
G/634/S,G
F/735/S,F
E/233/P,E
C/140/S,C
G/635/P,G
G/636/S,G
E/234/P,E
G/636/P,G
F/804/P,F
G/637/S,G
G/639/S,G
C/141/S,C
F/736/S,F
E/260/S,E
G/640/S,G
F/737/S,F
F/738/S,F
G/641/S,G
D/128/S,D
B/124/P,B
F/806/P,F
E/262/S,E
G/641/P,G
F/808/P,F
G/642/P,G
E/263/S,E
F/810/P,F
C/142/S,C
E/264/S,E
F/740/S,F
F/811/P,F
E/265/S,E
D/129/S,D
G/642/S,G
G/643/S,G
G/644/S,G
F/742/S,F
F/743/S,F
E/237/P,E
D/132/P,D
G/643/P,G
G/645/S,G
F/745/S,F
G/644/P,G
F/812/P,F
F/814/P,F
E/238/P,E
C/143/S,C
F/746/S,F
G/647/S,G
G/648/S,G
F/747/S,F
G/646/P,G
F/817/P,F
F/748/S,F
F/749/S,F
G/647/P,G
E/239/P,E
G/648/P,G
G/650/S,G
F/818/P,F
G/649/P,G
F/819/P,F
G/650/P,G
F/751/S,F
G/651/P,G
E/240/P,E
F/752/S,F
G/652/S,G
E/241/P,E
G/653/P,G
G/654/S,G
G/654/P,G
F/755/S,F
F/822/P,F
D/134/P,D
F/823/P,F
F/756/S,F
B/152/S,B
G/655/P,G
F/825/P,F
F/826/P,F
G/657/S,G
C/129/P,C
G/656/P,G
G/658/S,G
F/757/S,F
F/758/S,F
G/659/S,G
E/242/P,E
F/827/P,F
G/657/P,G
F/829/P,F
G/660/S,G
F/759/S,F
F/760/S,F
G/658/P,G
E/243/P,E
B/125/P,B
E/268/S,E
E/269/S,E
F/761/S,F
F/762/S,F
E/245/P,E
B/126/P,B
F/832/P,F
F/833/P,F
E/246/P,E
B/154/S,B
G/659/P,G
G/661/S,G
C/131/P,C
G/661/P,G
C/144/S,C
E/247/P,E
G/662/P,G
G/662/S,G
G/663/S,G
G/664/S,G
F/764/S,F
G/663/P,G
A/46/S,A
E/248/P,E
F/765/S,F
D/135/P,D
G/664/P,G
G/666/S,G
A/47/S,A
A/35/P,A
G/668/S,G
F/836/P,F
G/669/S,G
F/838/P,F
D/130/S,D
F/766/S,F
G/670/S,G
F/767/S,F
G/665/P,G
B/155/S,B
D/131/S,D
F/768/S,F
B/127/P,B
G/671/S,G
C/145/S,C
E/250/P,E
G/667/P,G
F/771/S,F
F/839/P,F
G/668/P,G
E/252/P,E
C/146/S,C
D/132/S,D
A/48/S,A
D/133/S,D
F/772/S,F
F/841/P,F
G/671/P,G
F/842/P,F
E/253/P,E
G/672/P,G
G/673/P,G
F/773/S,F
B/128/P,B
G/674/P,G
G/675/P,G
G/675/S,G
G/676/S,G
B/158/S,B
F/843/P,F
E/255/P,E
G/678/S,G
B/129/P,B
E/270/S,E
G/679/S,G
F/774/S,F
G/680/S,G
G/677/P,G
B/130/P,B
F/846/P,F
F/847/P,F
C/147/S,C
G/678/P,G
F/777/S,F
F/778/S,F
F/851/P,F
G/679/P,G
C/148/S,C
E/258/P,E
E/259/P,E
F/852/P,F
C/149/S,C
G/682/P,G
F/780/S,F
G/683/P,G
F/853/P,F
F/781/S,F
G/684/P,G
E/273/S,E
F/782/S,F
F/783/S,F
G/683/S,G
G/685/P,G
B/132/P,B
F/855/P,F
E/260/P,E
D/140/P,D
B/133/P,B
G/686/P,G
F/856/P,F
D/141/P,D
E/261/P,E
F/857/P,F
F/858/P,F
F/859/P,F
D/142/P,D
B/161/S,B
G/687/P,G
A/50/S,A
C/133/P,C
A/51/S,A
F/784/S,F
F/860/P,F
G/688/P,G
G/685/S,G
F/861/P,F
G/686/S,G
D/135/S,D
F/862/P,F
G/688/S,G
F/786/S,F
G/689/S,G
F/787/S,F
D/143/P,D
G/691/P,G
F/789/S,F
F/865/P,F
B/163/S,B
D/144/P,D
C/151/S,C
C/134/P,C
G/690/S,G
G/691/S,G
E/262/P,E
D/145/P,D
B/134/P,B
F/867/P,F
F/868/P,F
E/263/P,E
F/869/P,F
G/692/P,G
E/264/P,E
F/790/S,F
E/275/S,E
E/266/P,E
F/872/P,F
F/873/P,F
F/791/S,F
B/164/S,B
B/135/P,B
E/277/S,E
B/165/S,B
F/875/P,F
C/152/S,C
F/877/P,F
D/136/S,D
F/794/S,F
G/695/S,G
G/693/P,G
B/166/S,B
F/879/P,F
F/795/S,F
G/696/P,G
B/136/P,B
G/697/P,G
F/880/P,F
G/698/P,G
F/881/P,F
A/37/P,A
F/796/S,F
G/696/S,G
D/137/S,D
C/135/P,C
F/797/S,F
G/697/S,G
G/700/P,G
F/883/P,F
A/38/P,A
F/799/S,F
F/884/P,F
G/698/S,G
C/154/S,C
E/267/P,E
F/890/P,F
G/701/S,G
A/52/S,A
F/801/S,F
G/702/S,G
D/147/P,D
G/703/S,G
B/138/P,B
G/704/S,G
E/269/P,E
G/706/P,G
F/803/S,F
G/705/S,G
F/893/P,F
G/707/P,G
F/805/S,F
E/270/P,E
G/709/P,G
F/807/S,F
B/139/P,B
E/272/P,E
G/710/P,G
F/894/P,F
D/139/S,D
F/808/S,F
G/711/P,G
E/273/P,E
F/810/S,F
F/811/S,F
F/812/S,F
D/140/S,D
G/707/S,G
B/141/P,B
A/53/S,A
E/281/S,E
C/155/S,C
F/813/S,F
C/156/S,C
F/814/S,F
F/815/S,F
G/708/S,G
F/816/S,F
G/717/P,G
E/274/P,E
G/718/P,G
B/142/P,B
E/275/P,E
G/709/S,G
F/895/P,F
C/157/S,C
E/276/P,E
B/167/S,B
D/148/P,D
F/818/S,F
C/137/P,C
F/896/P,F
F/819/S,F
B/168/S,B
G/720/P,G
F/898/P,F
F/899/P,F
G/710/S,G
F/900/P,F
F/820/S,F
C/158/S,C
F/821/S,F
E/283/S,E
F/822/S,F
E/284/S,E
F/901/P,F
B/169/S,B
B/170/S,B
F/902/P,F
B/171/S,B
F/903/P,F
F/904/P,F
G/714/S,G
G/722/P,G
E/278/P,E
F/905/P,F
G/715/S,G
G/724/P,G
E/285/S,E
F/830/S,F
G/716/S,G
G/725/P,G
F/831/S,F
G/717/S,G
G/726/P,G
C/159/S,C
G/719/S,G
F/906/P,F
C/160/S,C
G/720/S,G
G/721/S,G
G/722/S,G
F/833/S,F
B/143/P,B
B/172/S,B
E/287/S,E
F/835/S,F
D/141/S,D
C/162/S,C
E/288/S,E
F/836/S,F
G/727/P,G
G/728/P,G
G/729/P,G
G/730/P,G
G/725/S,G
F/910/P,F
F/911/P,F
B/144/P,B
E/291/S,E
F/912/P,F
B/175/S,B
F/913/P,F
D/142/S,D
C/140/P,C
F/914/P,F
G/727/S,G
D/149/P,D
F/916/P,F
F/917/P,F
G/733/P,G
F/838/S,F
F/918/P,F
B/145/P,B
G/728/S,G
A/54/S,A
A/40/P,A
F/919/P,F
B/146/P,B
F/839/S,F
G/734/P,G
F/920/P,F
F/841/S,F
E/292/S,E
G/730/S,G
A/55/S,A
F/921/P,F
G/731/S,G
D/150/P,D
G/732/S,G
D/151/P,D
F/922/P,F
G/733/S,G
G/735/P,G
D/143/S,D
B/148/P,B
G/736/P,G
F/845/S,F
F/846/S,F
F/924/P,F
G/737/P,G
G/734/S,G
F/847/S,F
G/735/S,G
E/281/P,E
C/165/S,C
E/294/S,E
F/926/P,F
E/283/P,E
E/295/S,E
D/144/S,D
B/177/S,B
B/178/S,B
E/296/S,E
G/736/S,G
G/739/P,G
F/848/S,F
F/849/S,F
G/740/P,G
F/929/P,F
F/850/S,F
F/930/P,F
G/738/S,G
F/933/P,F
C/142/P,C
G/739/S,G
B/149/P,B
F/851/S,F
F/934/P,F
G/742/P,G
F/852/S,F
F/935/P,F
G/740/S,G
B/150/P,B
F/936/P,F
G/743/P,G
G/744/P,G
E/297/S,E
E/298/S,E
F/853/S,F
F/937/P,F
C/143/P,C
G/743/S,G
E/286/P,E
C/167/S,C
F/854/S,F
G/744/S,G
C/168/S,C
B/180/S,B
C/169/S,C
G/745/P,G
G/746/P,G
F/939/P,F
F/940/P,F
B/151/P,B
C/170/S,C
G/745/S,G
G/746/S,G
F/856/S,F
F/857/S,F
F/941/P,F
F/942/P,F
F/858/S,F
F/860/S,F
B/181/S,B
B/182/S,B
F/943/P,F
A/42/P,A
E/287/P,E
F/862/S,F
G/750/S,G
C/144/P,C
C/145/P,C
G/751/S,G
G/748/P,G
F/945/P,F
C/171/S,C
G/753/S,G
G/750/P,G
C/172/S,C
G/751/P,G
F/864/S,F
C/173/S,C
G/752/P,G
G/754/S,G
G/755/S,G
B/152/P,B
F/865/S,F
F/866/S,F
G/757/S,G
E/289/P,E
G/753/P,G
C/146/P,C
F/868/S,F
B/183/S,B
C/175/S,C
F/870/S,F
C/147/P,C
C/176/S,C
G/754/P,G
E/299/S,E
G/755/P,G
B/153/P,B
G/760/S,G
F/871/S,F
C/178/S,C
F/947/P,F
F/872/S,F
B/184/S,B
F/873/S,F
F/874/S,F
E/290/P,E
G/762/S,G
C/179/S,C
E/302/S,E
E/291/P,E
B/154/P,B
F/875/S,F
G/763/S,G
G/756/P,G
D/147/S,D
F/876/S,F
F/948/P,F
G/757/P,G
C/148/P,C
G/765/S,G
E/303/S,E
G/758/P,G
C/180/S,C
G/759/P,G
F/950/P,F
G/760/P,G
C/150/P,C
F/951/P,F
C/181/S,C
D/155/P,D
F/952/P,F
F/878/S,F
G/768/S,G
C/182/S,C
B/156/P,B
G/769/S,G
B/186/S,B
F/881/S,F
F/882/S,F
F/883/S,F
F/955/P,F
D/156/P,D
G/762/P,G
E/304/S,E
F/957/P,F
F/958/P,F
E/293/P,E
F/959/P,F
G/764/P,G
F/885/S,F
G/765/P,G
G/766/P,G
E/305/S,E
F/887/S,F
G/771/S,G
F/888/S,F
G/767/P,G
C/187/S,C
F/889/S,F
B/158/P,B
C/151/P,C
E/294/P,E
F/893/S,F
G/773/S,G
F/961/P,F
E/306/S,E
C/152/P,C
G/775/S,G
D/149/S,D
A/57/S,A
F/964/P,F
F/895/S,F
E/307/S,E
F/965/P,F
C/188/S,C
F/896/S,F
F/966/P,F
F/897/S,F
F/968/P,F
F/969/P,F
E/308/S,E
G/776/S,G
F/900/S,F
F/971/P,F
G/777/S,G
F/972/P,F
G/778/S,G
G/779/S,G
A/58/S,A
E/309/S,E
C/189/S,C
A/43/P,A
F/903/S,F
B/159/P,B
B/160/P,B
G/780/S,G
F/904/S,F
B/189/S,B
G/781/S,G
G/782/S,G
E/310/S,E
F/974/P,F
F/905/S,F
E/311/S,E
G/783/S,G
F/975/P,F
G/773/P,G
F/977/P,F
F/906/S,F
G/785/S,G
G/776/P,G
E/299/P,E
C/190/S,C
G/788/S,G
F/907/S,F
F/979/P,F
D/150/S,D
F/980/P,F
F/981/P,F
G/777/P,G
G/789/S,G
G/778/P,G
F/982/P,F
F/983/P,F
F/984/P,F
E/301/P,E
F/911/S,F
F/912/S,F
F/913/S,F
F/915/S,F
B/192/S,B
D/152/S,D
E/302/P,E
E/314/S,E
G/791/S,G
F/917/S,F
F/986/P,F
G/792/S,G
F/918/S,F
C/153/P,C
F/920/S,F
G/782/P,G
G/783/P,G
T/2/S,T
G/784/P,G
F/922/S,F
E/304/P,E
G/785/P,G
F/990/P,F
C/191/S,C
F/925/S,F
F/926/S,F
F/927/S,F
F/929/S,F
G/786/P,G
G/787/P,G
E/315/S,E
B/193/S,B
G/788/P,G
E/316/S,E
F/930/S,F
F/931/S,F
F/991/P,F
C/192/S,C
G/794/S,G
G/795/S,G
F/932/S,F
B/194/S,B
G/796/S,G
G/797/S,G
G/789/P,G
F/992/P,F
F/993/P,F
F/933/S,F
G/799/S,G
F/994/P,F
G/790/P,G
E/305/P,E
G/791/P,G
F/995/P,F
E/317/S,E
F/997/P,F
E/306/P,E
F/998/P,F
D/160/P,D
F/1000/P,F
G/793/P,G
F/1001/P,F
B/195/S,B
G/794/P,G
G/802/S,G
F/935/S,F
F/1002/P,F
F/936/S,F
F/937/S,F
F/1004/P,F
B/161/P,B
D/161/P,D
F/1005/P,F
F/938/S,F
F/1006/P,F
G/803/S,G
G/804/S,G
F/1007/P,F
G/805/S,G
F/1008/P,F
G/806/S,G
F/1009/P,F
A/60/S,A
G/798/P,G
G/799/P,G
G/800/P,G
F/1010/P,F
F/939/S,F
G/808/S,G
G/809/S,G
G/810/S,G
F/942/S,F
G/811/S,G
D/154/S,D
E/308/P,E
F/943/S,F
B/162/P,B
E/309/P,E
G/803/P,G
A/44/P,A
G/813/S,G
F/945/S,F
F/1015/P,F
G/804/P,G
G/805/P,G
F/946/S,F
G/814/S,G
F/1016/P,F
G/816/S,G
E/310/P,E
B/164/P,B
G/806/P,G
F/1018/P,F
G/807/P,G
F/949/S,F
C/156/P,C
G/818/S,G
F/950/S,F
G/808/P,G
G/809/P,G
B/165/P,B
F/1019/P,F
B/166/P,B
F/951/S,F
F/952/S,F
F/1020/P,F
F/1021/P,F
G/811/P,G
F/953/S,F
D/162/P,D
F/1022/P,F
C/194/S,C
F/1023/P,F
F/954/S,F
G/812/P,G
F/955/S,F
F/956/S,F
B/167/P,B
G/813/P,G
F/1024/P,F
E/321/S,E
A/61/S,A
E/322/S,E
G/824/S,G
G/825/S,G
G/814/P,G
F/958/S,F
C/195/S,C
F/1026/P,F
G/826/S,G
F/1028/P,F
E/324/S,E
F/961/S,F
G/816/P,G
F/963/S,F
F/1030/P,F
C/157/P,C
C/196/S,C
E/325/S,E
G/830/S,G
A/62/S,A
E/326/S,E
F/964/S,F
E/314/P,E
F/965/S,F
F/966/S,F
G/817/P,G
F/1033/P,F
F/967/S,F
G/818/P,G
F/969/S,F
G/820/P,G
E/315/P,E
F/970/S,F
F/1036/P,F
F/972/S,F
B/170/P,B
G/821/P,G
E/316/P,E
F/973/S,F
C/158/P,C
F/1038/P,F
G/823/P,G
F/1039/P,F
E/317/P,E
G/833/S,G
G/834/S,G
G/825/P,G
G/835/S,G
B/171/P,B
C/198/S,C
C/199/S,C
F/980/S,F
E/320/P,E
F/981/S,F
F/1044/P,F
F/982/S,F
C/200/S,C
G/837/S,G
F/983/S,F
F/1045/P,F
G/827/P,G
G/838/S,G
G/828/P,G
G/829/P,G
F/1046/P,F
F/984/S,F
G/839/S,G
A/47/P,A
G/840/S,G
F/1050/P,F
G/830/P,G
G/841/S,G
F/986/S,F
F/1051/P,F
G/831/P,G
F/1052/P,F
B/199/S,B
E/321/P,E
B/200/S,B
G/844/S,G
F/1054/P,F
G/832/P,G
D/156/S,D
F/988/S,F
E/322/P,E
F/989/S,F
D/163/P,D
F/990/S,F
F/1056/P,F
F/991/S,F
F/1057/P,F
C/159/P,C
G/834/P,G
E/323/P,E
B/201/S,B
C/160/P,C
G/835/P,G
B/175/P,B
G/836/P,G
G/837/P,G
E/330/S,E
F/1058/P,F
E/324/P,E
G/838/P,G
F/994/S,F
F/995/S,F
C/202/S,C
B/176/P,B
G/839/P,G
E/325/P,E
F/1059/P,F
D/158/S,D
F/1060/P,F
G/840/P,G
F/1061/P,F
F/997/S,F
G/845/S,G
G/841/P,G
F/1062/P,F
E/331/S,E
F/998/S,F
C/163/P,C
F/999/S,F
F/1063/P,F
E/332/S,E
F/1064/P,F
G/842/P,G
G/843/P,G
B/177/P,B
F/1000/S,F
D/165/P,D
F/1065/P,F
F/1002/S,F
F/1003/S,F
E/334/S,E
G/848/S,G
G/849/S,G
E/335/S,E
F/1004/S,F
F/1067/P,F
G/844/P,G
E/326/P,E
G/845/P,G
G/852/S,G
G/853/S,G
G/854/S,G
F/1005/S,F
G/855/S,G
F/1006/S,F
G/847/P,G
F/1070/P,F
G/848/P,G
G/856/S,G
E/327/P,E
F/1007/S,F
F/1071/P,F
F/1008/S,F
F/1009/S,F
B/202/S,B
F/1010/S,F
D/159/S,D
B/178/P,B
C/204/S,C
G/849/P,G
G/850/P,G
G/858/S,G
F/1012/S,F
F/1073/P,F
A/64/S,A
C/205/S,C
F/1013/S,F
E/336/S,E
F/1075/P,F
F/1076/P,F
F/1077/P,F
F/1078/P,F
F/1014/S,F
B/179/P,B
F/1079/P,F
B/203/S,B
G/852/P,G
F/1015/S,F
F/1080/P,F
E/337/S,E
F/1016/S,F
G/860/S,G
G/861/S,G
F/1081/P,F
F/1083/P,F
G/854/P,G
C/206/S,C
G/856/P,G
G/862/S,G
G/863/S,G
G/864/S,G
B/181/P,B
G/857/P,G
F/1019/S,F
F/1084/P,F
B/204/S,B
F/1021/S,F
B/182/P,B
F/1085/P,F
C/208/S,C
F/1086/P,F
F/1087/P,F
E/330/P,E
F/1090/P,F
F/1091/P,F
F/1023/S,F
F/1092/P,F
B/183/P,B
F/1094/P,F
F/1095/P,F
G/862/P,G
G/867/S,G
F/1024/S,F
G/868/S,G
G/869/S,G
E/332/P,E
C/168/P,C
D/167/P,D
E/333/P,E
E/334/P,E
C/169/P,C
D/168/P,D
C/170/P,C
F/1026/S,F
B/205/S,B
D/161/S,D
E/339/S,E
F/1098/P,F
G/865/P,G
E/340/S,E
F/1099/P,F
F/1100/P,F
F/1101/P,F
E/336/P,E
F/1102/P,F
E/337/P,E
E/338/P,E
C/209/S,C
G/870/S,G
E/342/S,E
F/1029/S,F
C/210/S,C
C/173/P,C
F/1030/S,F
F/1104/P,F
F/1105/P,F
A/65/S,A
D/170/P,D
D/171/P,D
G/871/S,G
F/1106/P,F
G/872/S,G
F/1032/S,F
E/343/S,E
D/172/P,D
D/173/P,D
F/1109/P,F
D/162/S,D
G/869/P,G
F/1034/S,F
F/1111/P,F
F/1035/S,F
D/174/P,D
D/163/S,D
B/206/S,B
G/870/P,G
G/871/P,G
G/872/P,G
F/1112/P,F
F/1113/P,F
F/1114/P,F
E/340/P,E
E/349/S,E
F/1036/S,F
G/873/S,G
D/164/S,D
F/1116/P,F
E/341/P,E
F/1117/P,F
E/342/P,E
F/1037/S,F
F/1118/P,F
G/873/P,G
E/350/S,E
G/874/P,G
F/1121/P,F
F/1123/P,F
G/875/P,G
G/875/S,G
F/1041/S,F
B/207/S,B
F/1124/P,F
F/1125/P,F
G/876/P,G
F/1126/P,F
G/877/P,G
F/1127/P,F
C/212/S,C
F/1044/S,F
E/343/P,E
E/344/P,E
F/1129/P,F
E/351/S,E
C/213/S,C
F/1131/P,F
F/1045/S,F
F/1132/P,F
B/185/P,B
F/1046/S,F
B/208/S,B
A/50/P,A
G/878/P,G
G/877/S,G
F/1047/S,F
F/1134/P,F
G/879/S,G
G/880/S,G
F/1048/S,F
G/881/S,G
F/1135/P,F
F/1050/S,F
G/880/P,G
F/1136/P,F
B/186/P,B
G/881/P,G
F/1137/P,F
G/882/S,G
F/1052/S,F
F/1053/S,F
G/882/P,G
B/210/S,B
G/884/S,G
D/175/P,D
G/885/S,G
F/1140/P,F
D/166/S,D
E/356/S,E
F/1055/S,F
G/887/S,G
G/884/P,G
E/346/P,E
A/67/S,A
B/211/S,B
G/889/S,G
F/1141/P,F
E/357/S,E
G/890/S,G
F/1058/S,F
E/358/S,E
F/1059/S,F
G/885/P,G
F/1060/S,F
F/1061/S,F
G/891/S,G
G/886/P,G
F/1143/P,F
C/174/P,C
E/347/P,E
F/1144/P,F
F/1145/P,F
G/893/S,G
F/1062/S,F
F/1063/S,F
F/1146/P,F
B/187/P,B
E/360/S,E
F/1147/P,F
C/175/P,C
F/1149/P,F
G/894/S,G
D/176/P,D
G/895/S,G
G/888/P,G
F/1150/P,F
G/896/S,G
E/361/S,E
G/890/P,G
G/897/S,G
D/168/S,D
A/51/P,A
C/176/P,C
E/349/P,E
B/188/P,B
G/891/P,G
G/900/S,G
F/1153/P,F
F/1154/P,F
F/1155/P,F
F/1156/P,F
G/892/P,G
G/902/S,G
B/212/S,B
G/893/P,G
D/170/S,D
G/894/P,G
F/1158/P,F
G/895/P,G
F/1159/P,F
F/1160/P,F
E/363/S,E
F/1161/P,F
F/1163/P,F
F/1067/S,F
D/179/P,D
G/903/S,G
E/364/S,E
G/904/S,G
F/1069/S,F
B/190/P,B
E/365/S,E
B/213/S,B
F/1164/P,F
G/897/P,G
B/214/S,B
D/171/S,D
F/1072/S,F
G/906/S,G
G/907/S,G
F/1073/S,F
F/1075/S,F
G/908/S,G
F/1076/S,F
G/898/P,G
E/352/P,E
G/911/S,G
G/899/P,G
G/900/P,G
G/901/P,G
F/1166/P,F
F/1168/P,F
G/913/S,G
E/368/S,E
B/216/S,B
F/1077/S,F
F/1169/P,F
F/1078/S,F
F/1079/S,F
C/178/P,C
C/179/P,C
G/902/P,G
G/915/S,G
F/1171/P,F
G/903/P,G
F/1172/P,F
F/1175/P,F
E/355/P,E
G/905/P,G
G/916/S,G
F/1080/S,F
A/71/S,A
G/906/P,G
G/907/P,G
F/1083/S,F
B/217/S,B
E/357/P,E
G/920/S,G
E/359/P,E
G/921/S,G
B/218/S,B
G/910/P,G
D/180/P,D
F/1179/P,F
F/1084/S,F
F/1180/P,F
E/360/P,E
F/1087/S,F
G/922/S,G
G/911/P,G
F/1088/S,F
G/923/S,G
G/924/S,G
D/173/S,D
G/912/P,G
G/913/P,G
G/925/S,G
F/1090/S,F
G/926/S,G
F/1091/S,F
C/215/S,C
F/1092/S,F
F/1183/P,F
E/371/S,E
G/915/P,G
G/916/P,G
F/1093/S,F
G/917/P,G
G/927/S,G
G/918/P,G
B/219/S,B
G/928/S,G
E/372/S,E
G/919/P,G
F/1094/S,F
B/192/P,B
G/920/P,G
F/1185/P,F
F/1186/P,F
F/1187/P,F
G/921/P,G
G/922/P,G
F/1188/P,F
E/362/P,E
F/1189/P,F
C/216/S,C
G/929/S,G
G/930/S,G
A/52/P,A
F/1096/S,F
G/931/S,G
G/932/S,G
F/1192/P,F
A/53/P,A
E/363/P,E
G/924/P,G
G/933/S,G
F/1194/P,F
F/1195/P,F
G/934/S,G
B/220/S,B
F/1099/S,F
F/1100/S,F
C/181/P,C
G/936/S,G
B/193/P,B
B/194/P,B
G/937/S,G
F/1197/P,F
C/217/S,C
F/1102/S,F
F/1199/P,F
G/926/P,G
G/938/S,G
B/195/P,B
F/1200/P,F
F/1201/P,F
F/1104/S,F
G/928/P,G
F/1105/S,F
C/218/S,C
G/941/S,G
B/196/P,B
E/375/S,E
D/182/P,D
F/1106/S,F
F/1107/S,F
F/1108/S,F
F/1203/P,F
D/175/S,D
G/933/P,G
F/1109/S,F
G/934/P,G
F/1204/P,F
F/1205/P,F
G/935/P,G
E/366/P,E
A/54/P,A
G/943/S,G
G/936/P,G
D/176/S,D
G/937/P,G
F/1111/S,F
G/938/P,G
B/221/S,B
F/1112/S,F
C/183/P,C
G/939/P,G
G/944/S,G
G/940/P,G
B/198/P,B
E/367/P,E
G/945/S,G
G/941/P,G
F/1113/S,F
F/1206/P,F
G/946/S,G
B/222/S,B
F/1114/S,F
C/219/S,C
G/946/P,G
C/220/S,C
G/947/S,G
E/369/P,E
E/376/S,E
F/1115/S,F
E/377/S,E
F/1208/P,F
E/370/P,E
F/1117/S,F
F/1209/P,F
G/949/P,G
B/199/P,B
E/378/S,E
G/948/S,G
E/371/P,E
F/1118/S,F
G/949/S,G
G/950/P,G
F/1210/P,F
F/1212/P,F
E/379/S,E
G/952/S,G
F/1120/S,F
G/953/S,G
E/381/S,E
D/184/P,D
F/1213/P,F
F/1121/S,F
B/224/S,B
F/1122/S,F
G/953/P,G
F/1214/P,F
F/1123/S,F
G/954/S,G
F/1216/P,F
E/373/P,E
E/374/P,E
F/1217/P,F
F/1218/P,F
G/954/P,G
G/955/S,G
G/955/P,G
G/957/S,G
C/221/S,C
G/958/S,G
F/1220/P,F
F/1221/P,F
D/177/S,D
E/376/P,E
G/959/S,G
G/957/P,G
G/960/S,G
F/1126/S,F
F/1127/S,F
G/961/S,G
G/963/S,G
D/185/P,D
E/382/S,E
E/383/S,E
A/55/P,A
F/1223/P,F
G/959/P,G
F/1224/P,F
G/960/P,G
F/1129/S,F
F/1225/P,F
B/226/S,B
B/201/P,B
E/377/P,E
B/227/S,B
A/56/P,A
F/1131/S,F
G/962/P,G
E/384/S,E
G/967/S,G
E/385/S,E
E/386/S,E
G/969/S,G
G/970/S,G
E/387/S,E
E/388/S,E
D/180/S,D
F/1132/S,F
E/378/P,E
F/1133/S,F
F/1134/S,F
E/390/S,E
E/391/S,E
E/392/S,E
F/1135/S,F
E/379/P,E
B/203/P,B
D/181/S,D
C/222/S,C
F/1228/P,F
G/964/P,G
G/965/P,G
F/1229/P,F
G/972/S,G
F/1137/S,F
B/229/S,B
F/1230/P,F
F/1138/S,F
F/1139/S,F
D/186/P,D
E/380/P,E
D/182/S,D
B/230/S,B
C/223/S,C
F/1140/S,F
F/1233/P,F
D/187/P,D
E/381/P,E
F/1234/P,F
D/188/P,D
G/973/S,G
F/1235/P,F
F/1141/S,F
G/974/S,G
C/224/S,C
G/975/S,G
E/394/S,E
F/1236/P,F
G/967/P,G
G/977/S,G
G/968/P,G
D/189/P,D
G/969/P,G
G/970/P,G
F/1143/S,F
D/190/P,D
G/971/P,G
F/1238/P,F
G/979/S,G
F/1239/P,F
E/395/S,E
B/231/S,B
E/383/P,E
G/973/P,G
F/1144/S,F
F/1145/S,F
G/974/P,G
F/1242/P,F
F/1243/P,F
G/975/P,G
F/1245/P,F
F/1246/P,F
B/232/S,B
A/57/P,A
E/396/S,E
G/981/S,G
F/1146/S,F
G/982/S,G
E/397/S,E
E/384/P,E
F/1247/P,F
E/385/P,E
E/386/P,E
G/976/P,G
C/225/S,C
F/1147/S,F
G/983/S,G
F/1148/S,F
G/984/S,G
F/1248/P,F
F/1249/P,F
G/978/P,G
B/233/S,B
G/985/S,G
G/986/S,G
G/980/P,G
F/1151/S,F
C/185/P,C
F/1253/P,F
G/982/P,G
F/1153/S,F
F/1254/P,F
E/388/P,E
C/186/P,C
E/398/S,E
C/226/S,C
G/984/P,G
F/1154/S,F
D/185/S,D
D/186/S,D
G/987/S,G
F/1156/S,F
B/206/P,B
G/988/S,G
G/985/P,G
G/989/S,G
G/987/P,G
F/1257/P,F
A/72/S,A
F/1160/S,F
F/1259/P,F
G/988/P,G
F/1260/P,F
F/1161/S,F
G/991/S,G
C/227/S,C
D/192/P,D
F/1162/S,F
F/1163/S,F
G/992/S,G
F/1261/P,F
F/1165/S,F
G/990/P,G
E/401/S,E
C/228/S,C
F/1263/P,F
F/1166/S,F
C/187/P,C
E/389/P,E
A/58/P,A
F/1264/P,F
E/390/P,E
F/1167/S,F
B/234/S,B
F/1266/P,F
E/391/P,E
F/1169/S,F
C/229/S,C
F/1267/P,F
F/1268/P,F
G/991/P,G
C/188/P,C
E/404/S,E
G/992/P,G
F/1270/P,F
C/189/P,C
F/1170/S,F
G/993/S,G
F/1272/P,F
F/1172/S,F
G/994/S,G
F/1173/S,F
E/406/S,E
C/230/S,C
F/1174/S,F
F/1175/S,F
C/231/S,C
B/207/P,B
F/1176/S,F
G/995/S,G
F/1177/S,F
B/235/S,B
B/236/S,B
F/1178/S,F
F/1179/S,F
E/407/S,E
G/996/S,G
F/1181/S,F
E/409/S,E
E/394/P,E
G/998/S,G
G/999/S,G
G/1000/S,G
G/998/P,G
E/410/S,E
G/1001/S,G
B/208/P,B
F/1274/P,F
G/999/P,G
G/1000/P,G
F/1275/P,F
G/1001/P,G
B/209/P,B
G/1002/S,G
C/191/P,C
G/1002/P,G
G/1003/S,G
E/396/P,E
G/1004/P,G
A/59/P,A
F/1183/S,F
F/1185/S,F
E/412/S,E
D/188/S,D
B/238/S,B
A/60/P,A
D/189/S,D
F/1187/S,F
F/1278/P,F
E/397/P,E
F/1279/P,F
D/193/P,D
F/1280/P,F
B/239/S,B
F/1282/P,F
F/1188/S,F
E/413/S,E
F/1283/P,F
F/1284/P,F
F/1190/S,F
E/398/P,E
F/1191/S,F
G/1006/S,G
G/1007/P,G
F/1192/S,F
G/1007/S,G
F/1286/P,F
E/414/S,E
B/241/S,B
F/1287/P,F
F/1194/S,F
F/1195/S,F
F/1196/S,F
F/1197/S,F
F/1198/S,F
G/1010/S,G
G/1011/S,G
F/1199/S,F
G/1012/S,G
G/1008/P,G
G/1013/S,G
F/1200/S,F
F/1201/S,F
F/1289/P,F
B/243/S,B
G/1009/P,G
F/1293/P,F
D/195/P,D
B/213/P,B
F/1294/P,F
F/1296/P,F
F/1202/S,F
F/1297/P,F
A/62/P,A
D/196/P,D
F/1203/S,F
G/1011/P,G
G/1014/S,G
A/74/S,A
G/1012/P,G
G/1015/S,G
F/1205/S,F
F/1206/S,F
B/245/S,B
G/1018/S,G
G/1013/P,G
G/1020/S,G
F/1301/P,F
B/247/S,B
G/1014/P,G
C/192/P,C
F/1303/P,F
F/1304/P,F
F/1305/P,F
G/1015/P,G
C/193/P,C
B/248/S,B
G/1017/P,G
G/1023/S,G
D/190/S,D
C/234/S,C
E/401/P,E
F/1208/S,F
G/1018/P,G
G/1019/P,G
E/418/S,E
C/194/P,C
E/419/S,E
C/235/S,C
E/420/S,E
G/1025/S,G
G/1026/S,G
F/1209/S,F
F/1307/P,F
F/1308/P,F
G/1020/P,G
F/1309/P,F
G/1027/S,G
C/237/S,C
G/1028/S,G
E/421/S,E
F/1210/S,F
F/1312/P,F
F/1313/P,F
G/1022/P,G
C/195/P,C
D/191/S,D
E/423/S,E
G/1023/P,G
F/1212/S,F
G/1030/S,G
C/238/S,C
F/1314/P,F
E/403/P,E
D/199/P,D
F/1315/P,F
F/1213/S,F
F/1316/P,F
F/1214/S,F
A/75/S,A
G/1031/S,G
G/1026/P,G
E/405/P,E
A/64/P,A
E/424/S,E
F/1215/S,F
G/1033/S,G
F/1318/P,F
F/1216/S,F
G/1027/P,G
B/216/P,B
F/1319/P,F
F/1320/P,F
F/1217/S,F
G/1034/S,G
F/1322/P,F
G/1028/P,G
F/1323/P,F
G/1029/P,G
G/1036/S,G
G/1037/S,G
E/427/S,E
F/1223/S,F
G/1030/P,G
G/1031/P,G
A/76/S,A
G/1032/P,G
G/1038/S,G
F/1224/S,F
G/1039/S,G
B/249/S,B
G/1033/P,G
G/1034/P,G
G/1035/P,G
F/1328/P,F
E/407/P,E
A/77/S,A
G/1040/S,G
F/1225/S,F
F/1329/P,F
E/428/S,E
C/197/P,C
F/1330/P,F
E/408/P,E
F/1331/P,F
C/198/P,C
G/1037/P,G
F/1334/P,F
G/1038/P,G
D/202/P,D
D/193/S,D
G/1039/P,G
G/1043/S,G
F/1228/S,F
G/1044/S,G
G/1045/S,G
G/1046/S,G
F/1229/S,F
G/1041/P,G
G/1047/S,G
G/1043/P,G
F/1230/S,F
E/430/S,E
F/1231/S,F
C/200/P,C
F/1336/P,F
G/1044/P,G
G/1045/P,G
G/1046/P,G
D/203/P,D
E/410/P,E
F/1337/P,F
E/431/S,E
G/1047/P,G
F/1232/S,F
F/1233/S,F
F/1234/S,F
F/1338/P,F
F/1339/P,F
E/411/P,E
D/204/P,D
E/432/S,E
G/1050/S,G
B/250/S,B
F/1236/S,F
F/1340/P,F
D/196/S,D
E/412/P,E
E/433/S,E
G/1052/S,G
F/1237/S,F
F/1238/S,F
G/1053/S,G
F/1343/P,F
A/79/S,A
G/1049/P,G
C/201/P,C
G/1055/S,G
G/1050/P,G
F/1344/P,F
E/413/P,E
F/1240/S,F
G/1058/S,G
F/1347/P,F
F/1242/S,F
F/1243/S,F
D/205/P,D
F/1348/P,F
G/1055/P,G
A/80/S,A
F/1244/S,F
B/251/S,B
F/1350/P,F
G/1060/S,G
F/1245/S,F
F/1246/S,F
F/1248/S,F
G/1061/S,G
G/1056/P,G
G/1063/S,G
E/436/S,E
G/1064/S,G
E/415/P,E
C/242/S,C
G/1059/P,G
F/1356/P,F
C/243/S,C
F/1250/S,F
G/1060/P,G
F/1358/P,F
G/1065/S,G
F/1251/S,F
D/198/S,D
G/1061/P,G
F/1360/P,F
F/1362/P,F
E/417/P,E
F/1363/P,F
F/1253/S,F
B/253/S,B
F/1364/P,F
F/1254/S,F
G/1067/S,G
E/437/S,E
F/1255/S,F
G/1063/P,G
F/1365/P,F
F/1366/P,F
G/1064/P,G
G/1068/S,G
F/1256/S,F
F/1257/S,F
A/65/P,A
E/438/S,E
F/1259/S,F
G/1066/P,G
A/66/P,A
B/254/S,B
G/1071/S,G
F/1260/S,F
G/1073/S,G
B/217/P,B
F/1261/S,F
F/1262/S,F
F/1370/P,F
G/1067/P,G
G/1074/S,G
F/1263/S,F
C/245/S,C
F/1372/P,F
F/1265/S,F
D/208/P,D
C/205/P,C
F/1266/S,F
F/1374/P,F
E/420/P,E
E/421/P,E
G/1069/P,G
F/1375/P,F
G/1078/S,G
F/1268/S,F
F/1377/P,F
C/246/S,C
G/1079/S,G
F/1378/P,F
G/1070/P,G
B/218/P,B
G/1071/P,G
G/1072/P,G
F/1379/P,F
G/1073/P,G
F/1381/P,F
F/1270/S,F
C/208/P,C
B/255/S,B
B/219/P,B
C/209/P,C
F/1271/S,F
G/1074/P,G
G/1075/P,G
C/247/S,C
G/1081/S,G
F/1272/S,F
G/1083/S,G
G/1084/S,G
F/1273/S,F
F/1274/S,F
G/1077/P,G
G/1086/S,G
E/422/P,E
B/221/P,B
F/1383/P,F
F/1384/P,F
G/1087/S,G
G/1079/P,G
F/1385/P,F
G/1088/S,G
B/222/P,B
C/248/S,C
G/1089/S,G
E/423/P,E
F/1278/S,F
F/1279/S,F
E/440/S,E
F/1387/P,F
E/424/P,E
E/425/P,E
E/426/P,E
F/1388/P,F
E/427/P,E
D/200/S,D
G/1082/P,G
F/1280/S,F
G/1083/P,G
C/210/P,C
F/1390/P,F
B/256/S,B
E/428/P,E
G/1084/P,G
G/1085/P,G
F/1393/P,F
E/429/P,E
G/1087/P,G
B/224/P,B
G/1091/S,G
A/67/P,A
G/1092/S,G
D/210/P,D
F/1395/P,F
G/1088/P,G
F/1396/P,F
A/81/S,A
G/1095/S,G
E/445/S,E
C/213/P,C
C/214/P,C
G/1089/P,G
G/1090/P,G
A/82/S,A
G/1096/S,G
F/1397/P,F
C/249/S,C
D/203/S,D
G/1097/S,G
G/1098/S,G
F/1286/S,F
F/1287/S,F
F/1399/P,F
D/212/P,D
E/431/P,E
F/1400/P,F
G/1092/P,G
C/215/P,C
F/1289/S,F
D/205/S,D
G/1093/P,G
G/1094/P,G
F/1290/S,F
E/446/S,E
B/226/P,B
C/250/S,C
F/1402/P,F
G/1095/P,G
F/1292/S,F
F/1403/P,F
F/1404/P,F
F/1405/P,F
E/432/P,E
F/1293/S,F
G/1097/P,G
F/1294/S,F
F/1295/S,F
G/1098/P,G
F/1407/P,F
G/1100/P,G
F/1408/P,F
G/1101/S,G
F/1409/P,F
F/1299/S,F
B/258/S,B
C/251/S,C
F/1300/S,F
G/1102/S,G
F/1410/P,F
F/1411/P,F
G/1103/P,G
D/213/P,D
F/1412/P,F
D/206/S,D
G/1104/P,G
F/1414/P,F
C/252/S,C
G/1105/P,G
B/259/S,B
A/68/P,A
E/449/S,E
G/1104/S,G
F/1416/P,F
E/450/S,E
F/1417/P,F
E/451/S,E
G/1108/P,G
F/1304/S,F
F/1418/P,F
F/1419/P,F
F/1420/P,F
F/1305/S,F
G/1108/S,G
F/1306/S,F
G/1109/S,G
A/84/S,A
G/1109/P,G
G/1111/P,G
F/1421/P,F
E/452/S,E
G/1111/S,G
E/435/P,E
F/1307/S,F
F/1422/P,F
E/454/S,E
B/260/S,B
E/455/S,E
D/214/P,D
F/1424/P,F
G/1113/P,G
E/436/P,E
E/456/S,E
C/218/P,C
E/437/P,E
F/1310/S,F
B/229/P,B
G/1113/S,G
G/1114/S,G
G/1115/S,G
F/1311/S,F
A/71/P,A
D/208/S,D
C/253/S,C
F/1427/P,F
F/1428/P,F
G/1116/S,G
A/72/P,A
G/1119/S,G
F/1315/S,F
E/457/S,E
F/1430/P,F
E/438/P,E
G/1120/S,G
F/1316/S,F
G/1122/S,G
F/1317/S,F
D/215/P,D
F/1318/S,F
B/261/S,B
F/1319/S,F
C/220/P,C
E/459/S,E
F/1320/S,F
A/73/P,A
G/1123/S,G
F/1321/S,F
D/217/P,D
F/1431/P,F
F/1322/S,F
E/460/S,E
F/1432/P,F
E/440/P,E
G/1117/P,G
C/254/S,C
G/1124/S,G
F/1323/S,F
C/221/P,C
F/1324/S,F
E/461/S,E
F/1325/S,F
F/1433/P,F
G/1126/S,G
E/462/S,E
C/255/S,C
G/1127/S,G
G/1120/P,G
F/1435/P,F
E/463/S,E
G/1128/S,G
G/1122/P,G
E/441/P,E
G/1129/S,G
C/222/P,C
G/1130/S,G
F/1436/P,F
E/443/P,E
G/1131/S,G
G/1124/P,G
F/1326/S,F
B/262/S,B
C/223/P,C
B/263/S,B
F/1439/P,F
B/264/S,B
E/464/S,E
B/265/S,B
D/219/P,D
E/445/P,E
B/266/S,B
G/1135/S,G
G/1136/S,G
F/1328/S,F
F/1444/P,F
F/1446/P,F
C/256/S,C
F/1447/P,F
E/465/S,E
C/225/P,C
G/1126/P,G
E/466/S,E
G/1127/P,G
G/1137/S,G
E/446/P,E
E/447/P,E
F/1331/S,F
F/1332/S,F
G/1128/P,G
F/1450/P,F
G/1138/S,G
G/1139/S,G
C/226/P,C
B/233/P,B
G/1131/P,G
B/267/S,B
F/1334/S,F
F/1452/P,F
D/220/P,D
F/1453/P,F
F/1454/P,F
E/449/P,E
D/213/S,D
G/1141/S,G
F/1337/S,F
F/1338/S,F
G/1142/S,G
E/450/P,E
F/1339/S,F
G/1143/S,G
F/1340/S,F
F/1455/P,F
G/1144/S,G
C/257/S,C
C/227/P,C
G/1132/P,G
G/1133/P,G
E/467/S,E
F/1457/P,F
G/1145/S,G
G/1146/S,G
D/215/S,D
G/1147/S,G
A/86/S,A
E/451/P,E
G/1148/S,G
F/1458/P,F
G/1135/P,G
F/1459/P,F
F/1341/S,F
G/1136/P,G
D/216/S,D
G/1137/P,G
F/1461/P,F
G/1150/S,G
F/1343/S,F
G/1138/P,G
D/221/P,D
D/222/P,D
G/1152/S,G
F/1462/P,F
G/1153/S,G
F/1344/S,F
D/223/P,D
E/469/S,E
F/1463/P,F
D/217/S,D
F/1346/S,F
F/1347/S,F
G/1154/S,G
G/1155/S,G
G/1156/S,G
F/1464/P,F
F/1350/S,F
E/472/S,E
G/1159/S,G
G/1160/S,G
F/1351/S,F
G/1161/S,G
G/1162/S,G
F/1352/S,F
F/1353/S,F
G/1163/S,G
F/1354/S,F
G/1140/P,G
E/473/S,E
C/259/S,C
F/1355/S,F
F/1466/P,F
F/1467/P,F
G/1141/P,G
F/1468/P,F
D/218/S,D
F/1469/P,F
G/1142/P,G
F/1470/P,F
G/1143/P,G
E/454/P,E
G/1144/P,G
C/260/S,C
A/75/P,A
F/1356/S,F
F/1471/P,F
C/228/P,C
F/1473/P,F
F/1357/S,F
B/268/S,B
F/1358/S,F
F/1359/S,F
F/1361/S,F
F/1362/S,F
G/1146/P,G
B/236/P,B
F/1475/P,F
F/1476/P,F
F/1363/S,F
B/269/S,B
F/1366/S,F
B/237/P,B
B/238/P,B
G/1165/S,G
F/1368/S,F
G/1148/P,G
F/1479/P,F
F/1371/S,F
E/474/S,E
F/1372/S,F
G/1150/P,G
A/87/S,A
F/1482/P,F
E/459/P,E
G/1167/S,G
F/1375/S,F
E/475/S,E
D/219/S,D
C/263/S,C
G/1152/P,G
E/476/S,E
F/1485/P,F
F/1377/S,F
F/1378/S,F
B/270/S,B
G/1168/S,G
G/1154/P,G
G/1155/P,G
G/1156/P,G
F/1486/P,F
C/232/P,C
F/1380/S,F
E/460/P,E
E/478/S,E
F/1488/P,F
G/1170/S,G
E/461/P,E
G/1158/P,G
C/233/P,C
C/234/P,C
G/1171/S,G
F/1490/P,F
G/1172/S,G
F/1381/S,F
F/1382/S,F
F/1383/S,F
G/1174/S,G
C/264/S,C
E/462/P,E
E/463/P,E
F/1386/S,F
F/1387/S,F
G/1160/P,G
G/1161/P,G
F/1492/P,F
F/1493/P,F
F/1389/S,F
F/1494/P,F
E/464/P,E
F/1495/P,F
B/271/S,B
C/235/P,C
B/239/P,B
G/1175/S,G
A/77/P,A
E/481/S,E
F/1497/P,F
F/1391/S,F
G/1177/S,G
B/240/P,B
E/465/P,E
G/1163/P,G
B/241/P,B
F/1499/P,F
F/1392/S,F
B/273/S,B
F/1395/S,F
F/1396/S,F
E/482/S,E
F/1397/S,F
F/1501/P,F
E/466/P,E
D/225/P,D
G/1166/P,G
E/484/S,E
G/1167/P,G
E/467/P,E
F/1502/P,F
F/1503/P,F
F/1398/S,F
G/1168/P,G
C/265/S,C
E/468/P,E
G/1170/P,G
G/1171/P,G
G/1183/S,G
F/1506/P,F
F/1507/P,F
G/1184/S,G
E/485/S,E
C/236/P,C
F/1508/P,F
F/1509/P,F
G/1174/P,G
G/1185/S,G
A/78/P,A
D/227/P,D
D/220/S,D
D/228/P,D
G/1188/S,G
F/1510/P,F
G/1189/S,G
F/1511/P,F
E/486/S,E
E/487/S,E
F/1512/P,F
G/1190/S,G
E/471/P,E
F/1405/S,F
F/1513/P,F
D/229/P,D
F/1514/P,F
D/231/P,D
C/237/P,C
F/1517/P,F
F/1518/P,F
F/1408/S,F
F/1409/S,F
C/238/P,C
F/1519/P,F
F/1520/P,F
F/1410/S,F
C/268/S,C
D/232/P,D
E/488/S,E
E/490/S,E
F/1411/S,F
A/89/S,A
D/233/P,D
E/474/P,E
E/475/P,E
G/1191/S,G
G/1178/P,G
F/1412/S,F
F/1413/S,F
E/476/P,E
G/1179/P,G
G/1192/S,G
D/221/S,D
C/269/S,C
G/1181/P,G
F/1522/P,F
E/492/S,E
G/1194/S,G
C/239/P,C
G/1183/P,G
G/1184/P,G
D/234/P,D
F/1523/P,F
F/1525/P,F
G/1185/P,G
F/1526/P,F
F/1527/P,F
E/477/P,E
G/1186/P,G
F/1416/S,F
F/1417/S,F
C/240/P,C
G/1198/S,G
G/1190/P,G
G/1191/P,G
G/1192/P,G
E/478/P,E
G/1193/P,G
B/277/S,B
C/271/S,C
F/1531/P,F
F/1418/S,F
E/479/P,E
C/272/S,C
G/1194/P,G
F/1419/S,F
G/1195/P,G
F/1420/S,F
G/1201/S,G
F/1533/P,F
B/278/S,B
F/1534/P,F
G/1197/P,G
F/1535/P,F
G/1204/S,G
G/1200/P,G
F/1423/S,F
A/79/P,A
G/1205/S,G
A/90/S,A
E/481/P,E
B/244/P,B
G/1202/P,G
B/279/S,B
E/483/P,E
E/495/S,E
G/1203/P,G
G/1208/S,G
G/1204/P,G
F/1539/P,F
F/1540/P,F
F/1541/P,F
G/1205/P,G
B/281/S,B
C/275/S,C
A/80/P,A
G/1210/S,G
E/496/S,E
G/1211/S,G
B/282/S,B
F/1543/P,F
D/223/S,D
G/1206/P,G
G/1207/P,G
F/1426/S,F
F/1545/P,F
F/1546/P,F
C/276/S,C
F/1429/S,F
G/1215/S,G
E/485/P,E
G/1209/P,G
G/1210/P,G
G/1216/S,G
E/486/P,E
G/1217/S,G
D/224/S,D
E/487/P,E
F/1431/S,F
C/278/S,C
F/1550/P,F
F/1551/P,F
F/1432/S,F
F/1433/S,F
C/241/P,C
B/283/S,B
F/1552/P,F
F/1553/P,F
F/1554/P,F
E/499/S,E
B/284/S,B
F/1434/S,F
F/1435/S,F
F/1436/S,F
E/488/P,E
F/1555/P,F
F/1437/S,F
F/1557/P,F
B/246/P,B
F/1559/P,F
F/1560/P,F
G/1214/P,G
G/1219/S,G
G/1215/P,G
C/279/S,C
F/1561/P,F
G/1221/S,G
B/286/S,B
G/1223/S,G
F/1439/S,F
F/1562/P,F
F/1440/S,F
A/81/P,A
F/1442/S,F
F/1564/P,F
E/501/S,E
G/1225/S,G
E/489/P,E
G/1216/P,G
E/490/P,E
F/1444/S,F
F/1569/P,F
C/244/P,C
F/1445/S,F
F/1570/P,F
B/247/P,B
G/1227/S,G
F/1571/P,F
E/493/P,E
D/237/P,D
G/1228/S,G
G/1217/P,G
B/287/S,B
D/239/P,D
E/502/S,E
F/1572/P,F
G/1229/S,G
G/1230/S,G
F/1574/P,F
B/288/S,B
C/281/S,C
C/245/P,C
G/1219/P,G
F/1450/S,F
C/282/S,C
F/1451/S,F
C/283/S,C
G/1231/S,G
E/495/P,E
G/1232/S,G
F/1579/P,F
F/1452/S,F
F/1453/S,F
F/1454/S,F
A/83/P,A
C/246/P,C
F/1457/S,F
G/1235/S,G
F/1583/P,F
B/250/P,B
G/1237/S,G
G/1223/P,G
C/284/S,C
F/1458/S,F
E/496/P,E
A/92/S,A
F/1584/P,F
D/240/P,D
F/1585/P,F
E/497/P,E
D/226/S,D
G/1224/P,G
G/1239/S,G
B/289/S,B
B/290/S,B
G/1226/P,G
F/1586/P,F
C/247/P,C
G/1227/P,G
C/285/S,C
G/1240/S,G
G/1241/S,G
G/1242/S,G
F/1461/S,F
B/292/S,B
G/1244/S,G
B/294/S,B
G/1245/S,G
G/1229/P,G
F/1591/P,F
B/251/P,B
G/1230/P,G
F/1465/S,F
F/1466/S,F
D/227/S,D
G/1247/S,G
G/1231/P,G
G/1232/P,G
C/250/P,C
G/1248/S,G
F/1467/S,F
C/286/S,C
F/1596/P,F
G/1233/P,G
F/1597/P,F
G/1234/P,G
F/1598/P,F
C/287/S,C
B/252/P,B
F/1599/P,F
E/499/P,E
F/1601/P,F
B/295/S,B
F/1602/P,F
G/1235/P,G
F/1603/P,F
G/1236/P,G
G/1251/S,G
F/1470/S,F
G/1237/P,G
F/1471/S,F
F/1604/P,F
G/1238/P,G
B/253/P,B
D/241/P,D
A/93/S,A
B/296/S,B
G/1239/P,G
F/1605/P,F
E/500/P,E
G/1240/P,G
E/506/S,E
F/1606/P,F
D/242/P,D
B/254/P,B
F/1472/S,F
E/507/S,E
C/289/S,C
C/251/P,C
B/255/P,B
E/502/P,E
F/1476/S,F
F/1609/P,F
G/1252/S,G
E/508/S,E
F/1477/S,F
G/1244/P,G
B/298/S,B
F/1611/P,F
A/94/S,A
D/244/P,D
C/252/P,C
F/1480/S,F
G/1245/P,G
B/299/S,B
E/503/P,E
B/300/S,B
G/1253/S,G
F/1612/P,F
G/1246/P,G
G/1254/S,G
F/1613/P,F
G/1257/S,G
F/1484/S,F
E/504/P,E
G/1258/S,G
F/1485/S,F
G/1259/S,G
G/1248/P,G
D/245/P,D
C/253/P,C
D/246/P,D
G/1249/P,G
F/1486/S,F
E/510/S,E
F/1614/P,F
C/291/S,C
F/1487/S,F
F/1615/P,F
G/1261/S,G
F/1616/P,F
B/301/S,B
F/1488/S,F
F/1489/S,F
F/1490/S,F
F/1491/S,F
F/1617/P,F
E/506/P,E
G/1251/P,G
F/1620/P,F
G/1253/P,G
G/1254/P,G
F/1621/P,F
G/1256/P,G
F/1493/S,F
F/1494/S,F
F/1495/S,F
F/1622/P,F
F/1496/S,F
F/1497/S,F
G/1257/P,G
G/1258/P,G
G/1264/S,G
F/1624/P,F
G/1266/S,G
G/1267/S,G
G/1268/S,G
F/1626/P,F
D/228/S,D
B/305/S,B
G/1269/S,G
G/1270/S,G
B/306/S,B
G/1259/P,G
F/1500/S,F
G/1260/P,G
F/1627/P,F
E/513/S,E
B/307/S,B
G/1261/P,G
F/1501/S,F
G/1271/S,G
E/514/S,E
F/1629/P,F
E/508/P,E
F/1502/S,F
E/515/S,E
F/1503/S,F
G/1264/P,G
F/1630/P,F
F/1504/S,F
G/1265/P,G
F/1505/S,F
F/1506/S,F
C/293/S,C
C/255/P,C
E/517/S,E
B/257/P,B
G/1267/P,G
F/1633/P,F
F/1634/P,F
B/309/S,B
G/1268/P,G
G/1269/P,G
G/1270/P,G
F/1507/S,F
G/1271/P,G
G/1272/P,G
E/512/P,E
G/1273/P,G
G/1274/P,G
E/518/S,E
C/256/P,C
F/1508/S,F
G/1273/S,G
G/1274/S,G
F/1636/P,F
E/519/S,E
F/1509/S,F
C/295/S,C
G/1275/S,G
F/1512/S,F
G/1276/P,G
F/1638/P,F
G/1277/P,G
C/296/S,C
F/1513/S,F
B/310/S,B
F/1639/P,F
G/1278/S,G
G/1278/P,G
G/1279/P,G
F/1640/P,F
G/1281/P,G
F/1515/S,F
F/1517/S,F
F/1642/P,F
E/514/P,E
B/311/S,B
F/1520/S,F
F/1644/P,F
G/1284/P,G
D/229/S,D
G/1281/S,G
F/1521/S,F
C/257/P,C
B/258/P,B
D/230/S,D
F/1522/S,F
F/1645/P,F
F/1646/P,F
G/1283/S,G
G/1287/P,G
E/516/P,E
F/1523/S,F
E/524/S,E
G/1284/S,G
G/1288/P,G
G/1285/S,G
E/525/S,E
F/1648/P,F
G/1290/P,G
G/1288/S,G
D/232/S,D
C/258/P,C
B/260/P,B
C/297/S,C
C/259/P,C
G/1289/S,G
F/1652/P,F
G/1293/P,G
B/261/P,B
F/1653/P,F
F/1654/P,F
F/1655/P,F
D/248/P,D
B/313/S,B
G/1290/S,G
G/1294/P,G
A/96/S,A
G/1295/P,G
F/1657/P,F
B/262/P,B
G/1292/S,G
F/1659/P,F
F/1527/S,F
F/1528/S,F
G/1293/S,G
F/1529/S,F
G/1296/P,G
E/517/P,E
C/300/S,C
F/1531/S,F
E/530/S,E
G/1294/S,G
B/315/S,B
E/531/S,E
F/1532/S,F
F/1660/P,F
F/1661/P,F
G/1298/P,G
D/249/P,D
F/1533/S,F
B/263/P,B
F/1534/S,F
G/1297/S,G
F/1535/S,F
G/1298/S,G
G/1299/S,G
D/250/P,D
A/85/P,A
E/532/S,E
F/1536/S,F
F/1537/S,F
F/1538/S,F
C/301/S,C
G/1299/P,G
A/97/S,A
G/1300/P,G
G/1301/P,G
G/1300/S,G
G/1302/S,G
F/1663/P,F
F/1540/S,F
E/533/S,E
C/262/P,C
B/267/P,B
F/1664/P,F
G/1302/P,G
F/1541/S,F
F/1543/S,F
E/534/S,E
F/1544/S,F
F/1666/P,F
F/1545/S,F
D/234/S,D
F/1546/S,F
D/236/S,D
F/1547/S,F
C/263/P,C
G/1304/P,G
F/1667/P,F
F/1548/S,F
D/251/P,D
G/1305/P,G
F/1668/P,F
F/1669/P,F
C/264/P,C
F/1549/S,F
G/1306/P,G
B/268/P,B
E/521/P,E
F/1670/P,F
F/1671/P,F
F/1672/P,F
D/238/S,D
C/265/P,C
B/317/S,B
B/269/P,B
F/1674/P,F
F/1675/P,F
F/1677/P,F
G/1306/S,G
F/1678/P,F
F/1552/S,F
F/1553/S,F
B/318/S,B
D/252/P,D
B/319/S,B
G/1310/P,G
F/1555/S,F
D/253/P,D
G/1311/P,G
C/302/S,C
G/1312/P,G
F/1681/P,F
F/1682/P,F
G/1313/P,G
F/1683/P,F
E/522/P,E
G/1308/S,G
F/1557/S,F
D/254/P,D
C/267/P,C
C/268/P,C
G/1314/P,G
G/1315/P,G
E/523/P,E
G/1309/S,G
G/1310/S,G
F/1558/S,F
B/270/P,B
G/1317/P,G
G/1318/P,G
G/1319/P,G
E/539/S,E
G/1312/S,G
G/1320/P,G
G/1321/P,G
G/1313/S,G
F/1560/S,F
F/1686/P,F
F/1687/P,F
F/1688/P,F
E/524/P,E
G/1314/S,G
E/525/P,E
G/1315/S,G
F/1561/S,F
G/1316/S,G
F/1690/P,F
C/304/S,C
C/305/S,C
A/98/S,A
G/1317/S,G
G/1318/S,G
F/1564/S,F
G/1319/S,G
C/271/P,C
B/320/S,B
G/1320/S,G
F/1566/S,F
F/1567/S,F
F/1693/P,F
G/1329/P,G
G/1330/P,G
C/306/S,C
C/307/S,C
E/541/S,E
G/1331/P,G
F/1695/P,F
G/1322/S,G
G/1332/P,G
D/241/S,D
G/1323/S,G
F/1569/S,F
G/1333/P,G
D/242/S,D
G/1334/P,G
F/1570/S,F
B/272/P,B
G/1335/P,G
A/99/S,A
F/1696/P,F
D/257/P,D
F/1697/P,F
G/1325/S,G
F/1572/S,F
E/527/P,E
G/1336/P,G
G/1327/S,G
F/1574/S,F
F/1575/S,F
F/1576/S,F
F/1577/S,F
F/1578/S,F
G/1328/S,G
F/1579/S,F
G/1330/S,G
G/1331/S,G
G/1337/P,G
D/258/P,D
G/1339/P,G
G/1332/S,G
F/1699/P,F
G/1341/P,G
F/1700/P,F
G/1333/S,G
E/529/P,E
G/1342/P,G
F/1582/S,F
G/1334/S,G
G/1343/P,G
F/1584/S,F
G/1344/P,G
G/1345/P,G
E/530/P,E
F/1701/P,F
B/321/S,B
F/1702/P,F
F/1586/S,F
F/1587/S,F
G/1346/P,G
F/1588/S,F
C/273/P,C
G/1348/P,G
G/1349/P,G
F/1703/P,F
F/1704/P,F
G/1336/S,G
E/542/S,E
D/259/P,D
F/1705/P,F
G/1350/P,G
G/1339/S,G
C/310/S,C
E/543/S,E
F/1591/S,F
F/1592/S,F
F/1593/S,F
C/274/P,C
C/275/P,C
G/1340/S,G
F/1594/S,F
F/1595/S,F
G/1351/P,G
A/100/S,A
E/545/S,E
G/1341/S,G
D/245/S,D
F/1598/S,F
F/1709/P,F
F/1710/P,F
F/1711/P,F
F/1712/P,F
G/1352/P,G
F/1713/P,F
C/312/S,C
E/546/S,E
G/1353/P,G
G/1354/P,G
G/1356/P,G
G/1357/P,G
F/1600/S,F
G/1358/P,G
C/313/S,C
G/1359/P,G
E/531/P,E
E/547/S,E
F/1716/P,F
D/246/S,D
F/1601/S,F
E/548/S,E
F/1717/P,F
D/247/S,D
F/1602/S,F
F/1718/P,F
E/532/P,E
B/323/S,B
G/1361/P,G
B/326/S,B
F/1720/P,F
A/101/S,A
G/1363/P,G
G/1364/P,G
G/1365/P,G
F/1721/P,F
F/1604/S,F
E/549/S,E
F/1605/S,F
F/1606/S,F
F/1607/S,F
E/537/P,E
F/1608/S,F
F/1609/S,F
G/1367/P,G
E/550/S,E
C/277/P,C
G/1368/P,G
F/1722/P,F
G/1369/P,G
F/1724/P,F
G/1370/P,G
F/1610/S,F
F/1725/P,F
B/276/P,B
D/260/P,D
G/1371/P,G
B/329/S,B
C/315/S,C
C/316/S,C
G/1346/S,G
G/1372/P,G
D/250/S,D
F/1613/S,F
G/1373/P,G
F/1615/S,F
F/1726/P,F
G/1374/P,G
E/553/S,E
B/330/S,B
F/1618/S,F
G/1349/S,G
E/554/S,E
F/1619/S,F
F/1620/S,F
G/1376/P,G
G/1351/S,G
F/1621/S,F
B/277/P,B
G/1377/P,G
F/1729/P,F
F/1624/S,F
G/1352/S,G
E/540/P,E
F/1733/P,F
F/1734/P,F
B/278/P,B
C/317/S,C
F/1625/S,F
C/279/P,C
G/1354/S,G
C/280/P,C
F/1627/S,F
C/319/S,C
G/1355/S,G
F/1628/S,F
F/1629/S,F
F/1630/S,F
E/542/P,E
F/1736/P,F
F/1737/P,F
G/1379/P,G
D/263/P,D
G/1356/S,G
C/281/P,C
E/556/S,E
G/1380/P,G
F/1632/S,F
B/331/S,B
D/252/S,D
F/1633/S,F
F/1738/P,F
G/1382/P,G
B/332/S,B
G/1358/S,G
D/253/S,D
G/1360/S,G
C/282/P,C
G/1383/P,G
F/1635/S,F
F/1740/P,F
G/1384/P,G
E/543/P,E
C/283/P,C
F/1743/P,F
D/254/S,D
B/279/P,B
F/1744/P,F
G/1385/P,G
F/1746/P,F
F/1747/P,F
G/1364/S,G
G/1365/S,G
F/1637/S,F
F/1748/P,F
F/1750/P,F
A/102/S,A
F/1751/P,F
C/320/S,C
B/333/S,B
G/1369/S,G
F/1640/S,F
F/1642/S,F
E/559/S,E
F/1643/S,F
G/1372/S,G
F/1645/S,F
D/266/P,D
E/544/P,E
F/1647/S,F
F/1753/P,F
F/1755/P,F
F/1648/S,F
D/257/S,D
E/545/P,E
F/1756/P,F
E/547/P,E
B/280/P,B
B/334/S,B
E/548/P,E
F/1758/P,F
G/1391/P,G
G/1375/S,G
G/1392/P,G
A/88/P,A
G/1377/S,G
F/1651/S,F
A/89/P,A
F/1652/S,F
G/1378/S,G
F/1653/S,F
D/258/S,D
F/1654/S,F
G/1379/S,G
C/323/S,C
F/1655/S,F
D/259/S,D
E/550/P,E
F/1763/P,F
E/562/S,E
D/267/P,D
D/268/P,D
G/1381/S,G
E/551/P,E
C/284/P,C
G/1382/S,G
G/1394/P,G
G/1383/S,G
G/1396/P,G
F/1765/P,F
C/324/S,C
G/1386/S,G
F/1658/S,F
E/563/S,E
G/1387/S,G
E/564/S,E
G/1398/P,G
F/1766/P,F
G/1399/P,G
G/1388/S,G
G/1400/P,G
E/565/S,E
G/1389/S,G
F/1767/P,F
F/1768/P,F
B/336/S,B
E/566/S,E
F/1659/S,F
F/1661/S,F
G/1390/S,G
F/1770/P,F
F/1664/S,F
G/1391/S,G
E/553/P,E
F/1665/S,F
G/1392/S,G
E/554/P,E
F/1772/P,F
F/1773/P,F
E/555/P,E
G/1402/P,G
E/567/S,E
D/260/S,D
F/1666/S,F
F/1667/S,F
F/1774/P,F
F/1775/P,F
F/1668/S,F
F/1776/P,F
C/325/S,C
G/1404/P,G
G/1393/S,G
F/1779/P,F
A/103/S,A
F/1780/P,F
E/568/S,E
F/1673/S,F
F/1781/P,F
F/1675/S,F
G/1394/S,G
G/1395/S,G
F/1676/S,F
F/1783/P,F
D/269/P,D
E/556/P,E
F/1677/S,F
G/1397/S,G
G/1398/S,G
A/90/P,A
G/1406/P,G
C/285/P,C
F/1784/P,F
B/281/P,B
F/1786/P,F
F/1787/P,F
F/1679/S,F
F/1788/P,F
G/1400/S,G
F/1680/S,F
F/1681/S,F
G/1409/P,G
G/1410/P,G
G/1411/P,G
F/1683/S,F
C/326/S,C
F/1684/S,F
F/1789/P,F
F/1685/S,F
F/1686/S,F
D/264/S,D
G/1413/P,G
F/1687/S,F
F/1688/S,F
F/1792/P,F
D/270/P,D
F/1793/P,F
F/1689/S,F
A/104/S,A
F/1690/S,F
B/337/S,B
E/558/P,E
F/1794/P,F
F/1797/P,F
F/1798/P,F
G/1416/P,G
E/559/P,E
F/1691/S,F
G/1406/S,G
G/1417/P,G
F/1799/P,F
F/1800/P,F
A/91/P,A
F/1802/P,F
E/570/S,E
E/562/P,E
F/1804/P,F
F/1694/S,F
D/272/P,D
F/1805/P,F
G/1408/S,G
D/265/S,D
G/1409/S,G
F/1695/S,F
F/1696/S,F
G/1410/S,G
F/1697/S,F
F/1807/P,F
F/1700/S,F
F/1808/P,F
G/1421/P,G
B/339/S,B
D/274/P,D
G/1412/S,G
E/574/S,E
G/1413/S,G
G/1414/S,G
G/1415/S,G
F/1701/S,F
D/276/P,D
F/1810/P,F
G/1422/P,G
B/284/P,B
G/1416/S,G
G/1417/S,G
E/576/S,E
D/277/P,D
F/1812/P,F
E/563/P,E
G/1418/S,G
F/1704/S,F
F/1705/S,F
F/1706/S,F
G/1419/S,G
F/1707/S,F
D/266/S,D
F/1815/P,F
F/1708/S,F
G/1420/S,G
F/1816/P,F
F/1817/P,F
E/577/S,E
E/564/P,E
G/1421/S,G
F/1818/P,F
B/340/S,B
G/1426/P,G
G/1427/P,G
G/1428/P,G
G/1429/P,G
E/565/P,E
A/92/P,A
F/1710/S,F
F/1819/P,F
G/1422/S,G
C/290/P,C
F/1820/P,F
F/1711/S,F
E/578/S,E
F/1712/S,F
F/1713/S,F
G/1424/S,G
F/1715/S,F
G/1425/S,G
F/1821/P,F
G/1430/P,G
G/1431/P,G
F/1716/S,F
F/1822/P,F
D/267/S,D
C/327/S,C
E/579/S,E
F/1823/P,F
E/566/P,E
F/1824/P,F
G/1427/S,G
E/580/S,E
D/278/P,D
G/1433/P,G
G/1429/S,G
G/1434/P,G
B/285/P,B
F/1825/P,F
E/567/P,E
C/291/P,C
C/329/S,C
E/582/S,E
F/1717/S,F
F/1826/P,F
B/286/P,B
G/1430/S,G
G/1431/S,G
G/1432/S,G
F/1828/P,F
G/1436/P,G
B/287/P,B
E/568/P,E
F/1829/P,F
F/1719/S,F
G/1438/P,G
F/1830/P,F
D/269/S,D
G/1433/S,G
G/1439/P,G
G/1434/S,G
F/1831/P,F
F/1832/P,F
F/1721/S,F
F/1722/S,F
G/1440/P,G
G/1435/S,G
G/1441/P,G
B/341/S,B
G/1436/S,G
G/1437/S,G
G/1442/P,G
E/570/P,E
F/1723/S,F
G/1438/S,G
E/585/S,E
G/1448/P,G
C/331/S,C
D/280/P,D
G/1449/P,G
G/1450/P,G
E/571/P,E
C/333/S,C
F/1725/S,F
F/1727/S,F
E/574/P,E
F/1729/S,F
G/1441/S,G
E/587/S,E
E/575/P,E
F/1834/P,F
C/297/P,C
G/1442/S,G
D/270/S,D
F/1731/S,F
B/342/S,B
G/1452/P,G
F/1837/P,F
F/1838/P,F
G/1453/P,G
C/298/P,C
G/1455/P,G
F/1839/P,F
F/1734/S,F
F/1735/S,F
G/1445/S,G
E/588/S,E
C/299/P,C
C/300/P,C
F/1736/S,F
G/1446/S,G
G/1456/P,G
F/1840/P,F
F/1737/S,F
D/272/S,D
F/1841/P,F
E/589/S,E
F/1739/S,F
E/576/P,E
F/1842/P,F
E/590/S,E
F/1740/S,F
D/282/P,D
G/1448/S,G
F/1741/S,F
B/291/P,B
D/283/P,D
F/1844/P,F
D/285/P,D
F/1742/S,F
G/1449/S,G
E/591/S,E
D/274/S,D
F/1743/S,F
F/1744/S,F
B/292/P,B
B/343/S,B
G/1458/P,G
F/1745/S,F
G/1459/P,G
F/1846/P,F
F/1746/S,F
G/1460/P,G
G/1461/P,G
B/293/P,B
B/344/S,B
G/1462/P,G
E/592/S,E
F/1747/S,F
E/577/P,E
D/286/P,D
E/593/S,E
F/1749/S,F
G/1463/P,G
G/1464/P,G
D/287/P,D
F/1847/P,F
G/1465/P,G
G/1455/S,G
E/578/P,E
D/288/P,D
G/1466/P,G
G/1467/P,G
F/1751/S,F
A/106/S,A
G/1470/P,G
B/294/P,B
F/1848/P,F
C/335/S,C
G/1471/P,G
C/336/S,C
G/1457/S,G
F/1752/S,F
B/296/P,B
F/1753/S,F
F/1853/P,F
D/276/S,D
F/1754/S,F
F/1756/S,F
C/337/S,C
B/297/P,B
F/1855/P,F
F/1758/S,F
A/107/S,A
B/347/S,B
G/1460/S,G
E/580/P,E
G/1461/S,G
F/1856/P,F
G/1475/P,G
E/594/S,E
E/595/S,E
F/1857/P,F
G/1476/P,G
F/1858/P,F
E/582/P,E
A/95/P,A
G/1463/S,G
G/1465/S,G
F/1863/P,F
F/1864/P,F
E/597/S,E
F/1865/P,F
G/1479/P,G
C/302/P,C
F/1761/S,F
G/1467/S,G
G/1468/S,G
F/1866/P,F
E/598/S,E
D/290/P,D
B/348/S,B
F/1867/P,F
F/1868/P,F
E/585/P,E
G/1482/P,G
G/1483/P,G
F/1763/S,F
G/1469/S,G
E/599/S,E
E/586/P,E
E/600/S,E
G/1470/S,G
F/1870/P,F
G/1484/P,G
G/1485/P,G
F/1765/S,F
C/303/P,C
D/291/P,D
F/1871/P,F
E/601/S,E
G/1471/S,G
F/1872/P,F
F/1766/S,F
G/1488/P,G
B/349/S,B
F/1873/P,F
F/1768/S,F
G/1489/P,G
G/1473/S,G
B/350/S,B
G/1474/S,G
F/1769/S,F
G/1491/P,G
B/351/S,B
G/1476/S,G
B/298/P,B
F/1875/P,F
F/1770/S,F
G/1493/P,G
G/1477/S,G
E/602/S,E
F/1771/S,F
F/1772/S,F
C/338/S,C
D/295/P,D
E/587/P,E
G/1478/S,G
F/1876/P,F
G/1479/S,G
B/299/P,B
F/1773/S,F
F/1877/P,F
G/1494/P,G
F/1774/S,F
F/1775/S,F
C/307/P,C
G/1480/S,G
E/588/P,E
F/1878/P,F
G/1481/S,G
F/1777/S,F
F/1778/S,F
F/1880/P,F
G/1483/S,G
E/603/S,E
F/1779/S,F
C/339/S,C
C/308/P,C
E/590/P,E
G/1484/S,G
C/309/P,C
F/1780/S,F
B/300/P,B
G/1485/S,G
F/1782/S,F
G/1486/S,G
F/1884/P,F
E/604/S,E
B/353/S,B
G/1487/S,G
F/1783/S,F
G/1496/P,G
F/1886/P,F
G/1497/P,G
F/1784/S,F
F/1786/S,F
F/1787/S,F
F/1788/S,F
G/1498/P,G
C/342/S,C
F/1888/P,F
E/592/P,E
G/1500/P,G
F/1789/S,F
G/1488/S,G
E/593/P,E
E/595/P,E
F/1891/P,F
G/1489/S,G
G/1490/S,G
G/1491/S,G
F/1792/S,F
E/597/P,E
F/1793/S,F
B/301/P,B
G/1493/S,G
G/1502/P,G
G/1494/S,G
F/1892/P,F
F/1893/P,F
G/1504/P,G
E/606/S,E
E/607/S,E
G/1505/P,G
G/1497/S,G
G/1507/P,G
F/1894/P,F
G/1508/P,G
A/97/P,A
A/98/P,A
G/1499/S,G
G/1500/S,G
E/608/S,E
