Passenger_Group,Surname
1,Ofracculy
2,Vines
3,Susent
4,Santantines
5,Hinetthews
6,Jacostaffey
7,Beston
8,Flatic
9,Barne
10,Baketton
11,Bertsontry
12,Pooles
14,Eccle
15,Hughriend
16,Upead
17,Brighttt
20,Brantuarez
20,Mcfaddennon
20,Jacostanley
22,NoSurname
24,Fullided
25,Brookenson
26,Unconary
28,Mare
30,Morsentley
31,Datie
34,Oingwhedly
35,Butte
36,Leodger
38,Wheelez
39,Batthewitt
41,Moodsey
43,Cylistrand
44,Coopelandez
45,Chmad
50,Lancis
51,Johnshines
52,Hubbarton
53,Hickerson
56,Tractive
58,Ayalazquez
61,Salez
62,Greeves
64,NoSurname
64,Keen
66,Pecketton
67,Leeves
68,Binie
69,NoSurname
70,Brighttt
71,Dillines
72,Brantuarez
73,Make
74,Mostedry
76,Dal
77,Blité
78,Pokerheed
81,Vinozarks
82,Datte
82,NoSurname
84,Coopezmaney
85,Ellcefulve
86,Kinson
88,Sacre
90,Santry
91,Yorkland
92,Dunnisey
92,Hewson
97,Fictful
98,Carezquez
99,Leetersoney
99,Connelson
101,Trad
102,Holson
103,Mclainez
105,Cleachrand
107,Hart
108,Handertiz
108,NoSurname
110,Aloubtled
110,Bootious
111,Supred
112,Cowtale
113,Carvis
114,Beckerson
115,Pead
116,Suptive
119,Coning
120,Sacre
122,Hayder
123,Fielson
126,Mish
127,Mesty
128,Fles
129,Fowles
133,Blie
134,Harmontry
136,NoSurname
138,Gambs
139,Myling
140,Mejiaddox
140,Whitakers
141,Harte
144,Dayers
146,Wolferguson
147,Hubbarrison
148,Pashe
149,Hubbarrison
151,Simson
152,Estron
160,Atkinney
163,Hetforhaft
164,Hutchinton
165,Anche
167,Floaf
169,Fisherry
170,Mcmahoney
171,Gordanieves
172,Johnshines
173,Grifford
174,Lambles
177,Iniouser
178,Knik
179,Webstephrey
181,Brighttt
182,Disight
183,Weaves
186,Shephendry
188,Romez
189,Booters
190,NoSurname
192,Adavisons
193,Raf
195,Floaf
196,Emead
197,Dissper
198,Cookson
199,Morrows
200,Colomonson
201,Bacistion
202,Embleng
203,Heateele
205,Oneiles
206,Brugashed
207,Mcfaddennon
210,Inicont
211,Appie
211,Date
212,Workmans
213,Navages
216,Garnes
217,Shieldson
219,River
220,Wilsoney
221,Blan
221,Reke
222,Perte
222,Deva
223,Sykess
224,Queen
225,Hortis
229,Sellahaney
231,Nate
232,Bakerrison
233,Wist
234,Josey
237,Aginge
239,Resty
240,Crie
241,Dischod
242,Sté
243,Cartyernan
244,Sad
245,Repumparte
246,Sesa
248,Spanxibus
250,Kramosley
251,Amsive
252,Byerry
253,Cardner
254,Stenson
255,Mingious
257,Berte
258,Cooperkins
260,Inderly
261,Bookerson
263,Merkins
265,Herpumble
267,Sancockett
269,Polliamposs
270,Fryersonis
275,Obnoble
277,Mcdanield
278,Beachez
281,Pierry
282,Baketton
283,Santin
285,Invebodene
286,Jimes
287,Bootty
288,Delez
289,Objeciane
290,Excialing
291,Brakeril
294,Roforhauge
297,Gardonadox
298,Sorbitter
301,Wriggins
302,Shephendry
303,Kirklander
304,Ausivetpul
305,Geousker
306,Estevesters
307,Hickett
309,Bowerson
310,Coudered
313,Mckinsond
314,Kochroeders
315,Valezaley
316,Sorbitter
320,Bellarkerd
321,Bache
322,Blange
324,Hooperez
326,Edwartizman
327,Ocherman
330,Siveduced
330,NoSurname
331,Burchard
333,Melie
334,Mushe
336,Cookson
337,Perle
337,NoSurname
338,Guerson
340,Poille
341,Webstephrey
343,Salez
345,Racke
346,Chanan
347,Kraie
348,Mane
350,Burchanez
352,Strad
355,Warrison
356,Gloyanthy
357,Mcleaney
358,Connon
359,Popez
360,Staffersby
361,Headardyer
365,Jacostaney
368,Perte
369,Pottonalden
370,Coffmaney
371,Dutte
372,NoSurname
373,Mcneiderson
375,Vincenton
376,Spentley
377,Excialing
378,Pirejus
379,Moodson
380,Fuelddid
381,Mosteraked
382,Floydendley
383,Wagnerray
384,Simpsonks
385,Klinson
387,Merce
388,Sullones
389,Savaraldez
391,Cowsearney
392,Carreralend
395,Hervel
396,Robins
397,Mepie
398,Tité
401,Pimne
402,Sageng
403,Wate
405,Flowensley
407,Mirez
408,Ble
409,Iccle
410,Roachoanand
411,Rushorney
412,Quelfly
413,Steinardson
415,Pierry
417,Poicaptic
417,Unhearfus
423,Pumbody
425,Fiha
427,Efulows
428,Chocaters
429,Ineysive
430,Jorden
431,Melto
432,Knike
433,Mormonized
434,Pread
435,Willynnedy
436,Hodes
437,Oneiles
438,Diateous
439,Unciate
441,Hahnstonsen
442,Armstromez
444,Curte
445,Marshopper
446,Singmage
447,Mcclayton
448,Hoppernardy
448,NoSurname
449,Moongton
452,Ecart
453,Taptiritty
454,Geoconne
454,Fushausive
456,Hinetthews
457,Poperez
458,Bedectical
459,Nichoan
460,Jenningley
461,Yorkland
462,Sosanturney
463,Staf
465,Chaellerty
466,Beachez
468,Wynneyerson
470,Binie
471,Fuelisent
472,Solinez
474,Chardst
475,Gilesonston
476,Chiff
477,Moongton
480,Mcdanield
481,Peckerson
482,Mallerez
485,Unloweedic
487,Obeaded
488,Vantonson
490,Kirklander
498,Preent
499,Meake
500,Cakie
501,Spedlybood
502,Swell
503,Fone
504,Unpasine
506,Backe
507,Mccarry
510,Sinecthex
512,Nateansive
513,Blandez
515,Swinvul
516,Eneurordry
517,Kimons
518,Parta
519,Farleyatton
520,Mcguirez
521,Hornettoney
522,Parklaney
523,Joyneidez
525,Mirezavis
527,Stité
528,Stiven
529,Sellahaney
531,Alentonway
533,Stike
534,Parbage
537,Staffersby
538,Swanardy
539,Nalanet
540,Conie
542,Ments
545,Sextones
546,Stenson
547,Weavesend
548,Webstes
549,Watte
550,Cleminglas
551,Bradlerson
552,Brathful
553,Valindle
555,Graciansus
556,Rames
559,Harmond
560,Hortez
560,Josey
561,Flemaney
563,Petie
564,Dinsprody
565,Ble
566,Mish
567,Munozanson
568,Baciffhaut
569,Merce
570,Tramsor
571,Ousious
571,Hednigic
572,Lamberguson
573,Dickley
575,Bootty
576,Herry
577,Holson
579,Trankliney
580,Wagnerray
581,Woodgezalez
582,Chort
583,Erle
585,Fone
586,Oillicaly
587,Tecre
588,Delazarson
589,Hardley
590,Burchanez
591,Mcclayton
593,Kra
594,Flynner
596,Gene
597,Roachoanand
598,Buckeelez
599,Crité
600,Ormler
602,Brine
603,Scheron
607,Hontichre
608,Rilley
609,Sacle
610,Potters
611,Klinson
612,Ranaly
614,Carterson
615,Pollarkeeks
615,Hodes
618,Yorkland
619,Holatirint
623,Gaington
628,Gainebergan
629,Portananney
630,Anpie
631,She
633,Gread
634,Wolfaddox
635,Powery
636,Santantines
637,Pamca
638,Geoconne
639,Wooterston
641,Yanton
642,Kiling
643,Watie
644,Prucerod
645,Grahangory
646,Trattle
647,Deeke
650,Hammonton
653,Paska
655,Cure
656,Gordond
657,NoSurname
657,Cardner
658,Jarvey
659,Andackson
660,Saley
661,Ticagent
663,Buckentry
664,Cylistrand
665,Winie
668,Torrez
669,Hardson
671,Santry
672,Carreralend
674,Dillips
677,Josey
678,Moodman
679,Nichoan
680,Garnes
680,Camerrison
682,Cla
683,Parté
684,Conie
685,Lerez
686,Bert
687,Concy
688,Erpie
689,Motive
690,Start
691,Potte
693,Dedometeel
696,Haydenzier
697,Buchansen
699,Sha
699,Rhuba
701,Voliat
702,Sellahaney
703,Estein
704,Wartyson
705,Mccarveymon
707,Haydenzier
709,Missefle
710,Coflé
712,Apeau
713,Stantiagord
714,Rilley
715,Unconary
718,Mondsey
719,Reate
724,Bensley
726,Fitzgerson
727,Potthews
728,Currisones
729,Lewinton
732,Bairdford
733,Hamberterry
734,Ewiseston
736,Mcbritts
737,Inghtal
738,Pread
740,Sageng
743,Brighttt
746,Waltonnedy
750,Kramosley
753,Ennalve
753,NoSurname
754,Fusimodent
756,Ainserfle
756,Geraing
757,Traie
761,Fliblerolt
762,Hubbarrison
764,Toddleton
765,Burle
767,Meltonway
768,Oilloody
769,Reeddommy
770,Mclardson
770,NoSurname
771,Steeletters
772,Hednigic
772,Plegred
773,Beston
776,Roycentes
777,Plattering
779,Rodger
781,Valexandez
782,Walé
784,Aiming
785,Hughriend
786,Hartz
787,Quinnerry
788,NoSurname
789,Imprank
789,Frolestty
790,Pottmanley
791,Mcfarmerson
793,Powenoble
794,Dutte
795,Klindsey
796,Unfile
797,Noelan
798,Gelle
799,Presstic
802,Pimne
805,Chuble
806,Nieldson
808,Ramoran
809,Meake
811,Knik
811,Nutte
813,Katte
815,Meyersones
816,Asoppor
817,Baxters
818,Couseced
819,Gainney
820,Strongers
822,Sweeton
823,Carrishley
824,Chpie
825,Wardendez
826,Hoopez
828,Santry
829,Carverson
830,Hinesh
833,Poicaptic
834,Pacerty
835,Frazie
836,Butte
839,Pokerheed
840,Braymon
845,Fueling
846,Simstravery
848,Raca
849,Oidederval
850,Nan
851,Sarios
853,Ageurante
859,Lambles
860,NoSurname
863,Walkerez
865,NoSurname
865,Sandul
867,Stephendsey
868,Peckers
869,Sweene
870,Maynardner
871,Geneltic
873,Franton
874,Briggston
875,NoSurname
876,Leodger
877,Covetive
878,Bancy
879,Lanks
881,Reedall
883,Malliamsey
885,Pittson
889,Polksy
890,NoSurname
893,Barris
898,Alldson
899,Warrishales
901,Porki
902,Jacostaney
903,Rushorney
904,Alcemblery
905,Kin
906,Hinetthews
907,Cassiding
910,Burryerson
911,Blate
912,Imprank
913,Parymider
915,Leodger
918,Fuenterson
919,Kimons
921,Vinston
922,Obedaming
923,Stiviorad
924,Chaellerty
925,Kraie
926,Asticit
927,Avisnydes
928,Ryanglasey
930,Sweett
931,Flynnis
932,Pette
933,NoSurname
933,Fawnsive
935,Rocknight
938,Solinez
939,Peter
940,Byerton
941,Steeletters
942,Vloaf
944,Weaverays
946,Emenez
947,Frandriquez
949,Johnsby
951,Lunapperts
952,Colle
953,Potters
955,Smalloney
956,Bartez
957,Hapie
960,Youngrayes
961,Lewinez
964,Platch
965,Depie
966,Fulloydez
968,Figuez
969,Emone
970,Blace
971,NoSurname
972,Humphreyes
975,Hoppernardy
976,Sweeton
978,Coxterez
979,Fushausive
982,Hewson
983,Wiggs
984,Woodwin
984,NoSurname
984,Sweekstarks
984,Flemaney
985,Reyerson
987,Norrison
988,Bartez
989,Moranthons
990,Cochrisons
991,Acobsond
992,Kiling
992,Herpumble
993,Miltongson
994,Wartyson
995,Barmant
997,Shpie
998,Suptibler
1000,Harte
1001,Llonovancis
1002,Leste
1004,Wassird
1005,Juartis
1006,Summington
1008,Spistory
1011,Prinson
1012,Hubbarton
1013,Farleyatton
1014,Frasp
1015,Antoshipson
1017,Blanglison
1018,Webstephrey
1019,Wilderssen
1020,Wala
1022,Blanglison
1024,Chavezalez
1024,Nichaner
1025,Harverez
1026,Leetersoney
1027,Dal
1029,Racke
1030,Farleyatton
1031,Leonzaley
1032,Garzaley
1033,Gonzaley
1034,Cleman
1035,Bra
1036,Georgasey
1038,Knoxonway
1040,Mcbritts
1041,Heedry
1043,Talls
1045,Unteckery
1046,Beachez
1047,NoSurname
1048,Mcdon
1049,Prie
1051,Warrison
1052,Gallard
1053,Colleruces
1054,Valexandez
1056,Ble
1057,Braned
1058,Ingston
1060,Clayson
1062,Wolffy
1063,Ingwhed
1065,Jaf
1066,Staf
1068,Pughanders
1071,Dingauge
1075,Objeciane
1076,Scheron
1077,Bardinard
1078,Ewins
1079,Traverdy
1080,Parte
1082,Traie
1083,Sfin
1084,Holcompson
1085,Wagnerray
1086,Carpennels
1086,Willangsey
1088,Pottney
1089,Pronfraked
1091,Miste
1093,Winie
1094,Webstenson
1095,Drelcate
1096,Simson
1097,Weeke
1099,Mcneiley
1100,Cuche
1100,Frité
1102,Dan
1105,Willangsey
1108,Seen
1108,NoSurname
1110,Ennalve
1112,Opshaft
1113,Fielsenders
1114,Kidne
1115,Oneidson
1116,Barnolaney
1117,Andackson
1121,Burnerez
1123,Praded
1127,Dishocatal
1129,Bellyonsley
1130,Cako
1132,Benney
1133,Lake
1134,Sobvisted
1136,Bowenasey
1140,Sofraten
1141,Simstravery
1142,Pugherman
1144,Barnolderg
1146,Roses
1147,Semageary
1148,Clugete
1149,Logannon
1149,Quinnerettt
1149,Vaught
1150,Brookes
1152,Coflé
1153,Corman
1154,Ingascomet
1155,NoSurname
1155,Hessey
1156,Motter
1161,Anderking
1162,Radisiouss
1163,NoSurname
1165,Heermy
1165,Waring
1166,Shoeweely
1167,Terry
1168,Hughriend
1169,Sin
1170,Mcneiley
1173,Gallandez
1174,Lessonerry
1175,Brin
1177,Wasterivel
1178,Summington
1179,Dischod
1180,Irwines
1182,Pota
1185,Nutty
1186,Browlerson
1187,Matts
1188,Sorticbar
1190,Carpennels
1191,Santry
1192,Moodman
1193,Presstic
1195,Lancis
1197,Folhal
1198,Tie
1199,Hubbarnett
1203,Unrent
1206,Powery
1208,Blainson
1210,Brooker
1211,Alvasquez
1211,Pollarkeeks
1212,Vales
1213,Mckinsond
1214,Fulloydez
1215,Huntt
1216,Pentss
1218,Gilleranks
1220,Fanchy
1221,Alfordonard
1222,Hubert
1223,Coweboded
1225,Morrodgers
1228,Purle
1229,Floydendley
1230,Gainebergan
1231,Emead
1232,Geraing
1233,Burryerson
1234,Lambles
1235,Scottuez
1236,Lancock
1238,Pronfraked
1238,NoSurname
1239,Klindsey
1240,Bookson
1242,Clugeadry
1243,Drivery
1243,Oderient
1246,Schmondez
1248,Ewiseston
1250,Torrez
1254,Breke
1255,Potte
1256,Erpie
1258,Cowsearney
1259,Mcguirez
1260,Scotterkins
1261,Healted
1263,Vloaf
1264,Roberrenn
1267,Jacostaffey
1269,Pane
1271,Hubbarrison
1273,Cruzaley
1274,Willangsey
1278,Howayery
1279,Dynigic
1280,Leton
1281,Tranciams
1282,Handertiz
1283,Burchanez
1284,Knité
1285,Weaverays
1286,Fache
1287,Pimne
1287,NoSurname
1288,Flemaney
1289,Fultz
1291,Ponie
1292,Conale
1293,Bertsontry
1294,Gulcepusy
1294,Plegred
1295,Vaught
1299,Moodsey
1300,Robins
1302,Erry
1304,Quinnedy
1304,Carrishley
1304,Powenoble
1306,Irintious
1307,Norrison
1308,Plegred
1309,Gordond
1310,Coillery
1311,Make
1312,Blandez
1316,Quelfly
1317,Tité
1322,Masquez
1323,Gamberson
1324,Gilleyons
1325,Barbes
1326,Gelte
1328,Rigginsen
1330,Mare
1330,Datty
1331,Alshipson
1332,Hurchez
1333,Fryes
1335,Moodsey
1336,NoSurname
1337,Shermann
1340,Harrenoldez
1342,Mayder
1345,Flowensley
1347,Horners
1348,Balightal
1350,Cleang
1351,NoSurname
1352,Gerry
1353,Tepie
1355,Paynard
1356,Rothewson
1357,Stre
1360,Blandez
1362,NoSurname
1365,Exnutch
1366,Hestes
1368,Lanks
1370,Waterson
1371,Kuche
1375,Sykess
1376,Delez
1377,Coniple
1378,Caineson
1379,Mcgowaymond
1380,Fuleng
1381,Hoopez
1382,Daughttley
1383,Resendent
1384,Mayods
1385,Foxter
1386,Polliamposs
1387,Hacle
1389,Lowelliott
1390,Meltoney
1391,Apie
1393,Kake
1393,NoSurname
1395,Fryes
1397,Hodes
1398,Cookentaney
1399,Popelase
1400,Colleruces
1401,Burtiz
1402,Blacks
1403,Coopelandez
1404,Mornaned
1406,Gres
1407,Foxter
1408,Fulloydez
1410,Lerez
1412,Winsley
1413,Nichoan
1414,Kinson
1415,Higast
1416,Macdonadows
1417,Spedlinale
1419,Apeau
1420,Shbre
1421,Cres
1423,Asoppor
1423,Rodwative
1424,Sageng
1425,Adavisons
1426,Drelcate
1427,Pead
1428,Hanghanson
1430,Popez
1431,Ments
1433,Noeley
1434,Cartez
1435,Gilleranks
1438,Sancasey
1439,Lette
1440,Mcleaney
1442,Pughanders
1443,Jimes
1444,Coarswing
1445,Wellenez
1447,Simson
1450,Ailled
1451,Proorbeng
1452,Distured
1453,Thorney
1454,Righturter
1455,Wassird
1455,Conaly
1457,Combson
1458,Mccarveymon
1460,Williotters
1461,Gordond
1462,Webstes
1463,NoSurname
1465,Alfordonard
1467,Dillips
1474,Melte
1478,NoSurname
1478,Sweene
1479,Erle
1481,Prist
1484,Roachoanand
1485,Man
1488,Betie
1489,Gallencis
1490,Crioncery
1491,Sosalinson
1491,NoSurname
1493,Hardley
1498,Talls
1499,Keithunts
1500,Cooperkins
1500,Barbes
1501,Fryan
1503,Haste
1506,Vines
1507,NoSurname
1507,Jeffey
1509,Dal
1510,Swin
1511,Spandisket
1511,Whealeed
1515,Oconley
1520,Klindsey
1521,Flité
1523,Waring
1524,Shawforden
1525,Gin
1526,Sotond
1527,Boderbint
1528,Madan
1529,Slable
1531,Puckley
1532,Bealvewd
1533,Potters
1536,Nuthe
1539,Barmant
1540,Clumshangs
1541,Woody
1542,Seche
1543,Clidly
1544,Ayalazquez
1545,Fiha
1547,Hoppers
1548,Unicting
1548,Stivelte
1550,Supiensive
1551,Clidly
1552,Batestonley
1555,Spistory
1558,Mcdowns
1560,Guezaley
1561,Briggins
1562,Simmonders
1564,Merie
1565,Fitzgerson
1567,Replic
1568,Burchrison
1569,Hac
1572,Shephendry
1572,Pager
1573,Butte
1576,Hapie
1577,Grahangory
1578,Garrincent
1579,Pughanders
1580,Hinesh
1581,Che
1584,Thony
1585,Crosarios
1588,Fullous
1590,Crakenecal
1592,Idivent
1593,Savaraldez
1594,Delazarson
1595,Reming
1596,Replipent
1597,Hahnstonsen
1599,Drelcate
1601,Mulley
1602,Chardsons
1603,Carreralend
1604,Rostarks
1606,Oilloody
1608,Dicksons
1611,Torrez
1612,Entenedy
1613,Josey
1614,Conie
1615,Lopelases
1615,Harperez
1617,Blan
1619,Hinglendez
1621,Dukertyler
1622,Sau
1624,Barbes
1625,Patimonne
1626,Logannon
1628,Foraud
1630,Cofferson
1631,Kennetty
1632,Fatted
1633,Thony
1634,Conleydenan
1635,Tuckers
1636,Connelson
1637,Ricews
1638,Ballocks
1640,Scotterkins
1644,Waltonnedy
1645,Thonyderson
1646,Monroellynn
1647,Fisheparks
1649,Hinglendez
1650,Hodes
1651,Wonglasquez
1651,Lynnerett
1653,Oderient
1655,Dicksons
1656,Mallerez
1657,Alest
1658,Part
1659,Pugherman
1660,Cardner
1661,Fringh
1661,Earmeter
1662,Sterson
1663,Villenson
1666,Retefule
1668,Watsongley
1669,Spane
1669,Perte
1670,Sancasey
1671,Mosteraked
1672,Solivers
1673,Perrerojass
1674,NoSurname
1676,Staffersby
1677,Robins
1681,Englence
1682,Watte
1685,Dillestron
1687,Batte
1688,Webstenson
1690,Paulllegory
1691,Giba
1694,Chavezalez
1695,Moraleney
1696,Iderinelay
1697,Blainson
1698,Make
1699,Barkeretton
1700,Waring
1704,Breke
1704,Fincy
1705,Chake
1708,Hopez
1709,Minen
1710,Mcgowaymond
1711,NoSurname
1712,NoSurname
1712,Pamca
1713,Dyers
1714,Parsoney
1715,Mirandry
1717,Franankson
1717,Fielsenders
1718,Reyervaney
1719,Savaraldez
1721,Alest
1723,Holcompson
1724,Diateous
1725,Wheelez
1727,Barte
1728,Bakerson
1729,Merce
1730,Curton
1731,Santry
1733,Chanan
1734,Patrichane
1736,Blancoy
1738,Sawyerson
1739,Jarvey
1740,Torrez
1742,Trad
1745,NoSurname
1746,Bache
1747,Santantines
1748,Burchrison
1749,Coley
1752,Chavezalez
1753,Moodson
1755,Mulley
1757,Bradamss
1758,Fielsenders
1760,Cardsay
1761,Sweekstarks
1762,Casez
1763,Stering
1764,Laai
1766,Adavisons
1767,Gleroling
1767,Stewder
1768,Beckeey
1769,Sinda
1770,Wincer
1771,Cardner
1772,Butty
1774,Canie
1775,Mejiaddox
1776,Wolffy
1778,Adkinson
1779,Hermanapp
1781,Brailidy
1782,Moodson
1783,Garnettiz
1785,Kniva
1786,Jacostaney
1792,Brazo
1796,Hariourcal
1797,Blanspe
1798,Mcfarley
1799,Leonaldez
1800,Goffey
1800,Morsentley
1802,Brantuarez
1803,Puckley
1804,Curle
1805,Bradlerson
1806,Hotte
1807,Ingetrody
1808,Pollarkeeks
1810,Ruité
1811,Georgasey
1812,Hickson
1813,Cainghannon
1816,Dicomeng
1816,Tertchty
1817,Lanks
1818,Portananney
1821,Cohendright
1822,Mirez
1823,Byerson
1826,Lewintos
1827,Norrison
1828,Hultz
1829,NoSurname
1829,Clumshangs
1829,Gloother
1829,Persed
1831,Gordanieves
1833,Scoudelle
1834,NoSurname
1836,Meleon
1841,Flynney
1843,Unaasor
1844,Stannondez
1846,Mejiamsey
1847,Tuckers
1848,Gilleranks
1849,Sellentry
1850,Schwardson
1853,Webstenson
1854,Unprive
1855,Jenson
1856,Combson
1857,Emone
1859,Seen
1860,Headfair
1861,Clake
1863,Handertiz
1864,Erflé
1865,Roses
1865,Owery
1865,NoSurname
1866,Wolffy
1868,Fincy
1871,Spedlybood
1872,Wala
1873,Barrison
1874,Woodgezalez
1877,Ellahan
1878,Chenson
1879,Inderly
1880,Clean
1881,Valey
1882,Antcal
1884,Meake
1886,Morrows
1887,Pooley
1888,Barrelliver
1889,Hewson
1890,Englence
1891,NoSurname
1892,Couseced
1892,Stpingepid
1897,Gocent
1898,Fishopper
1899,Curton
1901,Tractive
1902,Carvis
1903,Loway
1905,Torrez
1906,Booneid
1907,Neceriont
1908,Chcak
1911,Cartez
1915,Hurchez
1916,Castery
1916,NoSurname
1918,Assibler
1920,Horte
1922,Hickson
1923,Dister
1925,Matts
1926,Conney
1927,Hapie
1928,Anthon
1931,Dressink
1933,Hammons
1935,Gallenry
1937,Knoxtones
1938,Charpelaney
1939,Burta
1940,Bate
1941,Hendrewsons
1942,Gaineyerson
1945,Guezaley
1946,Castannison
1947,Vandan
1950,Welles
1952,NoSurname
1953,Bradlerson
1956,NoSurname
1956,Pread
1957,Maynardner
1959,Exibuctich
1959,NoSurname
1960,Lynnerett
1961,Giller
1962,Buckeenez
1962,Ryanga
1963,Fowlaney
1964,Righturter
1967,Humphreyes
1968,Traverdy
1969,Sandul
1971,Irwinson
1973,Clindy
1974,Cusa
1975,Hobbinson
1976,Craleve
1976,Lansuffle
1977,Paska
1978,NoSurname
1979,Moodson
1980,Browlerson
1980,Freevenson
1981,Cobson
1983,Cooperkins
1984,Wassid
1985,Facle
1988,Wallerson
1991,Palmes
1992,Killé
1993,Fishopper
1994,Pagedy
1995,Sterreray
1996,Fryan
1997,Hartley
1999,Kimons
2000,Plattering
2001,Pittler
2003,Oconley
2006,Moorez
2007,Gocent
2009,Contery
2010,Gregordy
2011,Bartines
2012,Amincrerus
2013,Water
2015,Hickett
2019,Oppressive
2022,Houseson
2024,Kinson
2026,Warrishales
2026,Alldson
2027,Oconley
2028,Pooles
2029,Camerrison
2032,Shcad
2034,Pearsalason
2038,Ingston
2040,Stiven
2041,Weavesend
2042,Floways
2043,Teake
2044,Conleydenan
2045,Whitneyes
2046,Beston
2051,NoSurname
2052,Balle
2053,Wasede
2054,Stivelte
2055,Woodwinez
2055,NoSurname
2055,Canton
2056,Hanghanson
2059,Moodmandez
2060,Baketton
2061,Sedece
2062,NoSurname
2063,Leonaldez
2065,Jeffey
2066,Chapmaney
2067,Sprender
2070,Gilleyons
2071,Subateful
2073,Rivanseney
2074,Alaring
2075,Yatters
2080,Joycerton
2081,Moodsey
2082,Kirks
2083,Gibbsonton
2084,Boltund
2085,Unaasor
2086,Wasterivel
2087,Brownings
2088,Weaves
2089,Sterreray
2090,Watkinsley
2091,Woodwinez
2092,Blan
2092,Stpie
2092,NoSurname
2094,Buncy
2095,Gallencis
2096,Kité
2096,Kinie
2097,Roftfuling
2099,Boste
2100,Briggins
2102,Seadler
2104,Bootez
2105,Loway
2106,Calhounez
2107,Haynardy
2110,Joynewtonks
2111,Blan
2112,Perty
2114,Folhal
2115,Oinded
2116,Waderoachez
2117,Rocketedy
2118,Macdonadows
2120,Bla
2121,Peterstarks
2123,Johnsondez
2124,Litthews
2125,Pagedy
2126,Ricews
2127,Bailes
2128,Sancockett
2129,Camerrison
2130,Oneiles
2131,Mayder
2133,Chrie
2134,Pimne
2135,Monroellynn
2136,Waltonnedy
2137,Ruité
2137,Queke
2138,Powery
2139,Razo
2140,Drakeekss
2141,Rivanseney
2142,Pri
2143,Miltongson
2144,Philliames
2145,Pecketton
2147,Ban
2148,Grahangory
2149,Persed
2150,Prickmantes
2152,Bakericks
2153,Daviddley
2154,Barles
2156,Cofferson
2158,Moraleney
2159,Casez
2161,Sidie
2162,Graie
2163,Mosepherry
2164,Queldry
2167,Mckinn
2168,Lacke
2171,Camerrison
2172,Barbes
2173,Landolphrey
2175,Callowery
2177,Colle
2179,Dianket
2180,Masquez
2182,Tiouserful
2183,Ruity
2186,Johnsby
2187,Wiggson
2188,Hopez
2189,Cruzaley
2190,Barris
2191,Sidie
2193,Singtons
2194,Blacks
2195,Coleyanglas
2196,Veriedeezy
2198,Franey
2200,Prité
2201,Subateful
2202,Horte
2203,Boyst
2204,Aillyber
2205,Vandan
2206,Callowery
2207,Hales
2209,NoSurname
2210,Hestes
2211,Hurles
2212,Swanardy
2215,Quidedbolt
2215,NoSurname
2215,Ingent
2219,Woodwin
2220,Acobsond
2221,Fisherry
2223,Vanglis
2224,Polloantes
2225,Puckley
2228,Rasty
2229,Norry
2231,Late
2232,Dyers
2233,Alfordonard
2234,Gen
2234,Gread
2234,Flité
2235,Tranciams
2237,Fushausive
2238,Droning
2239,Franchaney
2241,Jacostaffey
2243,Booness
2251,Hoodjuded
2252,Willy
2253,Cruzaley
2254,Mcfaddenson
2255,Spadicage
2256,Batestonley
2257,Diateous
2258,Leonzaley
2261,Bairdford
2262,Kimpson
2263,Burnewman
2264,Youngrayes
2266,Conca
2267,Meake
2268,Mcbriggins
2269,Blees
2270,Fla
2272,NoSurname
2272,Quinnerettt
2272,Kirks
2273,Hanner
2274,Proorbeng
2274,Shoeweely
2275,Tirt
2277,Wallerson
2278,Crantiale
2279,Pippoppere
2280,Femoused
2281,Hoppers
2282,Burtiz
2284,Butte
2287,Reyersendry
2288,Figuez
2289,Jaff
2291,Pittler
2291,NoSurname
2295,Emenez
2296,Patteraley
2298,Fredersend
2299,Ramad
2300,Alcemblery
2301,Hodgesss
2302,Dedometeel
2303,Chort
2305,NoSurname
2306,Colensid
2306,Ticiontral
2308,Pringrous
2309,Whitledges
2310,Holiabler
2310,Pleele
2311,Cabrewsond
2312,Sykess
2313,Kart
2314,Folemonley
2315,Singmage
2316,Blange
2317,Gainebergan
2318,Bradamss
2319,Estron
2320,Francock
2321,Petermandez
2325,Hurchez
2327,Oidederval
2329,Burry
2332,Mccarry
2333,Fiha
2336,Fulatorly
2338,Moodman
2339,Shrie
2340,Huntt
2341,Hubbarnett
2345,Brightez
2347,Wellierras
2348,Alaring
2349,Brookes
2353,Morgerson
2356,Peane
2357,Whitez
2360,Boyersons
2361,Belley
2363,Unregul
2364,Roachez
2365,Clunic
2366,Raste
2367,Brookes
2368,Potte
2369,Youngrayes
2373,Aneetle
2374,Sames
2375,Franankson
2376,Coffmaney
2377,Noxiong
2379,Grifford
2382,NoSurname
2384,Cleachrand
2384,Pollarkeeks
2385,Pité
2387,Estiagosen
2389,Solon
2390,Burrilllins
2391,Hendrys
2392,Salin
2395,Toddleton
2396,Handertiz
2397,Raney
2398,Barnolaney
2399,Sin
2401,Francock
2402,Valezaley
2403,Frederry
2404,Disheract
2404,Oilpuring
2406,Pie
2409,Pottonalden
2410,Beckeetter
2411,Howenters
2412,Bertsontry
2413,Barnoldeney
2414,Headfair
2416,Nolds
2417,Mcgowaymond
2419,Mclainez
2421,Sepie
2423,Boltond
2424,Fishopper
2426,Gine
2427,Geneltic
2429,Vinozarks
2431,Josesh
2432,Anthompson
2433,Ametic
2435,Bonder
2436,Figuez
2438,Stake
2439,Bardinard
2441,Bowenasey
2442,Perie
2443,NoSurname
2444,Pentss
2445,Lerez
2446,Hoppernardy
2449,Nacke
2451,Currisones
2452,Wiggs
2453,Teake
2454,Monroellynn
2455,Muste
2456,Jarvey
2457,Raney
2458,Mcphernard
2460,Solon
2461,Leeves
2462,Flowensley
2463,Johnshines
2466,Harmond
2467,Datty
2470,Bookst
2471,Johnsby
2472,Patrichane
2474,Che
2475,Folhal
2476,Arner
2477,Suptibler
2478,Bardina
2479,Gordanieves
2480,Llovers
2483,Crayeson
2486,Lopelases
2488,Wate
2489,Purellliss
2491,Haydenzier
2492,Burry
2496,Goody
2497,Foledges
2498,Kellson
2499,Valindle
2500,Hoppernardy
2502,Beckerson
2503,Shrie
2505,Mckinn
2506,Apenelexy
2508,Switud
2509,Georgasey
2510,Cusa
2512,Parymider
2513,Mathison
2515,Forous
2516,Romason
2518,Fouseding
2519,Whitez
2520,Crantiale
2521,Cry
2522,Crité
2523,Oilpfulle
2524,Witeronfus
2526,Fatted
2527,Brownings
2528,Bau
2530,Start
2531,Danielps
2532,Traie
2534,Sorbitter
2535,Bakerson
2537,Meltoney
2540,Chort
2541,Frintful
2542,Dutte
2544,Sernator
2545,Hoppernardy
2546,Shawatson
2547,Sometery
2548,Vincenton
2549,Prin
2550,Larlowelley
2551,Gamberson
2552,Vincenton
2553,Obnoftle
2555,Glisormal
2557,Flesping
2558,Katte
2559,Clarty
2560,Loway
2561,Casonston
2562,Brele
2564,Unrent
2565,Lepie
2571,Lamberguson
2572,Suptibler
2573,Supriouse
2574,Sweeton
2578,Nasquez
2580,Pentss
2581,Conney
2582,Chardsons
2584,Woodwardy
2588,Cardner
2589,Meteet
2589,NoSurname
2590,River
2591,Coolerson
2592,Flé
2593,Villenson
2594,Cisorter
2595,Cakie
2595,Fle
2596,Stpie
2596,Kniva
2597,Jamai
2598,Scake
2599,Bardinard
2601,Jamai
2602,Seche
2602,Chnik
2605,Cone
2606,Dawsoncis
2607,Brakepined
2607,Plattering
2609,Hopez
2616,Gallard
2617,Peckerson
2618,Freednal
2619,Chanan
2622,Coley
2624,Armstromez
2625,Stanleyd
2626,Barks
2627,Kerristicey
2628,Amoutake
2629,Lardsonald
2631,Queke
2633,Popez
2634,Pine
2635,Babre
2636,Owerson
2638,Mondsey
2640,Wagnerray
2641,Merkins
2642,Popez
2643,Chasey
2645,Fordulgaug
2645,Improus
2646,Roureed
2647,Johnsby
2648,Sullones
2649,Giba
2650,Casonston
2651,Geakerat
2652,Davispinoz
2655,Ballocks
2657,Gainney
2658,Gentledges
2659,Gelie
2660,Avidson
2661,Vandan
2662,Ban
2663,Douglasen
2664,Swin
2666,Curle
2668,Ingston
2670,Leodger
2671,Oconley
2672,Waltonson
2675,Iniouser
2676,Noxiong
2677,Scerodbox
2678,Sosanturney
2679,Boltond
2682,Whiters
2683,Parbage
2684,Ranaly
2685,Webstephrey
2687,Kimons
2688,Willy
2690,Stannondez
2691,Coxterez
2692,Weberts
2693,Pentical
2693,Geousty
2695,Stike
2697,Pimne
2698,Sofraten
2700,Perkings
2701,Thorney
2702,Garnettiz
2703,Ashipeck
2704,Shieldson
2706,Ressighty
2707,Belstrut
2708,Cardner
2709,Welto
2709,Ble
2712,Doorge
2713,Cleachrand
2714,Mcintons
2717,Mayder
2718,Supred
2720,Beckeey
2721,Rigginson
2722,Sutte
2723,Boderbint
2724,Merte
2725,Bucknersony
2726,Leson
2727,Hoopez
2729,Burchrison
2730,Douglasen
2732,Hurles
2734,Wate
2736,Prity
2737,Forous
2737,Arterate
2738,Ses
2739,Daughessey
2740,Leetersoney
2741,Cake
2743,Gregordy
2745,Pre
2746,Wala
2747,Chrie
2748,Mickersones
2750,Daviddley
2751,Must
2752,Ballocks
2753,Summington
2754,Santry
2755,Glousspidy
2756,Corte
2758,Fielson
2759,Kimons
2760,Rigginsen
2760,NoSurname
2762,Leonzaley
2763,Reynoldez
2764,Reyervaney
2765,Curie
2768,Cartz
2769,Fishopper
2770,Gainebergan
2772,Meyersones
2773,Teake
2774,Bushins
2774,Mcbriddley
2778,Fisty
2780,Chanan
2781,Williotters
2783,Emetillove
2784,Walterson
2785,Clindy
2786,Franankson
2787,Salez
2788,Ramoran
2789,Carverson
2790,Simous
2792,Figuez
2793,Mcinton
2795,Brantcable
2796,NoSurname
2797,Burchanez
2798,Timleplet
2799,Barrilloney
2801,Frogauded
2802,Chavezalez
2805,Blacks
2806,Gene
2807,Vincenton
2807,Monrad
2809,Ellahan
2810,Jorden
2811,Charpelaney
2812,Grean
2813,Bryants
2814,Smalloney
2817,Sutty
2818,Betie
2819,Ocherman
2820,Lopelases
2821,Shephendery
2822,Harverez
2823,Parté
2824,Rinicapead
2825,Sake
2826,Pabler
2831,Fandomatty
2831,Impress
2832,NoSurname
2834,Coniple
2835,Unaring
2837,Mcgoway
2838,Cure
2839,Heedry
2840,Hortis
2843,Terte
2846,Lardsonald
2847,Cardsay
2852,Jeffey
2853,Browlerson
2854,Buckentry
2856,Fulous
2857,Larlowelley
2858,Fictful
2859,Excialing
2860,Antoshipson
2861,Marson
2862,Gooki
2863,Thony
2865,Corie
2866,Wheededly
2867,Bane
2869,Vantonson
2870,Willynnedy
2871,Unregul
2872,Leblanchez
2873,Birte
2875,Frolestty
2876,Brenney
2877,Vinozarks
2878,Ancy
2880,Wooterston
2881,Brightez
2882,Dillips
2883,Hanner
2884,Erle
2887,Reenez
2888,Gele
2890,Cattyried
2891,Ortinericey
2892,Coolerson
2892,Gallenry
2893,Beasleyes
2894,Hersons
2897,Meadoney
2899,Buth
2900,Snoff
2901,Vandez
2902,Merkins
2905,Parsoney
2906,Gainebergan
2907,Weavesend
2908,Berreranks
2909,Polloantes
2910,Bucknersony
2912,Kine
2913,Sau
2919,Kra
2920,Schwardson
2925,Minen
2926,Homin
2927,Panad
2928,Mander
2928,Caltilter
2929,Mcbritts
2930,Mejiaddox
2934,Moodman
2935,NoSurname
2936,Berreranks
2938,Aroodint
2940,Casonston
2941,Beasleyes
2942,Watkinsley
2943,Belley
2944,Nichoan
2945,Moodsey
2948,Prearright
2949,Boltertley
2950,Fielsenders
2953,Solivers
2954,Gordanieves
2956,Houseson
2958,Parrett
2959,NoSurname
2960,Carterson
2961,Kellynn
2962,Backe
2964,Holiabler
2965,Munozanson
2966,Avisley
2968,Sosalinson
2969,Miley
2970,Adkinson
2971,Sessiouse
2972,Yorkland
2975,Hermanapp
2979,Urablele
2982,Unrespery
2983,Monsoney
2984,Healted
2986,Dutty
2988,Cousel
2990,Vandez
2992,Sterreray
2993,Gordanieves
2994,Scottuez
2995,Roforhauge
2996,NoSurname
2998,Mosteraked
3000,Spencervan
3001,Shming
3003,String
3004,Clinantones
3005,Fisun
3006,Wolferguson
3009,Chcak
3010,Praugnox
3012,Bradlerson
3013,Moongton
3014,Oilpuring
3015,Pottley
3018,Harry
3019,Peake
3020,Monfulewss
3021,Spencervan
3022,Speating
3023,Blane
3024,Barkeretton
3025,NoSurname
3025,Fisheparks
3026,Gambs
3027,Fitzgerson
3029,Disgul
3030,Alaring
3032,Wolfernan
3033,Wagnerray
3034,Noxnuther
3036,Booneid
3038,Porté
3039,Conamminal
3040,Purle
3042,Mejiaddox
3044,Fowlesterez
3045,Hestes
3047,Quart
3048,Canie
3050,Supred
3053,Fuelisent
3054,Bootez
3055,Casentry
3060,Chman
3061,Bakericks
3061,Hickley
3062,Frasp
3063,Daughttley
3064,Spencervan
3065,Preeldy
3066,Hortis
3067,Dicksons
3068,Mcfarley
3070,Haydenez
3071,Cracionfic
3073,Shbre
3076,Mcfaddenson
3079,Booters
3080,Alldson
3081,Reedall
3082,Wilkinner
3083,Bootty
3084,Flell
3085,Briggins
3087,Flyncharlan
3088,Dishearly
3090,Myling
3091,Wingcoling
3092,Solivers
3093,Terte
3095,Rhuba
3096,Khaf
3099,Bine
3100,Farmonrada
3102,Mirinanty
3103,Baleful
3104,Fowles
3110,Joyneidez
3111,Ramad
3112,Romason
3113,Lake
3114,Sad
3116,Mcguirez
3117,NoSurname
3118,Coolez
3119,Hamberterry
3120,Rhuba
3121,Moreman
3123,Prinson
3124,Hapie
3126,Foraud
3128,Gordond
3130,Frasp
3131,Mckinn
3131,Griffy
3132,Meake
3133,Chanash
3134,Clughted
3136,Mcneiderson
3138,Stephendsey
3140,Dan
3142,Cla
3143,Blane
3145,Gency
3147,Steinardson
3149,Portananney
3152,Greeves
3158,Banie
3159,Melte
3161,Roustorly
3162,Kellyons
3162,Simonson
3163,Vlart
3164,Crayeson
3166,Cheen
3168,Peckerson
3169,Leblanchez
3171,Wellenez
3172,Sellahaney
3174,Homin
3175,Mosteraked
3176,Nateansive
3179,Saley
3180,Lewinez
3181,Gregordy
3182,Welltonces
3184,Sechausive
3185,Gardonadox
3188,Reau
3189,Che
3191,Sin
3192,Brenney
3193,Mushe
3195,Litthews
3196,Chate
3197,Ryanga
3200,Flynney
3201,Mcfaddoxter
3203,Hopez
3204,Wirdley
3205,Dotsondez
3206,Gainebergan
3209,Nutca
3210,Heeroling
3210,Clugeadry
3211,Baldson
3212,Bellarkerd
3213,Surry
3215,Warrison
3216,Haydenzier
3217,Dan
3218,Bardinard
3219,Paska
3220,Meyerthy
3221,Meadoney
3223,Prickmantes
3224,Fredersend
3225,Surind
3227,Chardst
3229,Chpeng
3230,Sache
3232,Burte
3235,Shieldson
3236,Woody
3237,Lapie
3238,Reste
3239,Bookerson
3240,Vinozarks
3241,Hickley
3243,Hermanapp
3247,Malliamsey
3248,Baldens
3252,Melez
3253,Thorney
3254,Igmable
3255,Morandry
3256,Myling
3258,Waltonnedy
3259,Tranciams
3260,Canton
3262,Pottmanley
3268,Ses
3269,Spistory
3270,Klindsey
3271,Micknightt
3272,Kellynn
3273,Wilkinner
3274,Hahnstoneal
3275,Gibbsonton
3276,Wirdley
3279,Whifounrew
3280,Ricks
3282,Prighty
3283,NoSurname
3283,Horthy
3283,Strongers
3283,Hoopez
3284,Holsen
3287,Carlsonney
3289,Whitez
3292,Dianket
3292,Brakepined
3292,Discuous
3293,Part
3294,Georgasey
3295,Horndley
3296,Villenson
3297,Carlsonney
3298,Fowles
3299,Dillestron
3300,Fla
3301,Domington
3304,Drayfulery
3305,Jaff
3308,Patthews
3309,Wellenez
3310,Bagint
3311,Alenter
3312,Waring
3313,Cientteng
3314,Hornettoney
3315,NoSurname
3317,Scottney
3318,Openduave
3319,Wolfaddox
3322,Philliames
3323,Fliblerolt
3324,Buche
3325,Fitzgerson
3326,Llobsoney
3327,Noelan
3328,Yorkland
3329,Krampbelles
3330,Sin
3331,NoSurname
3332,Flité
3332,Flate
3336,Tirt
3337,Boltund
3337,Resspeding
3338,Pentss
3339,Mondsey
3342,Hayder
3343,Swanardy
3348,Bradlerson
3349,Brakeril
3350,Josey
3352,Hickson
3353,Reming
3353,Conable
3357,Pollarkeeks
3359,Sweene
3360,Brailidy
3361,Sinda
3361,Razo
3363,Leeves
3363,Huffy
3364,Oilloody
3365,Oneiles
3370,Port
3371,Birds
3372,Englence
3377,Merie
3380,Arner
3381,Milton
3382,Rossey
3383,Farleyatton
3384,Gilesonston
3384,Pettyreeman
3386,Datie
3387,Cainghannon
3389,Bun
3390,Mane
3391,Ennalve
3392,Gallard
3394,Klindsayer
3395,Valezaley
3396,Mirinanty
3397,Barkeretton
3401,Fisheparks
3402,Ban
3403,Wolfaddox
3404,Briggins
3405,Bakerson
3406,Metiveal
3408,Flynner
3409,Wheelez
3410,Moongton
3412,Ainserfle
3413,Franton
3415,Bakerrison
3417,Fisheparks
3418,Meake
3419,Danad
3420,Brownings
3421,Burrilllins
3422,Crakete
3423,Johnsby
3424,Carrishley
3425,Spopting
3426,Oconley
3428,Cumpting
3430,Bullisey
3431,Datte
3432,Miltongson
3433,Spirfuent
3434,Smalloney
3437,Pager
3438,Pottney
3439,Modent
3440,Bertiz
3441,Blange
3442,Hornettoney
3443,Poperez
3444,Scerodbox
3445,Hermanapp
3446,Buckleinson
3447,Hutchinton
3449,Chardsons
3450,Knocke
3453,Hamcmahon
3454,Byerson
3455,Gelte
3456,Emenez
3458,Madan
3459,Hutchinton
3461,Handertiz
3462,Ingascomet
3464,Hardsonerry
3465,Flaie
3467,Webstephrey
3468,Rivanseney
3469,Singmage
3470,Byerry
3473,Hurles
3474,Pasharne
3475,Spoilling
3476,Joycerton
3476,Burksson
3476,NoSurname
3478,Ricete
3480,Vales
3483,Parsoney
3484,Kennetty
3485,Oillepint
3485,Tradve
3486,Whitersone
3487,Neceriont
3488,Hoorbaring
3489,Onpie
3490,Sprender
3491,Joyneidez
3492,Waterson
3495,Volloor
3496,Bate
3496,NoSurname
3497,Nad
3499,Mccarveymon
3499,Clemondsey
3501,Paste
3504,Mcleandez
3506,Hometerval
3511,Horte
3512,Holcompson
3514,Batestonley
3515,Purte
3518,Hunterton
3519,Swanardy
3520,Wartyson
3521,Radisiouss
3523,Tité
3525,Shrie
3527,Terte
3528,Rocknight
3530,Whitez
3531,Erflé
3533,Buthe
3534,Scottney
3535,Porki
3536,Ineedeve
3537,Drakeekss
3539,Edwartizman
3540,Buchansen
3542,Derry
3543,Holatirint
3546,Llonovancis
3547,Canie
3548,Haynardy
3550,Delazarson
3550,Carvis
3552,Castery
3553,Maie
3555,Sykess
3556,Clinantones
3558,Manie
3559,Jaflé
3560,Chité
3561,Oncy
3561,Stpie
3562,Nad
3563,Williotters
3564,Kaufmaneyes
3565,Vandan
3566,Bartez
3567,Hestes
3568,Parklaney
3569,Bine
3570,Balley
3572,Bucknersony
3573,Garnettiz
3576,Brenney
3577,Apie
3578,Hac
3579,Cartez
3582,Mcgoway
3584,Leonzaley
3586,Birds
3588,Concy
3591,Serraynardy
3592,Prité
3592,Nanie
3594,Kirks
3595,Modomel
3596,Erry
3597,Parrett
3598,Olivasquez
3600,Lardy
3602,Vicke
3605,Alldson
3606,Daughttley
3607,Dal
3608,Mormonized
3609,Fralledic
3610,Buckleinson
3612,Midtt
3613,Lewintos
3614,Quinnerry
3615,Greenez
3616,Horners
3619,Roureed
3620,Trantermle
3622,Honatte
3624,Tranklinay
3625,Sterreray
3626,Patthews
3628,Hammonton
3629,Butte
3630,Micknightt
3631,Bardsey
3634,Merce
3636,Anche
3639,Contery
3640,Schwardson
3641,Pacerty
3641,Powery
3642,Rodricker
3644,Bun
3645,Pepie
3647,Dedinder
3648,Mcculley
3650,Keithunts
3652,Frandriquez
3653,Thonyderson
3654,Coolerson
3655,Moreman
3658,Daughttley
3660,Chroeders
3662,Poselfle
3664,Forne
3665,Hendrewsons
3667,Bewarsecal
3668,Crakenecal
3671,Avidson
3674,Buchansen
3677,Valezaley
3678,Bellarkerd
3679,Dervalt
3680,Platch
3680,NoSurname
3681,Irived
3682,Ica
3686,Hineyley
3688,Onbre
3690,Fowlesterez
3691,Cotte
3692,Mcmahoney
3693,Sandry
3699,Tronsive
3700,Midtt
3702,Ramad
3703,Coflé
3704,Loway
3705,Hubert
3706,Kidie
3707,Delangleton
3708,Trankliney
3710,Loverceson
3711,Quart
3713,Trattle
3714,Harta
3715,Hubbarton
3716,Batestonley
3719,Mone
3724,Mcdowns
3726,Bardina
3728,Roachoanand
3729,NoSurname
3732,Scoudelle
3732,NoSurname
3733,Semootor
3734,Bairdford
3735,Reeddommy
3736,Amincrerus
3737,Bucklandez
3739,Johnsby
3741,Pulgaly
3742,Hickett
3743,Jenningley
3744,Ropie
3745,Mckinsond
3747,Entratable
3747,Brakebarne
3747,Ambleetive
3748,Gin
3749,Fordulgaug
3750,Mayods
3751,Ericksonga
3752,Femoused
3753,NoSurname
3754,Sterson
3755,Gallencis
3755,NoSurname
3756,Snoaf
3757,Hubbarrison
3758,Litthews
3759,Hendrys
3760,Kennetty
3761,Stingive
3765,Cle
3767,Alenat
3768,Rushing
3769,Stead
3770,Anthompson
3771,Pinoffent
3772,Castron
3773,Prestonard
3774,Willy
3775,Buche
3775,Killé
3776,Gearitte
3777,Clunic
3778,Morrencis
3779,Tranciams
3781,Spirfuent
3783,Wolffy
3784,Morrencis
3785,Hanner
3786,Birt
3787,Prie
3788,Sesa
3789,Popelazquez
3790,Meyersones
3793,Moodsey
3795,Clinarfork
3796,Semageary
3797,Couseced
3798,Exibuctich
3801,Leblanchez
3803,Welte
3804,Harry
3805,Pacerty
3807,Barnolaney
3810,Trankliney
3811,Frasp
3812,Floways
3814,Calazy
3815,Patteraley
3816,Carterson
3817,Reste
3818,Hoodgers
3820,Ecre
3821,Mcphernard
3822,Mcinton
3823,Spore
3824,Mclardson
3826,Navages
3830,Powery
3831,Nan
3832,Litthews
3835,Tersony
3836,NoSurname
3838,Estiagosen
3839,Kine
3841,Kashe
3842,Vinston
3846,Hahnstonsen
3847,Reshory
3848,Jacostaney
3849,Santry
3850,Unteckery
3850,Chuble
3851,Namsheary
3852,Tepie
3853,Herreras
3854,Carsoning
3856,Alvasquez
3857,Dreamspric
3862,Paie
3862,Ple
3862,NoSurname
3862,Cako
3864,Dertering
3866,Hendrys
3867,Guerson
3868,Braymon
3870,Gemoserad
3871,Flourbent
3872,Quart
3873,Pearsalason
3874,Lambleyoun
3875,Garzaley
3879,Nache
3883,Unreezy
3886,Moreman
3888,NoSurname
3890,Weissey
3894,Vinozarks
3895,Anpie
3896,Preeldy
3897,Peckers
3898,Vinston
3899,Ingwhed
3903,Doughan
3903,Booness
3903,NoSurname
3903,Emenez
3904,Charpelaney
3907,Richan
3909,Scoudelle
3911,Petermandez
3911,Pentss
3911,NoSurname
3912,Cartiz
3913,Waterson
3915,Mayods
3916,Ciplanke
3917,Esseal
3919,Blace
3921,Kramosley
3922,Bardsey
3923,Cofferson
3924,Reenon
3926,Fowlesterez
3927,Tionstious
3928,Witeronfus
3930,Mcguirez
3931,Sandry
3932,Vlate
3933,Coleyanglas
3935,Mccarveymon
3936,Sancasey
3937,Rossey
3938,NoSurname
3938,Flité
3939,Alberts
3940,Apie
3941,Mejiaddox
3942,Grahangory
3944,Stike
3945,Lambles
3946,Parta
3948,Castron
3949,Burraymons
3950,Steary
3952,Rodricker
3954,Blacks
3955,Gamberson
3958,Sau
3959,Sullones
3960,Herreras
3961,Peake
3962,Guerson
3963,Bradlerson
3964,Chanan
3966,Kerristicey
3967,Seen
3968,Briggins
3970,Blake
3971,Brighttt
3973,Reedectied
3974,Davens
3976,Patoetic
3977,Quinnedy
3980,Garrincent
3981,Carvis
3984,Wilsoney
3985,Hahnstoneal
3986,Pine
3987,Briggston
3988,Soun
3991,Joycerton
3992,Barrelliver
3994,Unretereng
3995,Casonston
3996,Meyersones
3997,Yanton
3998,Iniouser
3999,Hayerson
4000,Burraymons
4001,Lowelliott
4001,Warrishales
4002,Must
4003,NoSurname
4005,Castannison
4005,Spentley
4005,River
4005,NoSurname
4006,Wolfaddox
4008,Cha
4009,Belley
4010,Sweeton
4013,Emead
4014,Metful
4014,NoSurname
4016,Mclainez
4017,Mele
4017,Gene
4018,Bears
4019,Lerez
4020,NoSurname
4021,Buth
4022,Hubbarrison
4023,Torrez
4026,Chsere
4027,Patthews
4030,Flowensley
4030,Carpennels
4031,Listive
4032,Waltonnedy
4033,Windend
4034,Kité
4035,Bryants
4036,Evedorsen
4037,Gardsondez
4038,Reenez
4039,Tersimpson
4040,Micknightt
4042,Stewder
4043,Mirandry
4044,Can
4044,NoSurname
4045,Wist
4046,Santantines
4047,Rivanseney
4049,Pokematic
4050,Dissper
4053,Midtt
4055,Mirandry
4058,Hinesh
4060,Barrelliver
4061,Kashe
4061,NoSurname
4063,Mcfaddennon
4064,Dillips
4065,Olshaffey
4066,Objeciane
4068,Pirejus
4069,Chenson
4071,Watuald
4072,Chasey
4075,Nateansive
4076,Guezaley
4078,Coley
4079,Upead
4080,Sancasey
4081,Penashley
4082,Cres
4083,Clarty
4084,Rentruing
4089,Tachor
4090,Ruica
4091,Pecketton
4093,Valexandez
4095,Romez
4096,Vicke
4097,Weavesend
4098,Vanglis
4099,Fryersonis
4101,Rapie
4102,Whetedy
4103,Sterreray
4104,Gallard
4106,Harmond
4107,Rocholton
4108,Aroodint
4109,Beangley
4110,Rosargas
4112,Rasmussony
4113,Bradiary
4114,Porté
4115,Wagnerray
4116,Torrez
4120,Pentss
4125,Watkinsley
4127,Ainserfle
4128,Pare
4129,Matts
4130,Merte
4131,Pokematic
4132,Norry
4134,Datty
4135,Merte
4137,Rocknight
4140,Fitzgerson
4141,Philliames
4142,Deryplinet
4143,Buncy
4144,Guerson
4145,Herry
4147,Lendly
4149,Saundez
4150,Weaves
4151,Loverceson
4152,Wonglasquez
4154,Gelte
4156,Watkinsley
4158,Noeley
4159,Harperez
4160,NoSurname
4163,Woodwinton
4165,Logannon
4166,Stacketent
4167,Deckerson
4168,Deckerson
4169,Susent
4170,Pirejus
4171,Mclardson
4172,Flell
4172,Facle
4173,Meleon
4174,Armstromez
4175,Burnerez
4176,Fla
4176,Opité
4177,Witalnerod
4177,Foraud
4178,Sweenez
4179,NoSurname
4179,Pleele
4181,Frattyring
4182,Tabloory
4182,NoSurname
4183,Bootez
4184,Wilsoney
4185,Waderoachez
4186,Dickley
4188,Fowlesterez
4189,Petermandez
4191,Dun
4194,Kité
4196,Jacostaney
4197,Cooks
4199,Howenters
4203,Flé
4204,Avisnydes
4205,Dillips
4206,Bucknersony
4207,Perable
4208,Jaff
4210,Siccertful
4211,Covale
4212,Yanton
4213,Morrodgers
4214,Freptic
4215,Floaf
4216,Dratembid
4218,Tert
4219,Min
4220,Acobson
4221,Alshipson
4222,Clean
4223,Grean
4225,Melie
4229,NoSurname
4230,Wilkinner
4231,Scottuez
4232,Comessic
4233,Parbage
4237,Mirezavis
4238,Calian
4239,Alest
4240,Roustorly
4242,Ecate
4243,Bau
4244,Weaverays
4245,Ingston
4246,Hamberterry
4249,Inghting
4251,Connelson
4252,Knoxtones
4253,Gallandez
4254,Idercaling
4255,Hornettoney
4256,Garnes
4256,Wooterston
4257,Serraynardy
4258,Perneernal
4259,Raste
4260,Kaney
4261,Fatte
4262,Derterval
4264,Houseson
4266,Beston
4267,Nichaner
4270,Bagetvable
4271,Dissper
4272,Stroyledgez
4273,Hurchanney
4274,Kellyons
4278,Mander
4280,Icake
4289,Perta
4291,Briggins
4292,Disight
4293,Carsoning
4294,Charpelaney
4295,Manda
4296,Whitersone
4297,Taketiatim
4300,Loway
4301,Brakeded
4302,Chaellerty
4303,Dayers
4303,Popelase
4305,Conney
4305,Carezquez
4306,Terry
4309,Whitledges
4311,Stannondez
4312,Sobvisted
4315,Hammonton
4316,Cleang
4317,Prine
4318,Flate
4319,Nobleyes
4320,Bellarkerd
4324,Krake
4324,Brie
4327,Douglasen
4329,Benderez
4330,Gene
4332,Dukertyler
4333,Excionging
4334,Trupistic
4335,Paska
4336,Gloother
4337,Gele
4338,Gealloyalt
4338,Aroodint
4339,Reste
4340,Georgasey
4343,NoSurname
4344,Hammonton
4345,Sancockett
4346,Burchanez
4347,Saundez
4348,Conate
4349,Rapie
4350,Robersondez
4350,Strongers
4351,Carezquez
4352,Trupistic
4354,Greeves
4356,Brantcable
4357,Ses
4358,Waltonnedy
4359,NoSurname
4359,Sebleve
4360,Crie
4361,Coopezmaney
4362,Freednal
4364,Dawsoncis
4365,Kinson
4366,Ricks
4367,Masquez
4368,Flate
4369,Benderez
4370,Vandan
4371,Shricatory
4371,Tionstious
4372,Birt
4372,Sache
4373,Mejiarkerox
4376,Brownson
4382,Alentonway
4383,Dingauge
4386,NoSurname
4386,Conachets
4387,Wala
4388,NoSurname
4390,Vloaf
4391,Larks
4392,Steeletters
4393,Cookson
4395,Mcfarley
4396,Milton
4397,Foledges
4399,Wolferton
4400,Sepie
4401,Loverthyo
4402,Waderoachez
4403,Peter
4404,Scotterkins
4405,Unkepery
4407,Mejiarkerox
4408,Knike
4409,Regmansidy
4410,Wolffy
4411,Parsoney
4413,Sweekstarks
4415,Parta
4416,Prearright
4422,Dinsprody
4424,Pien
4426,Fonie
4427,Dedentive
4428,Ambleeve
4429,Boyst
4430,Robins
4431,Kenzierry
4432,Loway
4433,Guerson
4436,Jacobbinson
4437,Cartz
4438,Wate
4440,Sweett
4441,Clinarfork
4441,NoSurname
4444,Salez
4445,Bardson
4446,Chocaters
4447,Briggins
4448,Flowensley
4449,Cla
4450,Clugete
4451,Jamad
4452,Blace
4453,Inguel
4456,Wagnerray
4457,Nguerrettye
4459,Jacostarks
4461,Mellé
4462,Bullerson
4463,Boltund
4464,Morrodgers
4465,Diabysid
4466,Crakete
4467,Hopperett
4469,Brakeded
4469,Windend
4470,Baketton
4472,Bartez
4473,NoSurname
4473,Welte
4474,Tuckers
4474,Garden
4475,Fairdised
4476,Miranciash
4477,Scheron
4479,Sidie
4482,Bartines
4482,Anthompson
4483,Tepie
4485,Tirte
4486,Mccarry
4487,Buckleinson
4490,Idlatchse
4491,Filerst
4492,Nolds
4493,Coolez
4494,Weeke
4496,Simsey
4497,Loway
4498,Munozanson
4498,Beckeetter
4498,Mallerez
4500,Mcdanield
4501,Castannison
4502,Jamai
4505,Wirdley
4506,Kashe
4508,Pepie
4509,Sopie
4510,Siviothy
4511,Crueld
4512,Stike
4514,Cleman
4515,Fryersonis
4516,Cleminglas
4517,Mcleandez
4518,Juartis
4521,Oneidson
4522,Stephend
4524,Fulloydez
4529,Oneiles
4530,Leonaldez
4531,Stelative
4532,Serraynardy
4533,Anindery
4534,Floydendley
4535,Cardners
4537,Mccard
4538,Hammons
4539,Carterson
4542,Sterve
4542,Stracary
4543,Winie
4544,Pottney
4546,Bailes
4547,Navages
4549,Woody
4550,Sotond
4552,Bake
4553,Watuald
4555,Wiggs
4557,Mirez
4558,Baleful
4559,Rasmussony
4560,Monsoney
4561,Unhearfus
4562,Reedall
4563,Switud
4564,Merkins
4565,Patteraley
4567,Flemaney
4568,Pamca
4569,Honchoe
4570,NoSurname
4571,Crosbornes
4572,Gouldensen
4573,Stannondez
4574,Sad
4575,Solon
4576,Cartz
4577,Kha
4580,Buko
4581,Entedraved
4585,Wasterivel
4586,Emead
4587,Assibler
4591,Coictrazy
4592,Carté
4593,Pugherman
4594,Folhal
4594,Coudered
4595,Swingse
4596,Booneid
4597,Weavesend
4602,Whitakers
4603,Namsheary
4604,Wonglasquez
4605,Loway
4606,Pumpeshaft
4607,Hoppers
4608,Maystuarey
4609,Amblereld
4610,Alfordonard
4611,Hickson
4612,Wilsoney
4613,Inghtal
4615,Fla
4617,Toddleton
4620,Heney
4621,Jaflé
4622,Humphreyes
4623,Repumparte
4624,Gelle
4625,Ineedeve
4628,Freednal
4630,Dukertyler
4631,Calazy
4632,Dightent
4632,Syncepul
4633,Gallard
4634,Gilleyons
4635,Pearsalason
4637,Ches
4638,Asticit
4640,Englas
4641,Peter
4642,Cluted
4643,Goodson
4644,Fultz
4645,Bacistion
4646,Mcgoway
4648,Shephendery
4649,Prickmantes
4650,Kramosley
4651,Dectory
4652,Robins
4653,Fowlaney
4654,Witeronfus
4655,Seflock
4656,Miranciash
4657,Jacostarks
4658,Bradiary
4659,Hayerson
4661,Moodman
4661,Walston
4661,Mayson
4662,Uningably
4662,Ingwhed
4663,Cartez
4663,Roachoanand
4664,Braymon
4665,Rickson
4667,Sextones
4668,Scerodbox
4672,Byerson
4673,Dicksons
4676,Campson
4677,Obeaded
4678,Mcleaney
4679,Iniouser
4680,Colte
4680,NoSurname
4684,Tirte
4686,Russon
4689,Persoffly
4690,Dishocatal
4691,Buckentry
4693,Rewmid
4694,Freder
4695,Snoff
4696,Bre
4699,Roses
4704,Grentual
4706,Medington
4708,NoSurname
4709,Morelly
4710,Cread
4711,Datte
4712,Vinozarks
4713,Flemaney
4714,Mayson
4717,Hayder
4719,Bra
4720,Lardy
4721,Santry
4723,Savaraldez
4725,Georgasey
4726,Inghtal
4726,Praugnox
4726,NoSurname
4728,Curle
4730,Earmeter
4732,Slavested
4733,Corman
4738,Pread
4739,Marson
4741,Bau
4743,Ametic
4744,Ingent
4746,Joynewtonks
4748,Chene
4750,Asolipery
4752,Knike
4753,Mele
4754,Milton
4755,NoSurname
4756,Gealloyalt
4757,Mirandry
4758,Woody
4759,Davens
4762,Opie
4763,Dutty
4764,Bookerson
4769,Moodman
4770,Stantiagord
4772,Shephendry
4773,Sancasey
4774,Perty
4774,Creke
4775,Fultz
4777,Munozaley
4778,Skenginne
4780,Teake
4782,Maxled
4782,Slable
4783,Wheededly
4784,Pert
4785,NoSurname
4786,Dratembid
4787,Lancock
4788,Swanardy
4790,Mirinanty
4791,Morrodgers
4792,Drakeekss
4793,Brailidy
4794,Hortis
4795,Simstravery
4796,Cre
4797,Hendrewsons
4798,Terry
4801,Brooke
4803,Foxter
4804,Thorney
4804,Peckers
4807,Miley
4808,Flart
4810,Blacks
4813,Exhaftearm
4814,Lunapperts
4815,Hultz
4817,Emone
4818,Reake
4819,Cooki
4822,Hotte
4822,NoSurname
4823,Thonyderson
4827,Deckerson
4828,NoSurname
4829,Shpie
4830,Kirks
4831,Pelie
4832,Estron
4836,Sidne
4837,Jarvey
4838,Mcphernard
4840,NoSurname
4841,Prefule
4842,Meate
4845,Whealeed
4846,Canields
4847,Domington
4848,Griffince
4850,Shieldson
4851,Gamberson
4853,Inkcablel
4856,Sullones
4857,Bushins
4862,Cruzaley
4863,Unsible
4864,NoSurname
4866,Hoodgers
4868,Rocholton
4870,Weaves
4871,Mccarry
4873,Excialing
4874,Cusa
4875,Morrows
4876,Ane
4878,Gene
4879,Hebernandry
4880,Alberts
4881,Snoaf
4882,Switmorary
4883,Carrishley
4884,Buncy
4885,Bre
4886,Simonsents
4887,Thomason
4888,Tairbatic
4889,Mullericer
4890,Browlerson
4891,Ambleetive
4891,Heeroling
4892,Colomonson
4893,Singlents
4895,Mcleaney
4896,Jimes
4897,Weavesend
4898,Bertsontry
4899,Leonzaley
4900,Gaington
4901,Baldson
4902,Whiters
4903,Moodman
4904,Willynnedy
4909,Franey
4910,Dratembid
4911,Hughriend
4912,Bane
4913,Terry
4915,Lamberguson
4916,Mity
4917,Neceriont
4918,Ryanga
4920,Booneid
4923,Sturt
4924,Shake
4925,Sfin
4927,Brele
4929,Reake
4930,Alenter
4932,Fisty
4933,Gin
4933,Sacre
4933,Chité
4934,Hammonton
4937,Simonddler
4938,Traverdy
4939,Bryangton
4940,Vantonson
4941,Buche
4942,Reenon
4943,Curie
4944,Ainserfle
4945,Bartins
4946,Kiddley
4950,Wheelez
4951,Ruica
4952,Rekle
4954,Roses
4956,Mcphernard
4958,Flemaney
4961,Read
4963,Woodwardy
4964,Barne
4965,Corman
4970,Wilderssen
4972,Blentrary
4973,Stephendsey
4974,Vendeck
4975,Wartyson
4977,Merce
4978,Hortis
4979,Mckinn
4980,Potterry
4980,NoSurname
4981,Brenney
4981,Connon
4983,Mcbriguez
4987,Popelacruz
4989,Johnshines
4990,Listive
4991,Pentss
4992,Sextones
4995,Cardners
4996,Mitte
4997,Disgul
4998,Willy
4999,Mckins
5000,Barrison
5003,Bulliamoses
5004,Gloyanthy
5005,Daughtson
5006,Stingive
5007,Watie
5008,Prity
5009,NoSurname
5010,Sincy
5012,Joynewtonks
5013,Wagnerray
5014,Porté
5015,Lowerrudy
5016,Bert
5017,Giba
5018,Pooles
5019,Hebernandry
5020,Anthompson
5021,Fulacid
5023,Griffy
5025,Arner
5027,Kiddley
5028,Plattering
5032,Dicely
5034,Sellahaney
5035,Coolerson
5036,Walterson
5039,Bate
5040,Dynigic
5042,Estiagosen
5044,Palmes
5044,NoSurname
5048,Moodson
5050,Wolfernan
5051,Flité
5052,Khart
5052,NoSurname
5057,Simmonders
5058,Apie
5059,Ryanga
5060,Honatte
5061,Patoetic
5062,Bushallert
5063,Solinez
5064,Gocent
5065,Crueld
5065,NoSurname
5067,Wolfernan
5068,Polliamposs
5069,Hurchez
5070,Collinson
5072,Saley
5073,Frité
5074,Biba
5076,Wolferguson
5080,Buckeelez
5083,Pooles
5084,Fuelightic
5085,Grahangory
5087,Birt
5088,Horndley
5089,Aivering
5090,NoSurname
5090,Willy
5091,NoSurname
5093,Cluthosexy
5095,Snoff
5097,Peterstarks
5103,Poless
5104,Waltonnedy
5105,Sullones
5106,Barrez
5108,Hughriend
5109,Joycerton
5111,Unkcatted
5112,Spadicage
5112,Ainatint
5112,Opshaft
5115,Whibid
5116,Prity
5120,Bate
5122,Knoxtones
5124,Greeves
5125,Rocknight
5126,Unaring
5127,Yanton
5128,Frazo
5129,Savaraldez
5130,Klindsayer
5132,Ellson
5133,Litthews
5133,Pugherman
5133,Josey
5133,NoSurname
5136,Currisones
5137,Llobsoney
5138,Shming
5140,Pughanders
5142,Cre
5142,Prin
5144,NoSurname
5145,Mathison
5146,Cainghannon
5148,Canields
5148,Moodsey
5151,Cotik
5152,Aillyber
5154,Buche
5156,Traild
5157,Gardsondez
5158,Jacostaney
5160,Hayersents
5161,Cheen
5162,Barne
5163,Beckeey
5163,Hewson
5165,Collinson
5166,Porki
5167,Crayeson
5170,Hurchez
5171,Estiagosen
5173,Biba
5174,Alenter
5175,Maystuarey
5176,Sawyerson
5177,Gealably
5179,Aillyber
5180,Gillock
5181,Motled
5182,Georgasey
5184,Folemonley
5185,Flie
5186,Harry
5187,Mellé
5188,Bootez
5188,Hessey
5190,Barrilloney
5192,Khaf
5193,Craing
5194,Ainatint
5196,Haynard
5197,Fowlaney
5198,Fla
5199,Cuplial
5201,Daughtson
5202,Berges
5204,Hughriend
5205,Roachez
5206,Briggston
5207,Chanan
5208,Unressind
5209,Lambleyoun
5210,NoSurname
5211,Barrelliver
5213,Pottley
5214,Hersons
5216,Hardson
5217,Briouse
5217,Wingcoling
5218,Powery
5220,Cooki
5221,Herreras
5223,Ble
5223,Fla
5224,Mckinn
5225,Sincy
5226,Hahnstoneal
5227,Morrencis
5229,Balley
5230,Tité
5234,Chmad
5235,Olivasquez
5236,Lardsonald
5238,Blainson
5239,Beckeetter
5240,Melez
5242,Ellahan
5243,Mclardson
5243,Melez
5244,Tité
5246,Drakeekss
5247,Yorkland
5248,Batestonley
5249,Fonie
5250,Dan
5251,Nanie
5252,Langatein
5253,Ashipeck
5254,Pressive
5254,Pickleve
5255,Peate
5256,Tirt
5257,Opshaft
5258,Taptiritty
5260,Fulloydez
5262,Rilley
5264,Vinozarks
5265,Ashipson
5266,Poselfle
5268,Flynney
5269,Ewisentley
5271,Thony
5272,Winie
5273,Gallenry
5274,Hineyley
5275,Buckentry
5276,Poustive
5277,Morandry
5278,Subateful
5279,Flynnis
5280,Simpsonks
5281,Haynard
5282,Torrez
5287,Webstephrey
5288,Masquez
5290,Patthews
5291,Gaington
5292,Galoquid
5297,Bushallert
5298,Sweett
5299,Coopezmaney
5300,Klindsayer
5301,Pretive
5303,Hoffergess
5303,Lambleyoun
5304,Brine
5305,Simmonders
5307,Fuelisent
5310,Terry
5312,Prefule
5313,Guezaley
5314,Arible
5315,Toddleton
5316,Ses
5320,Callower
5320,Opshoent
5322,Parté
5323,Cort
5325,Blandez
5326,Khart
5327,Ticiay
5330,Oconley
5331,Woodgezalez
5333,Andley
5334,Connon
5337,Bre
5340,Carsoning
5341,Greenez
5343,Resty
5344,Prieress
5345,Cheen
5346,Kaney
5347,Caljoiry
5348,Sache
5350,Foraud
5351,Knike
5353,Reelest
5354,Letty
5354,Kraie
5355,Deckley
5356,Winsley
5359,Hinglendez
5360,Nake
5361,Brantuarez
5362,Prearright
5363,Apeau
5365,Whiters
5366,Calved
5367,Fruidy
5368,NoSurname
5372,Mith
5374,Loverthyo
5375,Tramsor
5378,Alenter
5379,Meyersones
5380,Kité
5383,Foxter
5384,Dinger
5385,Cako
5387,Ste
5388,Chaellerty
5389,Prity
5390,Owerson
5392,Stik
5394,Nanie
5395,Traie
5396,Flaie
5397,Jamai
5401,Savaraldez
5402,Erpie
5404,Gentledges
5406,Langatein
5408,Gene
5410,Frasp
5411,Scoudelle
5412,Patthews
5413,Boyerson
5414,Buckentry
5415,Hartz
5416,Saf
5418,Burta
5420,Merrelliss
5421,Steinardson
5422,Sperap
5423,Prine
5424,Dal
5425,NoSurname
5427,Stie
5427,Blane
5430,Colomonson
5431,Wheelez
5434,Garnes
5435,Blane
5436,Gilleranks
5437,Soun
5438,Puckley
5440,Beckeey
5441,Spoilling
5443,Hickley
5445,Alfordonard
5446,Bucknersony
5447,Dutty
5447,Coune
5450,Keithunts
5451,Rodger
5452,Mander
5453,Gallencis
5454,Krake
5455,Nate
5457,Horners
5458,Diazarez
5459,Stoile
5462,Part
5463,Balderts
5465,Chité
5466,Matoltuble
5466,Boltund
5467,Garden
5468,Unprive
5469,Subateful
5470,Vales
5471,Loway
5472,Andley
5474,Strony
5475,Lowelliott
5476,Moodsey
5477,Baxterson
5478,Prity
5479,Romason
5480,Ellcefulve
5483,Waltonnedy
5484,Monie
5485,Portananney
5487,Nan
5488,Hoorherve
5489,Welles
5490,Emead
5491,Solon
5492,Prinson
5494,Keithunts
5496,Charryerry
5497,Covetive
5499,Hickley
5500,Cuche
5501,Alldson
5504,Benderez
5506,Speedgear
5507,Saf
5508,Potters
5509,Douglasen
5510,Ingston
5511,Gallenry
5512,Chsere
5514,Monroellynn
5515,Prestonard
5517,Brazo
5520,Nasquez
5521,Boltertley
5522,Hinglendez
5523,Pearsalason
5524,Hendrys
5526,Stroyledgez
5527,Dickman
5527,NoSurname
5528,Peckerson
5529,Unfile
5530,Mesty
5531,Brity
5535,Arner
5536,Pure
5537,Bancy
5538,Gele
5539,Officled
5540,Andackson
5541,Kra
5543,Platch
5544,Stité
5545,Rigginsen
5546,Brathful
5550,Poperez
5551,Foledges
5552,Potie
5555,Blanglison
5556,Hanner
5557,Mathison
5559,NoSurname
5560,Birte
5561,Fueling
5563,Cattyried
5566,Gloyanthy
5568,Covetive
5569,Mcfarleys
5571,Nichoan
5572,Pane
5573,Gilleranks
5574,Polliamposs
5575,Nacke
5578,Gainebergan
5580,Vaught
5581,Frolestty
5582,Hersons
5583,Inghtal
5585,Popelazquez
5586,Reyersendry
5587,Deckerson
5589,Hermanapp
5591,Ewiseston
5592,Quith
5594,Lewinton
5595,Craftstens
5596,Sorbitter
5598,Thony
5599,Caming
5601,Vandan
5602,Sedece
5603,Cluitty
5606,Paterpad
5606,Dectory
5608,Mclainez
5609,Russon
5610,Dicely
5611,Clutchor
5613,Hardonald
5614,Coolerson
5615,Wardendez
5616,Fryersonis
5618,Lynnerett
5619,Freder
5622,Nolds
5623,Gouldensen
5625,Cart
5625,Nane
5625,NoSurname
5626,Vinston
5627,Stanters
5628,Potthews
5629,Sterson
5631,Boltond
5637,Simson
5639,Ewins
5640,Rinicapead
5642,Supred
5643,Karte
5643,NoSurname
5644,Hake
5645,Wagnerray
5646,NoSurname
5647,Matoltuble
5647,Tachor
5648,Braned
5650,Coopezmaney
5651,Franton
5652,Franchaney
5653,Wardendez
5655,Browlerson
5659,Alberts
5661,Ellahan
5662,Wolferguson
5663,Ressing
5667,Combson
5671,Acobsond
5673,Bradlerson
5674,Unsible
5677,Fisun
5679,Casonston
5680,Blanglison
5681,Ellson
5684,Busive
5684,Folhal
5685,Bryants
5686,Cry
5687,Mccarry
5688,Newtontoss
5689,Scotterkins
5692,Madan
5693,Blacks
5695,Collinson
5696,Mcgoway
5698,Mulley
5698,NoSurname
5700,Ricks
5701,Fincy
5702,Estron
5704,Callowery
5705,Chanan
5706,Kerrealds
5706,Marshopper
5707,Alvasquez
5709,Amblereld
5710,Sterson
5711,Mullericer
5712,Mostedry
5713,Blangibson
5714,Farleyatton
5714,Hamcmahon
5716,Jimes
5717,Fowles
5718,Kaney
5719,Tranciams
5721,Mostedry
5722,Ington
5723,Puff
5724,Sweenez
5725,Joycerton
5726,Dindeng
5727,Santin
5728,Wolferguson
5729,Merie
5730,Moodman
5732,Ocherman
5733,Kerrealds
5733,Buckeelez
5735,Peterstarks
5736,Maynardner
5737,Inicont
5738,Morelly
5739,Cleminglas
5740,Cattle
5740,Alaxed
5742,Rigginsen
5744,Hinglendez
5746,Vandan
5747,Hallahaney
5748,Gealloyalt
5750,Parklaney
5751,NoSurname
5755,Cardner
5756,Dicksons
5756,Briggston
5756,NoSurname
5756,Garden
5757,Salin
5758,Mcguirez
5761,Icablebat
5763,Alentonway
5764,Nolds
5765,Heermy
5767,Josesh
5768,Cattle
5769,Oppont
5771,Fielson
5772,Sidne
5773,Sciatberit
5776,Saundez
5777,River
5778,Pernard
5779,Simsey
5780,Ousious
5781,Harley
5783,Scottuez
5785,Mcgoway
5786,Sarios
5788,Birte
5790,Distured
5791,Sancasey
5792,Subwor
5793,Gloyanthy
5794,Shoeweely
5795,Hodes
5796,Pre
5799,Cres
5800,Llobsoney
5802,Killé
5804,Simpsonks
5806,Snowaney
5808,Josey
5809,Clemondsey
5810,Chapmaney
5811,Fulatorly
5812,Domington
5813,Hortis
5814,Bine
5816,Vines
5817,Berle
5818,Mullericer
5819,Suptive
5820,Tersony
5821,Calazy
5822,Chapmaney
5823,Antoshipson
5824,Contrevins
5825,Apenelexy
5826,Tertchty
5827,Willangsey
5828,Goldendrice
5829,Sancasey
5831,Rosalanenn
5834,Brenney
5835,Avidson
5836,Irintious
5837,Maynardner
5839,Unloweedic
5840,Potters
5842,Maging
5842,Prefule
5843,Hessey
5844,Spencervan
5846,Gerin
5847,Trankliney
5848,Benney
5849,Brightez
5852,Byerry
5854,Olshaffey
5855,Horndley
5856,Wincer
5857,Tinganking
5858,Barberts
5859,Griffince
5860,Raste
5861,Browlerson
5863,Loverthyo
5867,Rocknight
5868,Blangibson
5869,Polliamposs
5871,Flemaney
5874,Simonsents
5875,Nasquez
5876,Cone
5877,Carsoning
5878,Busive
5879,Cooki
5880,Pooley
5882,Morez
5885,Oneiles
5886,Fate
5887,Cochrisons
5888,Blate
5889,Perrerojass
5890,Woody
5891,Steeletters
5894,Navages
5897,NoSurname
5898,Dickley
5900,Nutca
5901,Castannison
5902,Win
5903,Doughan
5905,Byerry
5906,Santin
5907,Jarvey
5908,Brooker
5909,Fryan
5912,Joycerton
5913,Peterive
5915,Mcneiley
5916,Meltonway
5919,Heracker
5920,Buckeenez
5921,Campson
5922,Bairdyork
5923,Batte
5924,Brantuarez
5925,Rotter
5927,Sysilstict
5927,Ballexy
5928,Slates
5930,Geakerat
5931,Clugeammy
5933,Gerin
5934,Mcfaddenson
5938,Floydendley
5939,Queke
5941,NoSurname
5944,Kerristicey
5945,Morez
5945,Flynner
5946,Mille
5947,Stment
5949,Shbre
5950,Fowlesterez
5951,Landolphrey
5952,Giba
5953,Graie
5954,Port
5955,Sturt
5956,Kramosley
5957,Chuble
5959,Praugnox
5960,Dister
5963,Bane
5965,Beckerson
5967,Duranks
5968,Dayers
5969,Reenez
5970,NoSurname
5971,Kinad
5972,Kiddley
5973,NoSurname
5974,Manda
5975,Sageng
5976,Mane
5977,Inesely
5977,NoSurname
5977,Porkilte
5980,Trallect
5981,Quart
5983,Knike
5984,Kin
5985,Wooterston
5986,Flesping
5987,Stannondez
5988,Curle
5989,Holcompton
5990,Castannison
5991,Cralinal
5992,Bowenasey
5993,Jaf
5994,Kerristicey
5995,Burtiz
5998,Haydenzier
5999,Hermane
6000,Bart
6001,Coolez
6003,Spencervan
6004,Meate
6006,Monpreery
6007,Kochroeders
6008,Cookson
6010,Harley
6011,Hoodgers
6014,Hurchrisong
6015,Demansty
6016,Gardonadox
6017,Manie
6019,Tersimpson
6020,Hanner
6022,NoSurname
6024,Fowlaney
6025,Hales
6026,Prie
6027,Coweboded
6028,Preeldy
6029,Balderts
6030,Ellson
6030,Steinardson
6031,Alshipson
6032,Haynardy
6032,Mcdowns
6032,Hurchez
6033,Bancy
6034,Pette
6035,Morsentley
6036,Stpingepid
6038,Apple
6039,NoSurname
6039,Powery
6040,Sterreray
6041,Potie
6042,Bost
6043,Reilline
6045,Matoltuble
6047,Russon
6048,Clake
6049,NoSurname
6052,Rushorney
6054,Kie
6055,Prefule
6058,Ecart
6059,Rices
6061,Jacostaney
6062,Sesa
6064,Radisiouss
6065,Rodricker
6066,Mallisly
6067,Perkinson
6068,Kimons
6069,Buthe
6070,Fate
6071,Delazarson
6073,Sau
6075,Sofraten
6076,Cames
6077,Lewintos
6080,Stephendsey
6082,Carpennels
6085,Gainney
6086,Tairbatic
6087,Rodger
6090,Bra
6091,Lynnerett
6092,Singtons
6094,Brathful
6095,Rapie
6096,Wooes
6098,Contrevins
6099,Jarvey
6101,Lambucketty
6102,Figuez
6103,Hardsonerry
6105,Hontichre
6106,Calian
6107,Willangsey
6108,NoSurname
6109,Inghtal
6110,Warrishales
6111,Folumorly
6112,Sad
6115,Anpie
6116,Hart
6117,Spassive
6118,Pité
6120,Flynnis
6121,Presstic
6122,Burnewman
6123,Ancy
6124,Cofferson
6126,Sechausive
6127,Crueld
6128,Serry
6130,Fatchanble
6132,Concy
6133,Gaineyerson
6135,Ellahan
6136,Mcdanield
6137,Serry
6137,Milton
6138,Frie
6139,Bewarsecal
6139,Reedall
6141,Haydenzier
6141,NoSurname
6143,Browlerson
6145,Asolipery
6146,Groforacid
6148,Sueke
6149,Gallencis
6150,Anthon
6152,Motled
6153,Genuild
6155,Bardina
6156,Gaineyerson
6157,Bost
6158,Jacobbinson
6162,Hineyley
6163,Briggins
6166,Handertiz
6167,Garrincent
6168,Gordond
6169,Harley
6170,Hurchanney
6171,Rigginsen
6172,Dombsoney
6173,NoSurname
6174,Mcbriddley
6174,Fisheparks
6175,Pittler
6175,Chanan
6176,Kinie
6178,Nichaner
6179,Fanbox
6180,Floways
6181,Muspereed
6182,Whitledges
6184,Lopelases
6186,Ancy
6189,Garnes
6191,Ametic
6192,Nolds
6194,NoSurname
6199,Spien
6200,Duckil
6201,Sempribly
6205,Sulie
6206,Pughlinsons
6207,Brity
6208,Burie
6211,Botie
6213,Vincenton
6215,Sterly
6216,Perta
6218,Villenson
6219,Carrishley
6220,Jacostaffey
6222,Lewintos
6223,Nache
6224,Rodger
6225,Deckerson
6227,Cookson
6228,Maystuarey
6229,Perne
6230,Facke
6232,Gulthler
6234,Bun
6236,Hickson
6237,Spien
6238,Mity
6239,Irwines
6241,Russelloyd
6243,Maystuarey
6245,Estron
6246,Nuthe
6248,Griffince
6249,Scottuez
6250,Roses
6251,Hahnstonsen
6252,Chort
6253,Pota
6254,Pokeck
6256,Canton
6262,Pane
6263,Craleve
6264,Rodger
6265,Puckenton
6266,Saley
6268,Manie
6270,Puckenton
6271,Wrempeedly
6273,Fisty
6274,Brie
6276,Grifford
6277,Haynardy
6279,Alcemblery
6280,Pettyreeman
6281,Beckeey
6282,Gelle
6283,Chanan
6285,Whealeed
6289,Horthy
6290,Beangley
6292,Chardsons
6293,Sweekstarks
6296,Balightal
6297,Batestonley
6299,Femoused
6300,Pure
6301,Logannon
6302,Mullon
6302,Simsey
6302,Rostarks
6302,Joycerton
6304,Clutolded
6305,Parbleake
6308,Cofferson
6309,Goldendrice
6309,Rodricker
6313,Sempribly
6315,Susent
6316,Woodwinton
6317,Lewintos
6318,Pughanders
6319,Hammonton
6320,Ste
6321,Pusive
6322,Cooperkins
6323,Tionstious
6323,Unkcal
6324,Hinetthews
6325,Benney
6325,Beasleyes
6326,Hinetthews
6327,Casty
6328,Hoppers
6330,Avidson
6331,Laturive
6334,Jenson
6334,Simmonders
6335,Potterry
6338,Fishopper
6339,Schmondez
6340,Pressive
6341,Cre
6343,Start
6344,Reynoldez
6346,Perta
6347,Gambs
6348,Unhaftimle
6349,Frasp
6351,Mirezavis
6353,NoSurname
6354,Carreralend
6355,Foledges
6356,Currisones
6357,Pacerty
6360,Clumsty
6361,Barbes
6363,Gouldensen
6365,Glogry
6366,Benderez
6367,Botte
6368,Bartines
6369,Holcompson
6370,Kart
6371,Burnerez
6372,Resendent
6372,Reelest
6373,Denashipson
6374,Prickmantes
6376,Barte
6378,Foxter
6380,Fryersonis
6381,Fitzgerson
6385,Duncy
6388,Peckerson
6390,Kellson
6394,Lambleyoun
6394,Alberts
6396,Mandez
6397,Irwines
6398,Belley
6399,Serry
6400,Slable
6402,Knoxonway
6402,Bradamss
6404,Drakeekss
6405,Toddleton
6406,Belstrut
6407,NoSurname
6408,Crosbornes
6409,Evedorsen
6411,Onell
6412,Farmonrada
6413,Undrude
6414,Kellson
6415,Potie
6416,Deckerson
6418,Beachez
6419,Holcompson
6421,Redand
6422,Panie
6422,Peake
6424,Hardley
6428,Pumbody
6430,Byerton
6431,Kramosley
6432,Stradick
6433,Prité
6433,NoSurname
6434,NoSurname
6436,Barks
6437,Drakeekss
6439,Brightez
6442,Gainebergan
6443,Patrichane
6443,Cartyernan
6443,Cochrisons
6444,Domington
6446,Yatters
6447,NoSurname
6448,Villenson
6449,Empie
6450,Unative
6451,Panad
6452,NoSurname
6452,Woodwardy
6453,Harmontry
6454,Byerton
6455,Unative
6456,Gainney
6457,Morrows
6458,Swin
6459,Olshaffey
6461,Moodmandez
6462,NoSurname
6462,Cure
6463,Jacobbinson
6464,Ellahan
6468,Crité
6470,Chardst
6471,Cardners
6472,Steary
6473,Chpie
6475,Ses
6477,Witeronfus
6478,Hac
6480,Dotsondez
6481,Bulliamoses
6482,Letie
6485,Haydenzier
6487,Solon
6488,Ingwhed
6489,Balley
6490,Ineded
6490,Ightive
6492,Bushallert
6493,Dillips
6494,Mushe
6500,Ingston
6501,Weberts
6502,Mcdanield
6503,Mcfarley
6508,Braymon
6509,Adavisons
6510,Tairbatic
6511,Gainney
6512,Oillepint
6512,Drivery
6512,Goortedant
6513,Pread
6514,Openduave
6514,Stersetery
6517,Bertiz
6520,Horndley
6522,Garden
6523,Bardina
6525,Cardners
6526,Larks
6529,Williotters
6530,Bun
6531,Hineyley
6535,Cread
6539,Hednigic
6540,Cleminglas
6541,Lowelliott
6544,Pumpeshaft
6545,Shieldson
6546,Pottonalden
6547,Pert
6548,Kellyons
6549,Flate
6552,Webstenson
6553,Phillis
6556,Gine
6557,Airdring
6558,Cleminglas
6560,Reynoldez
6561,Ainserfle
6562,Stephendsey
6563,Gainney
6565,Emead
6567,Buchansen
6568,Jacostaney
6569,Slatessen
6570,Brightez
6572,Rothewson
6573,Mosepherry
6574,Covetive
6578,Chcak
6578,Stre
6580,Peterstarks
6582,Platch
6583,Sunlove
6583,Asivetfuel
6585,Hornettoney
6588,Moodsey
6590,Nifficaus
6591,Mcfarleys
6592,Meate
6593,Matts
6594,Schmondez
6595,Simstravery
6598,Mepie
6599,Esseal
6601,Farrez
6602,Cookson
6603,Conca
6604,Unsive
6606,Kellyons
6608,Rochaserry
6609,NoSurname
6611,Philloway
6613,Sawyerson
6614,Katte
6616,Webstephrey
6618,Geneltic
6620,Smalls
6621,Summington
6622,Lynnerett
6623,Geraing
6624,Prickmantes
6625,Garden
6626,Farrowns
6628,NoSurname
6630,Singlents
6631,Suasharic
6633,Motive
6634,Dischod
6635,Entratable
6637,Sinda
6638,Hurchez
6639,Strony
6641,Diateous
6642,Cohendright
6643,Foxter
6645,Scotterkins
6646,Campson
6647,Hermane
6649,Wartyson
6650,Beasleyes
6652,Hersons
6654,Griffince
6654,NoSurname
6655,Raf
6656,Suarging
6659,Stpie
6660,Horndley
6662,Whitez
6662,Blange
6663,Hickerson
6664,Barnoldeney
6665,Disivering
6667,Cisorter
6668,NoSurname
6668,Walston
6669,Kiddley
6670,Burchard
6671,Mare
6672,Deva
6673,Phillis
6674,Swirring
6674,Slowatic
6675,Gouldensen
6675,NoSurname
6676,Ourcul
6680,Puckley
6681,Lerez
6683,Coolerson
6684,Exhaft
6691,Schwardson
6692,Syncepul
6693,Cleman
6694,Mcneiley
6697,Irwines
6698,Hayersents
6699,Paie
6702,Carverson
6706,Dishocatal
6707,Thomason
6708,Sysilstict
6708,NoSurname
6709,Antoshipson
6711,Perle
6713,Sweene
6718,Mcfaddoxter
6719,Cres
6720,Guieroolow
6721,Cleminglas
6722,Dicely
6724,Haftent
6725,Cratrave
6726,Dyers
6727,Humphreyes
6729,Dedometeel
6729,Brathful
6730,Kerristicey
6731,Rochan
6734,Sparsaxle
6736,Erry
6739,Stantiagord
6741,Reyersendry
6742,Talls
6744,Nan
6745,Mcinton
6746,Mcinton
6747,Alaxed
6748,Scake
6749,Barrelliver
6750,Goody
6751,Berle
6753,Frablerly
6754,Gealably
6756,Pittson
6757,Dato
6758,Gaineyerson
6760,Pri
6761,Curte
6761,Horte
6762,Jenkinnedy
6763,Berges
6764,Rake
6765,Fache
6766,Nieldson
6766,Warrishales
6773,Greeves
6774,Steinardson
6775,NoSurname
6776,Mcgoway
6778,Fielson
6779,Busive
6779,Stioutody
6780,Plaricit
6782,Ments
6784,Currisones
6786,Hendrewsons
6787,Booneid
6787,Hurchanney
6788,Weberton
6789,Mone
6792,Reate
6794,Conie
6796,Kellyons
6798,Jacostarks
6799,Namsheary
6800,Krampbelles
6801,Imprank
6802,Disteady
6805,Suasharic
6806,Gallenry
6808,Santantines
6810,Knik
6813,Newtontoss
6814,Potte
6816,Ewiseston
6816,Mcfarley
6817,Bakericks
6818,Midtt
6820,Dickman
6821,Grifford
6822,Bradamss
6824,Burker
6825,Kinad
6825,NoSurname
6826,Harrenoldez
6827,Listive
6829,Hubbarrison
6831,Holson
6832,Wala
6833,Mccarveymon
6834,Coolez
6837,Carté
6839,Fryan
6840,Sake
6841,Meate
6843,Rimplighty
6844,Brin
6848,Ambleetive
6850,Wolferton
6851,Bookerson
6853,Cathome
6854,Bate
6857,Jenson
6858,Spandisket
6859,Harry
6861,Lambucketty
6862,Mcfaddennon
6863,Patrichane
6864,Scoudelle
6865,Peducting
6866,Hetforhaft
6868,Brookenson
6869,Philloway
6871,Rickson
6873,Hervel
6879,Englence
6880,Mepie
6882,Dake
6883,Wolferguson
6885,Vloaf
6887,Patrichane
6889,Santuez
6891,Casty
6892,Merkins
6893,Dreamspric
6894,NoSurname
6894,Hacle
6895,Conachets
6896,Khake
6898,Bootious
6899,Coweboded
6900,Hendrys
6901,Opie
6902,Idalpus
6903,Woodwinez
6905,Acobson
6906,Pelte
6906,Bun
6907,Mcmahoney
6908,Swinvul
6910,Johnsondez
6911,Sutte
6912,Slomed
6913,Hacle
6915,Conca
6917,Horte
6918,Barris
6920,Wolferguson
6921,Stersetery
6921,Fordulgaug
6924,Solon
6925,Hayerson
6926,Birt
6928,Bookerson
6929,Llovers
6930,Howayery
6931,Amonsmane
6932,Ewiseston
6934,Nutty
6937,Petton
6939,Bears
6940,Steen
6943,Dynatic
6944,Gented
6945,Sophaft
6946,Buckson
6947,Coudered
6947,Obnoble
6949,Dillestron
6950,Pringry
6951,Lendly
6951,Beling
6954,Flie
6957,Sloweber
6960,Bonnondry
6962,Gibbsonton
6963,Boste
6964,Thonyderson
6966,Freevenson
6967,Oilpfulle
6968,Yanton
6970,Gin
6970,Pread
6971,Distured
6971,Pretive
6972,Jenson
6973,Owerson
6976,Talls
6977,Burker
6978,Chardsonnon
6979,Morelly
6980,Reilline
6981,Cainghannon
6982,Garnes
6984,Hake
6985,Barris
6987,Moongton
6988,Obnoftle
6990,Franton
6991,Disivering
6992,Bakerrison
6994,Obeaded
6994,Bagetvable
6995,Hamberterry
6996,Whitledges
6997,Sfin
6998,Griffy
6999,Buth
7001,Guieroolow
7002,Mickersones
7004,Woodwardy
7005,Castron
7006,Fuenton
7007,Bradissive
7008,Philliames
7010,Quinnerettt
7010,NoSurname
7011,Wagnerray
7013,Lardy
7014,Speery
7015,Geadle
7016,Rosalanenn
7017,Watkinsley
7018,Sturt
7019,Nasquez
7020,Buckson
7021,Lerez
7022,Bleling
7025,Willangsey
7026,Amonsmane
7027,Ashipeck
7028,Reyervaney
7029,Cardsay
7031,Mcphernard
7032,Roachez
7034,Curle
7036,Fryan
7037,Lacke
7038,Dorsenry
7039,Benney
7040,Mcphernard
7041,Panie
7042,Quinnerry
7044,Reake
7045,Bara
7047,Wilderssen
7048,Freevenson
7049,Gallencis
7050,Mcintons
7051,Mad
7052,Stranbeate
7053,Mayson
7056,Secont
7057,Lacke
7058,Bane
7059,Steeletters
7060,Rigginson
7061,Kellson
7062,Fryan
7068,Mcfaddenson
7069,NoSurname
7069,Kellynn
7069,Waltonnedy
7071,Bushallert
7072,Harverez
7073,Hahnstonsen
7074,Denashipson
7077,Oneidson
7078,Wartyson
7079,Woodwinton
7080,Carpennels
7082,Carezquez
7083,Pirejus
7084,Hunterton
7085,Pread
7085,Purle
7086,Hamcmahon
7087,Moreman
7088,Berges
7089,Inging
7090,Wiggs
7091,Garrincent
7092,Gaineyerson
7093,Patthews
7094,Sloweber
7095,Patteraley
7096,Tashal
7097,Dedometeel
7097,Poilsive
7098,Guerson
7099,Warrison
7104,Regmansidy
7105,Norrison
7106,Derry
7109,Healted
7110,Berges
7111,Sche
7113,Simstravery
7114,Ricklaney
7116,Burchard
7117,Secont
7118,Campson
7119,Morrows
7120,Rutler
7121,Dressink
7126,Giller
7127,Belstrut
7128,Catimod
7128,Dightent
7132,Hamcmahon
7133,Delangleton
7134,Kimpson
7137,Duffmaney
7140,Fryersonis
7142,Pre
7143,Buche
7144,Snowaney
7148,Patimonne
7149,Dato
7151,Chen
7152,Domington
7155,Cames
7156,Ramad
7157,Must
7159,Perable
7160,Headardyer
7161,Gealably
7162,Pernard
7165,Walé
7166,Purte
7167,Noxnuther
7168,Mccard
7170,Peckerson
7171,Wardendez
7173,Alldson
7175,Ramoran
7176,Chhaft
7177,Medington
7179,Mullon
7180,Cardners
7181,Date
7182,Ricews
7184,Barnoldeney
7186,Pretive
7186,Mosteraked
7187,Olshaffey
7188,Imingle
7189,Cowtale
7190,Rutler
7191,Bushafford
7192,Hayertez
7193,Whitersone
7194,Waterson
7197,Chica
7199,Bardinard
7200,Coustive
7202,Burksson
7203,Reenon
7205,Flake
7206,Daughessey
7207,Burksson
7208,Gibbsonton
7210,Puckenton
7214,Garzaley
7215,Erte
7216,Owery
7217,Pead
7218,Urablele
7219,Arible
7221,Sonofmory
7224,Carvis
7225,Fawnsive
7226,Reke
7227,Vlake
7229,Leonadorsen
7230,Blancoy
7232,Seatearing
7233,Wala
7234,Merce
7235,Bruthydre
7236,Whitakers
7238,Tirt
7240,Kad
7242,Reeddommy
7246,Khaf
7247,Hurchanney
7249,Burle
7250,Chmad
7252,Sacy
7253,Obedaming
7255,Paynard
7256,Scottney
7257,Gardsondez
7258,NoSurname
7259,Meadoney
7260,Woodwardy
7261,Mondsey
7267,String
7268,Hayerson
7270,Garden
7271,NoSurname
7273,Pacerty
7274,Woodwinton
7276,Spentley
7277,Pittson
7278,Bryants
7279,Prombled
7280,Stike
7283,One
7284,Walterson
7285,Gainney
7289,Purellliss
7290,Bruthydre
7290,NoSurname
7292,Panad
7296,Blane
7297,NoSurname
7298,Blangibson
7300,Emenez
7301,Facke
7302,Fle
7303,Adavisons
7304,Sinda
7305,Strongers
7306,Stroyledgez
7307,Hubbarton
7309,Kinad
7310,Bette
7311,Gordanieves
7313,Kashe
7314,Venticable
7320,Fuentryoung
7321,Kra
7322,Gardsondez
7323,Mcinton
7324,Clugnobse
7326,Barbes
7327,Brity
7328,Cainghannon
7330,Rimplighty
7331,Nacke
7332,Holliams
7334,Schwardson
7336,Lambles
7336,Leodger
7337,Folkshbox
7338,Colte
7339,Fanseld
7340,Blanspe
7341,Horners
7342,Haynard
7343,Mcbriddley
7344,Powery
7346,Blan
7347,Bardsey
7350,Strongers
7351,Loring
7353,Openduave
7356,Merkins
7358,Mirez
7359,Jenson
7360,Joycerton
7361,Rodwative
7365,Wilderssen
7366,Ayalazquez
7367,Letty
7370,Cartiz
7371,Reyersendry
7372,Gallandez
7374,Cre
7376,Mirinanty
7377,Steelerettt
7379,Bryants
7385,Reyerson
7387,Blercat
7388,Mclardson
7390,Wiggs
7391,Coffmaney
7392,Holton
7393,Barks
7394,Strongers
7395,Suasharic
7396,Queldry
7396,Ingent
7396,Monsintic
7398,Stephend
7399,Casonston
7401,Merte
7402,Stioutody
7403,Gibbsonton
7405,Steeletters
7406,Balley
7408,Katte
7410,Cartz
7411,Bakericks
7416,Burcaling
7418,Ses
7419,Bardson
7422,Lardsonald
7425,Balderts
7427,Banie
7428,Fulazy
7429,Pread
7430,Vantonson
7431,Barmant
7432,Amonysidle
7435,Couresteer
7436,Meyersones
7437,Disgul
7437,Clumshangs
7438,Hanner
7442,Morrencis
7444,Thorney
7445,Hoppers
7446,Hopez
7447,Oncy
7448,Bradlerson
7449,Bakericks
7450,Sykess
7452,Sloweber
7453,Aneter
7455,Slavested
7456,Whitez
7457,Fine
7458,Vincenton
7459,Dratembid
7460,Haydenez
7461,Plaricit
7462,Mckinn
7464,Hickett
7472,NoSurname
7475,Leste
7477,Fielson
7478,Porkilte
7479,Berte
7481,Chanash
7483,Winie
7484,Rivanseney
7485,Cousel
7486,Vandez
7487,Sellahaney
7488,Kidne
7490,Garrincent
7492,Bun
7494,Sellahaney
7495,Ropie
7496,Fuelisent
7498,Cola
7499,Hayder
7500,Swin
7501,Burchard
7502,Clutolded
7503,Capplid
7504,NoSurname
7505,Fone
7506,Vales
7507,Santin
7508,Exible
7509,Mcneiley
7510,Horte
7512,Berges
7513,Welles
7514,Josesh
7515,Gre
7517,Lunapperts
7518,Droning
7520,Alentonway
7521,Mcintons
7522,Cartyernan
7523,Mcclayton
7524,Simpsonks
7525,Retefule
7527,Flowensley
7529,Combson
7531,Alindiveng
7533,Farrez
7534,Dickley
7535,Robley
7536,Purie
7538,Uncionted
7542,Batestonley
7543,Saley
7544,Brightez
7545,Nguerrettye
7549,Beangley
7550,Bardinard
7552,Callowery
7553,Bushafford
7559,Castannison
7560,Quidedbolt
7561,NoSurname
7563,NoSurname
7565,Praded
7567,Farmonrada
7568,Farleyatton
7569,Sune
7572,Balley
7573,Welltonces
7574,Alindiveng
7576,Alenat
7577,Beston
7578,Popelacruz
7579,Curton
7580,Sweenez
7583,Pert
7584,Swingse
7585,Admingried
7586,Switmorary
7588,Hersons
7592,Wolferton
7594,Supiensive
7595,Owery
7596,Fralledic
7596,NoSurname
7598,Ingston
7599,NoSurname
7601,Starkers
7604,Deeke
7605,Crité
7606,Bau
7608,Ica
7609,Reeddommy
7614,Diabysid
7616,Boyersons
7618,Raney
7620,Cotte
7621,Subcap
7622,Noeley
7623,Valexandez
7624,Emetillove
7625,Burryerson
7626,Stephendsey
7627,Reeddommy
7628,Wala
7628,Stre
7630,Hughriend
7631,Waring
7632,Kepie
7633,Hebernandry
7634,Byerry
7635,Aneetle
7639,Invebodene
7640,Mejiarkerox
7641,Peter
7643,Quelfly
7644,Moorez
7646,Sometery
7647,Lopelases
7649,Reenon
7650,Palmes
7650,Potters
7652,Eguing
7656,Belley
7660,Lisholtery
7661,Water
7665,Wellierras
7666,Emead
7667,Opshosent
7669,Whiters
7670,Meau
7671,Patthews
7676,Chman
7677,Puckenton
7678,Rocknight
7679,Valezaley
7680,Ousious
7682,Solon
7683,Avisnydes
7684,Ressing
7687,Hortez
7688,Harrenoldez
7689,Sextones
7690,Stanleyd
7691,Nate
7692,Aroodint
7693,Roftfuling
7694,Pettyreeman
7696,Hooff
7696,Ches
7697,Fusimodent
7698,Derte
7699,Morez
7700,Bake
7702,Rosalanenn
7703,Gordanieves
7703,NoSurname
7705,Weeke
7707,Simmonders
7708,Chavezalez
7709,Sweett
7710,Eguing
7711,Muspereed
7712,Gealter
7713,Nairconed
7714,Shieldson
7715,Sterson
7716,Panspic
7717,Hultz
7719,Leste
7720,Russelloyd
7721,Khaf
7723,Conate
7724,Trad
7727,Hurchrisong
7728,Cabraseed
7729,Unprive
7731,Suarging
7736,Stik
7738,Blie
7739,Brookenson
7741,Matts
7742,Nake
7743,Alshipson
7744,Prearright
7746,Patoetic
7747,Dal
7748,Obsentork
7749,Pie
7751,Retefule
7752,Berreranks
7753,Puckenton
7754,Imotive
7755,Mullericer
7757,Lowerrudy
7757,Capplid
7760,Coolerson
7761,Watsongley
7761,Water
7763,Lewinez
7764,Saundez
7767,Oconley
7768,Ocherman
7769,Mclarseney
7770,Oneiles
7771,Cofferson
7773,Stephend
7774,Kinad
7775,Disivering
7776,Craleve
7777,Meleon
7778,Saste
7780,Mcmahoney
7782,Pickleve
7783,Wate
7784,Berte
7785,Bucklandez
7786,Adkinson
7787,Cousel
7788,Guerson
7789,Whitledges
7790,Casty
7791,Owerson
7793,Anthompson
7797,Powenoble
7800,Potterry
7801,Coopezmaney
7802,Pead
7803,Tranklinay
7805,Hestes
7806,Mirezavis
7808,Sweenez
7809,Sty
7810,Coopelandez
7812,Depie
7813,Hallahaney
7815,Daviddley
7816,Mclardson
7818,Brenney
7820,Lambles
7821,Mcdowns
7824,Polliamposs
7828,Deckley
7829,Harmontry
7830,Belley
7831,NoSurname
7832,Bart
7833,Spandisket
7834,Cardner
7835,Hoodgers
7837,Kiling
7839,Leson
7840,Warrison
7841,Maynardner
7842,Gepie
7843,Petie
7845,Unhearfus
7847,Boyersons
7848,Pine
7849,Ewisentley
7850,Melie
7851,Cha
7852,Folemonley
7853,Chpie
7856,Contrevins
7858,Kramorry
7859,Jaflé
7861,Wheelez
7863,Popelacruz
7864,Potterry
7865,Secont
7866,Heeroling
7868,Hayerson
7870,Matimple
7871,Stannondez
7872,Wardendez
7872,Sweett
7873,Carpentley
7875,Cattyried
7877,Fultz
7878,Nieldsond
7879,Horthy
7881,Crosbornes
7882,Coxterez
7883,Deckley
7884,Cone
7885,Potters
7886,Gaington
7888,Woodwinez
7889,Gulcepusy
7890,Reenez
7890,Scottney
7891,Duffmaney
7892,Mity
7894,Jacostarks
7895,Brooke
7897,Ancontaked
7899,Hinesh
7899,Boyers
7901,Curie
7902,Villenson
7902,Georgasey
7903,Weberton
7904,Pughlinsons
7905,Axlentindy
7907,Nate
7908,Aneetle
7910,Rushing
7913,Whitakers
7914,Munozaley
7916,Mayods
7918,Flé
7919,Hoodgers
7920,Backe
7922,Llobsoney
7924,Mondalley
7926,Paynard
7929,Dissper
7930,Bardsey
7935,Rodger
7936,Morelly
7936,Franey
7937,Skessid
7939,Foxter
7940,Hinglendez
7941,Apedishaft
7943,Spedlybood
7944,Reewerpic
7945,Vloaf
7946,Hooperez
7947,Shbre
7949,Barkeretton
7950,Ingston
7950,NoSurname
7952,Sueke
7954,Waltonson
7955,Jorden
7957,Balderts
7958,Frazo
7960,Quinnerettt
7962,Dillines
7967,Ricews
7968,Nutte
7970,Wassird
7972,Cattyried
7973,Drelcate
7974,Geatenth
7976,Meltonway
7981,Paulllegory
7982,NoSurname
7982,Bealvewd
7983,Wassird
7984,Birt
7985,Bulliamoses
7986,Pimne
7987,Boyst
7988,Wirdley
7989,Baketton
7990,Dorsenry
7993,Frakepeed
7994,Stanleyd
7995,Stiviorad
7996,Kimons
7999,Bealvewd
8000,Bucklandez
8003,Tre
8004,Gread
8005,Olivasquez
8006,Morrencis
8007,Gilleyons
8010,NoSurname
8012,Bache
8014,Brightez
8015,Pulgaly
8015,Fansty
8016,Edwartizman
8018,Popelazquez
8019,Anpie
8020,Callowery
8021,Blandez
8023,Mallisly
8024,Bushallert
8025,Stiviorad
8026,Ruité
8027,Kirks
8027,Logannon
8029,Gainebergan
8030,Carrishley
8031,Emoted
8032,Couresteer
8034,Bost
8035,Staf
8036,Maldon
8037,Harley
8038,Gocent
8042,Shephendry
8043,Oppont
8043,Fanseld
8046,Haynard
8049,Workmans
8050,Frazie
8052,Serry
8053,Burie
8054,Reste
8055,Baxterson
8056,Ausivetpul
8057,Sersocatic
8058,Hayertez
8059,Merrelliss
8060,Chman
8063,Loway
8064,Erte
8064,Swin
8066,Min
8067,Bardson
8068,Mcfarmerson
8069,Greded
8071,Klindsey
8072,Prombled
8075,Starkers
8076,Emetillove
8077,Watsongley
8078,Davispinoz
8079,Hubbarton
8081,Ambleetive
8082,Cochrisons
8083,Wolferton
8084,Idercaling
8085,Avisley
8086,Rochaserry
8087,Ousious
8088,Sacy
8088,Kart
8089,Peter
8091,Bushallert
8092,Pulgaly
8094,Pokebox
8097,Meroliss
8098,Mosteraked
8102,Castron
8103,Botie
8105,Villenson
8106,Rigginsen
8107,Ewisentley
8108,Evedorsen
8112,Dickley
8115,Prieress
8116,Prin
8117,Pernised
8118,Browlerson
8119,Tersimpson
8120,Pacticious
8121,Kimpson
8122,Coning
8123,Newtontoss
8124,Paynard
8128,Queke
8129,Casonston
8130,Mcbriddley
8131,Shbre
8133,Suncy
8135,Coudered
8136,Inderad
8137,Fielson
8138,Whitneyes
8139,Mirezavis
8140,Chapmaney
8141,Belley
8143,Vines
8144,Donotaked
8144,Chsere
8147,Pittler
8148,Cartez
8149,Contrevins
8150,Kart
8152,Bullisey
8153,Hickett
8156,Yorkland
8157,Morelly
8158,Repie
8159,Guerson
8161,Pooles
8162,Fringh
8164,Wolfernan
8165,One
8167,Foxter
8168,Carpentley
8168,Boyers
8171,Beckerson
8173,Shricatory
8175,Geraing
8176,Guloofant
8177,Wallerson
8178,Weavesend
8182,Fowlesterez
8186,Jenkinnedy
8186,Estiagosen
8189,Fanchy
8190,Ingalt
8191,Gaington
8192,Mcphernard
8194,Puckenton
8197,Sellentry
8199,Drakeekss
8200,Wheelez
8202,Unkcatted
8203,Pernised
8204,Distured
8205,Fulloydez
8207,Buche
8208,Dickley
8209,Mirandry
8210,Ble
8211,Haynard
8212,Tersimpson
8213,Gouldensen
8214,Exnutchor
8216,Bonder
8217,Mcbriddley
8218,Aloubtled
8219,Flynnis
8220,Gulcepusy
8221,Cusa
8222,Sidie
8224,Pooles
8225,Nutty
8226,Mille
8227,Headardyer
8229,Patthews
8231,Fryersonis
8232,Rames
8233,Balderts
8235,Coxterez
8237,Bakerson
8238,Thomason
8239,Garnes
8242,Harmontry
8243,Cooks
8244,Bailes
8247,NoSurname
8248,Casez
8251,Singlents
8252,Nieldsond
8254,Cone
8255,Corman
8257,Bert
8259,Potthews
8260,Daviddley
8260,Dunnisey
8261,Kiddley
8264,Ste
8265,Winsley
8266,Thorney
8267,Cla
8268,Impress
8270,Hart
8271,Delazarson
8272,Fache
8273,Woody
8275,Clake
8276,Oirmplathy
8276,Tractive
8277,Woody
8279,Villenson
8280,Rocholton
8281,Cooks
8282,Jacostaney
8287,Nanie
8288,Sache
8289,Fredersend
8291,Mathison
8292,Igmable
8294,NoSurname
8295,Upead
8297,Charpelaney
8298,Prité
8300,Ratorring
8301,Horbox
8302,Burchrison
8303,Stead
8306,Hardonald
8307,Unkcal
8310,Hiebox
8313,Gainney
8314,Folumorly
8315,Mcneiley
8316,Beckerson
8317,Rocknight
8318,Ropie
8319,Leblanchez
8320,Mckinsond
8321,Farrez
8322,Briouse
8323,Sawyerson
8324,Sextones
8326,Howenters
8328,Huffy
8329,Ington
8330,Patrichane
8332,Dillines
8333,Amincrerus
8334,Flowensley
8335,Flell
8336,Sutte
8338,Empie
8339,Dratembid
8341,Pughlinsons
8342,Sprender
8343,Norrison
8344,Pare
8344,Perie
8345,Franton
8346,Woodwinez
8348,Hotty
8354,Springht
8356,Hurchanney
8360,Valousead
8362,Briggston
8363,Crelaxle
8365,Bardina
8366,Burnewman
8366,NoSurname
8366,Russon
8368,Dayers
8369,Chene
8369,Pette
8371,Lewinez
8373,Crosbornes
8374,Stubtlarle
8375,Valezaley
8376,Rapie
8377,Meau
8378,Bellyonsley
8379,Heney
8380,Carpentley
8381,Vinozarks
8382,NoSurname
8383,Gibbsonton
8384,Contrevins
8386,Chavezalez
8388,Ricks
8390,Sextones
8392,Brightez
8393,Bookerson
8394,Foller
8395,Coniple
8397,Daughessey
8398,Stradick
8401,Susent
8403,Goortedant
8404,Hurles
8405,Bairdford
8406,Merte
8407,Hessey
8409,Hoodgers
8410,Guezaley
8411,Parsoney
8414,Welltonces
8416,Bakericks
8418,Baleful
8419,Mosepherry
8420,Hayder
8421,Flemaney
8423,Bartez
8427,Sosanturney
8429,Donson
8430,Carlsonney
8431,Myling
8432,Currisones
8433,Gilesonston
8437,Tersony
8438,Prist
8441,Loverceson
8442,Fatte
8444,Monsoney
8447,Joyneidez
8448,Haftical
8449,Purellliss
8451,Start
8452,Voliat
8454,Workmans
8456,Calazy
8457,Lopelases
8458,Sempreate
8458,Bealvewd
8459,Morandry
8460,Ewisentley
8462,Klindsey
8463,Hoppernardy
8465,Ches
8466,Leonaldez
8467,Hebernandry
8468,Birt
8469,Cames
8470,Aloubtled
8471,Metiveal
8472,Douglasen
8474,Weaves
8475,Aindlylid
8476,Mille
8477,Hickerson
8479,Cardner
8480,Cartz
8481,Braned
8482,Thonyderson
8483,Clutcheed
8486,Anthompson
8487,Boderbint
8489,Danielps
8491,Panie
8492,Tersimpson
8493,Goodson
8494,Bota
8495,Rupent
8500,Purte
8502,Purte
8503,Coweboded
8504,Moranthons
8506,Benney
8508,Bake
8509,Kaufmaneyes
8511,Moreman
8512,Flyncharlan
8514,Ste
8516,Hopez
8521,Cuplial
8522,Quinnerettt
8523,Vendeck
8524,Conablese
8528,Chanash
8530,Shpie
8535,Petton
8536,Plattering
8537,Nutte
8539,Simsey
8540,Sextones
8541,Rekle
8542,Chate
8544,Booters
8545,Kirks
8548,NoSurname
8549,Grean
8551,Disheract
8552,Hapie
8554,Valezaley
8556,Optionful
8557,Swingse
8559,Make
8560,Hahnstonsen
8561,Sandry
8566,Valexandez
8569,Lisholtery
8570,Russon
8571,Repie
8572,Hoorherve
8573,Harry
8573,Mirezavis
8574,Welte
8574,Rhuba
8577,Kill
8580,Goldendrice
8581,Fawnsive
8581,Meplel
8584,Coopelandez
8585,Kepie
8586,Terry
8587,Fielsenders
8588,Wist
8589,Gealter
8592,Gulthler
8594,Clayson
8595,Stche
8596,Healted
8597,Moreman
8598,Mcbriggins
8599,Scottuez
8602,Weissey
8603,Klinson
8604,Stité
8605,Netshaless
8606,Wolffy
8607,Gainebergan
8609,Cochrisons
8610,Mayson
8611,Mejiaddox
8612,Welles
8613,NoSurname
8614,NoSurname
8615,Buckentry
8616,Coune
8617,Cartiz
8618,Resendent
8619,Heermy
8620,Crité
8623,Hoffergess
8624,Kramorry
8626,Corman
8628,Johnsondez
8629,Hamberterry
8631,Stité
8633,Daughessey
8634,Hurchez
8635,Welles
8636,Ruity
8637,Spien
8638,Holliams
8639,Berle
8640,Hurchrisong
8641,Mille
8642,Berreranks
8643,Ramad
8644,Dunnisey
8645,Arneras
8646,Vertfull
8650,Weberton
8653,Bairdyork
8654,Noelan
8656,Imparmle
8656,Rotter
8657,Harta
8658,Forne
8659,Ryanglasey
8661,Pierry
8663,Hurchrisong
8664,Hallahaney
8667,Kad
8668,Rapie
8669,Cartiz
8670,Williotters
8671,Ticagent
8672,Rilley
8673,Pentical
8674,Resty
8675,Droning
8680,Sty
8681,Derry
8681,Facle
8683,Prinson
8684,Meleon
8685,Midtt
8687,Cartiz
8688,Moodmandez
8691,Pierry
8693,Buckson
8694,Lunapperts
8695,Seen
8696,Alvesssidy
8700,Teake
8701,Rekle
8703,Simpsonks
8704,Facke
8708,Jacostaffey
8709,Cartyernan
8710,Scheron
8712,Snoff
8714,Mad
8716,Graneyes
8717,Freevenson
8719,Invebodene
8719,Alcemblery
8720,Bartines
8721,Tronsive
8722,Pine
8723,Traverdy
8727,Bulliamoses
8728,Fulloydez
8729,Rewmid
8732,Jacostaffey
8733,Wolfernan
8734,Johnshines
8735,Ryanglasey
8736,Pota
8741,Alaring
8741,Stichseary
8743,Villenson
8744,Holton
8749,Cuche
8750,Carlsonney
8751,Weavesend
8752,Strad
8753,Sellentry
8754,Popelazquez
8755,Alvercal
8757,Danielps
8759,Chate
8760,Alvasquez
8762,Cardner
8764,Gene
8766,Mine
8769,Ches
8770,Waderoachez
8770,Morgerson
8771,Boyersons
8772,NoSurname
8772,Motled
8773,Ica
8774,Gentledges
8776,Headardyer
8779,Brensonsen
8780,Bryangton
8781,Flowensley
8782,Butty
8783,Wate
8785,Llobsoney
8786,Fringearty
8787,NoSurname
8789,Cartez
8790,Fawnsive
8791,Meleon
8794,Slatessen
8796,Traverdy
8796,Jorden
8796,Bakerson
8797,Bradamss
8798,Mcculley
8799,Boltond
8801,Vincenton
8802,Unsible
8805,Rasmussony
8806,Clake
8807,Polliamposs
8808,Folemonley
8809,Cooperkins
8811,Goods
8812,Part
8813,NoSurname
8815,Tranklinay
8816,Diouselt
8817,Mirezavis
8818,Ballocks
8819,Sancasey
8820,Hahnstoneal
8821,Lewinez
8822,Spopting
8823,Jamad
8824,Whiters
8825,Halexandez
8826,Hednigic
8827,Mclarseney
8828,Robersondez
8830,Vloaf
8831,Beake
8833,Vanglis
8834,Howayery
8835,Bartines
8836,Mcinton
8838,Chanash
8840,Litthews
8841,Derry
8842,Amspring
8843,Rinicapead
8844,Wynneyerson
8845,Coolez
8848,Lacke
8849,Chanash
8850,Kie
8852,Homin
8853,Ellahan
8854,Hammons
8856,Mckinsond
8858,Ricled
8860,Mity
8860,Vloaf
8861,Secened
8862,Myling
8862,Cluted
8863,Greeves
8864,Pert
8865,Sancockett
8867,Ambleetive
8868,Loverthyo
8869,Starkers
8871,Benney
8872,Surry
8874,Popelacruz
8876,Suarging
8878,Rames
8880,Cure
8881,Garnettiz
8883,Monroellynn
8884,Mckins
8885,Anake
8886,Mclarseney
8889,Russelloyd
8890,Tersimpson
8891,Pooley
8892,Ricklaney
8894,Shpie
8896,Pri
8897,Hoppers
8899,Bookson
8900,Landolphrey
8901,Cousel
8902,Goodson
8903,Herreras
8904,Welles
8905,Dutte
8906,Gainney
8907,Booters
8910,Crayeson
8918,Hayder
8919,Crantiale
8920,Openduave
8922,Pager
8923,Fuentryoung
8926,Pooles
8928,Hoodjuded
8930,Cleachrand
8932,Blanglison
8937,Unaasor
8938,Must
8939,Sweett
8940,NoSurname
8941,Perie
8942,Haftical
8944,Hobbinson
8945,Cralinal
8947,Mish
8948,Hetforhaft
8954,Torrez
8955,Trankliney
8956,Bonnondry
8959,Unhearfus
8961,Blancoy
8961,Wilderssen
8964,Grean
8966,Bush
8967,Mayson
8968,Watorivedy
8969,Turtertive
8970,Clugeammy
8972,Spore
8973,Flynner
8975,Goffey
8976,Robbson
8977,Graie
8978,Perne
8981,Rames
8982,Buckleinson
8983,Mayder
8985,Blancoy
8986,Kirklander
8987,Reshory
8988,Fowlesterez
8988,Malliamsey
8989,NoSurname
8989,Invebodene
8992,Brin
8993,Hahnstonsen
8996,Nalanet
8997,Guerson
8998,Englence
8999,Raste
9001,Chardsonnon
9003,Llobsoney
9004,Plegred
9006,Tinganking
9007,Bookerson
9008,Herreras
9009,Shephendry
9010,Pelte
9011,Anthompson
9012,NoSurname
9013,Prestonard
9014,Dishearly
9015,Perable
9018,Beachez
9019,Alldson
9020,Pottonalden
9021,Chake
9023,NoSurname
9024,Jamai
9026,Boyers
9028,Starkers
9029,Berle
9030,Ericksonga
9031,Bairdyork
9032,Late
9034,Crakete
9034,Headmish
9034,NoSurname
9035,Coleyanglas
9036,Barris
9037,Stike
9038,Listive
9041,Lambucketty
9042,Clunic
9043,Erle
9046,Cratrave
9048,Garzaley
9049,Grentual
9052,Hestes
9057,Statch
9059,Gregordy
9060,Charryerry
9061,Flate
9064,Parrett
9066,Dotsondez
9068,Clinarfork
9069,Brakeng
9069,Taketiatim
9071,Woody
9072,Creke
9073,Shricatory
9074,Trerady
9075,Nolds
9076,Simonsents
9077,Sawyerson
9078,Johnshines
9079,Kellyons
9080,Kenzierry
9081,Clemondsey
9081,NoSurname
9084,Mone
9085,NoSurname
9085,Hometerval
9089,Newtontoss
9094,Hayertez
9097,Mille
9098,Barnolaney
9099,Boltond
9101,Frazie
9103,Mcdanield
9104,Foraud
9106,Mccarveymon
9107,Callowery
9108,Shawforden
9110,Armstromez
9111,Gecre
9112,Brin
9114,Healist
9115,Wolffy
9116,Franton
9118,Malliamsey
9119,Miltongson
9120,Maynardner
9122,Schmondez
9124,Tert
9125,Corie
9126,Knie
9127,Pittler
9128,Briggston
9129,Graneyes
9130,Corte
9131,Wirybody
9132,Ancy
9134,Leonadorsen
9136,Hestes
9137,Curry
9139,Paste
9140,Klindsayer
9141,Valing
9142,Holson
9144,Rutler
9145,Curton
9148,Paulllegory
9149,Dompreced
9150,Schmondez
9151,Min
9152,Mirezavis
9156,Geneltic
9157,Navages
9157,Donson
9158,Maglible
9159,Mallerez
9160,Booness
9161,Lopelases
9163,Edwartizman
9164,Gread
9165,Cofferson
9167,Donson
9168,Cassiding
9169,Iccle
9170,Ewins
9172,Bardinard
9173,Cartez
9174,Lunapperts
9175,Dectory
9176,Mcneiderson
9178,Barnoldeney
9179,Tranciams
9180,Emone
9181,Gilesonston
9183,NoSurname
9184,Holcompson
9185,Mckinn
9186,Homin
9188,Pager
9189,Barnoldeney
9190,Mclarseney
9192,Drakeekss
9193,Howence
9194,NoSurname
9194,Subwor
9195,Purle
9196,Poustive
9197,Platch
9199,Dianket
9201,Hoffergess
9202,Eguing
9203,Fort
9205,Brakeng
9205,NoSurname
9208,NoSurname
9208,Shieldson
9211,Steelerettt
9213,Hurchanney
9217,Mckinsond
9218,NoSurname
9219,Workmanson
9220,Meyerthy
9220,Barrilloney
9221,Beachez
9222,Chate
9224,Reke
9225,Meyersones
9226,Connelson
9227,Hinglendez
9230,NoSurname
9231,Paie
9233,Giller
9234,Bushins
9235,Burchrison
9237,Floways
9239,Minen
9241,Fone
9242,Bakerrison
9244,Francock
9246,NoSurname
9247,Cleang
9248,Perle
9250,Reedectied
9251,Kashe
9252,Stranbeate
9253,Thomason
9254,Mallerez
9256,Franton
9257,Apple
9259,Gilleyons
9261,Casentry
9264,Sionerorly
9267,Opshaft
9268,Baldson
9270,Mckinsond
9272,Simson
9274,Bullisey
9275,Conable
9276,Noxnuther
9278,Mondalley
9279,Connon
9280,Hontichre
